task,category,metric,direction,rank_num,top1_flag,model,model_short,source,leaderboard_rank,score_mean,score_std,is_trimole,endpoint_config
TDC.AqSol,Absorption,MAE,lower_better,1,1,MiniMol,MiniMol,TDC leaderboard,1,0.741,0.013,False,
TDC.AqSol,Absorption,MAE,lower_better,1,1,Chemprop-RDKit,Chemprop-RDKit,TDC leaderboard,2,0.761,0.025,False,
TDC.AqSol,Absorption,MAE,lower_better,1,1,DeepMol (AutoML),DeepMol,TDC leaderboard,3,0.775,0.006,False,
TDC.AqSol,Absorption,MAE,lower_better,1,1,AttentiveFP,AttentiveFP,TDC leaderboard,4,0.776,0.008,False,
TDC.AqSol,Absorption,MAE,lower_better,1,1,MapLight + GNN,MapLight+GNN,TDC leaderboard,5,0.789,0.003,False,
TDC.AqSol,Absorption,MAE,lower_better,1,1,Trimole-Hybrid,Trimole,v36 final formal 5-run,1,0.738443,0.000456,True,FP-XGB + K+E + XL blend
TDC.Bioav,Absorption,AUROC,higher_better,21,0,MiniMol,MiniMol,TDC leaderboard,1,0.942,0.002,False,
TDC.Bioav,Absorption,AUROC,higher_better,21,0,MapLight + GNN,MapLight+GNN,TDC leaderboard,2,0.938,0.002,False,
TDC.Bioav,Absorption,AUROC,higher_better,21,0,ZairaChem,ZairaChem,TDC leaderboard,3,0.935,0.006,False,
TDC.Bioav,Absorption,AUROC,higher_better,21,0,MapLight,MapLight,TDC leaderboard,4,0.93,0.002,False,
TDC.Bioav,Absorption,AUROC,higher_better,21,0,SimGCN,SimGCN,TDC leaderboard,5,0.929,0.01,False,
TDC.Bioav,Absorption,AUROC,higher_better,21,0,Trimole-Hybrid,Trimole,v36 final formal 5-run,21,0.722248,0.004048,True,KPGT chem ExtraTrees
TDC.Caco2,Absorption,MAE,lower_better,5,0,CaliciBoost,CaliciBoost,TDC leaderboard,1,0.256,0.006,False,
TDC.Caco2,Absorption,MAE,lower_better,5,0,XG Boost,XG Boost,TDC leaderboard,2,0.274,0.004,False,
TDC.Caco2,Absorption,MAE,lower_better,5,0,MapLight,MapLight,TDC leaderboard,3,0.276,0.005,False,
TDC.Caco2,Absorption,MAE,lower_better,5,0,BaseBoosting,BaseBoosting,TDC leaderboard,4,0.285,0.005,False,
TDC.Caco2,Absorption,MAE,lower_better,5,0,MolMapNet-D,MolMapNet-D,TDC leaderboard,5,0.287,0.005,False,
TDC.Caco2,Absorption,MAE,lower_better,5,0,Trimole-Hybrid,Trimole,v36 final formal 5-run,5,0.283647,0.00229,True,ChemBERTa+KPGT ExtraTrees
TDC.HIA,Absorption,AUROC,higher_better,1,1,MiniMol,MiniMol,TDC leaderboard,1,0.993,0.005,False,
TDC.HIA,Absorption,AUROC,higher_better,1,1,DeepMol (AutoML),DeepMol,TDC leaderboard,2,0.99,0.002,False,
TDC.HIA,Absorption,AUROC,higher_better,1,1,MapLight + GNN,MapLight+GNN,TDC leaderboard,3,0.989,0.001,False,
TDC.HIA,Absorption,AUROC,higher_better,1,1,RFStacker,RFStacker,TDC leaderboard,4,0.988,0.002,False,
TDC.HIA,Absorption,AUROC,higher_better,1,1,MapLight,MapLight,TDC leaderboard,5,0.986,0.0,False,
TDC.HIA,Absorption,AUROC,higher_better,1,1,Trimole-Hybrid,Trimole,v36 final formal 5-run,1,0.99428,0.001736,True,Gated + sidecar rank blend
TDC.Lipo,Absorption,MAE,lower_better,4,0,MiniMol,MiniMol,TDC leaderboard,1,0.456,0.008,False,
TDC.Lipo,Absorption,MAE,lower_better,4,0,Chemprop-RDKit,Chemprop-RDKit,TDC leaderboard,2,0.467,0.006,False,
TDC.Lipo,Absorption,MAE,lower_better,4,0,Chemprop,Chemprop,TDC leaderboard,3,0.47,0.009,False,
TDC.Lipo,Absorption,MAE,lower_better,4,0,BaseBoosting KyQVZ6b2,BaseBoosting,TDC leaderboard,4,0.479,0.007,False,
TDC.Lipo,Absorption,MAE,lower_better,4,0,ADMETrix,ADMETrix,TDC leaderboard,5,0.512,0.01,False,
TDC.Lipo,Absorption,MAE,lower_better,4,0,Trimole-Hybrid,Trimole,v36 final formal 5-run,4,0.472895,0.006499,True,KPGT + tabular seedbag blend
TDC.Pgp,Absorption,AUROC,higher_better,1,1,MapLight + GNN,MapLight+GNN,TDC leaderboard,1,0.938,0.002,False,
TDC.Pgp,Absorption,AUROC,higher_better,1,1,ZairaChem,ZairaChem,TDC leaderboard,2,0.935,0.006,False,
TDC.Pgp,Absorption,AUROC,higher_better,1,1,MapLight,MapLight,TDC leaderboard,3,0.93,0.002,False,
TDC.Pgp,Absorption,AUROC,higher_better,1,1,SimGCN,SimGCN,TDC leaderboard,4,0.929,0.01,False,
TDC.Pgp,Absorption,AUROC,higher_better,1,1,AttrMasking,AttrMasking,TDC leaderboard,5,0.929,0.006,False,
TDC.Pgp,Absorption,AUROC,higher_better,1,1,Trimole-Hybrid,Trimole,v36 final formal 5-run,1,0.938363,0.003565,True,Gated K+E logit blend
TDC.BBB,Distribution,AUROC,higher_better,1,1,MiniMol,MiniMol,TDC leaderboard,1,0.924,0.003,False,
TDC.BBB,Distribution,AUROC,higher_better,1,1,CFA,CFA,TDC leaderboard,2,0.92,0.006,False,
TDC.BBB,Distribution,AUROC,higher_better,1,1,MapLight,MapLight,TDC leaderboard,3,0.916,0.001,False,
TDC.BBB,Distribution,AUROC,higher_better,1,1,Lantern RADR Ensemble,Lantern RADR Ensemble,TDC leaderboard,4,0.915,0.002,False,
TDC.BBB,Distribution,AUROC,higher_better,1,1,MapLight + GNN,MapLight+GNN,TDC leaderboard,5,0.913,0.001,False,
TDC.BBB,Distribution,AUROC,higher_better,1,1,Trimole-Hybrid,Trimole,v36 final formal 5-run,1,0.927779,0.000477,True,ExtraTrees chem descriptors
TDC.PPBR,Distribution,MAE,lower_better,1,1,Gradient Boost,GradientBoost,TDC leaderboard,1,7.44,0.024,False,
TDC.PPBR,Distribution,MAE,lower_better,1,1,MapLight + GNN,MapLight+GNN,TDC leaderboard,2,7.526,0.106,False,
TDC.PPBR,Distribution,MAE,lower_better,1,1,MapLight,MapLight,TDC leaderboard,3,7.66,0.058,False,
TDC.PPBR,Distribution,MAE,lower_better,1,1,MiniMol,MiniMol,TDC leaderboard,4,7.696,0.125,False,
TDC.PPBR,Distribution,MAE,lower_better,1,1,Chemprop,Chemprop,TDC leaderboard,5,7.788,0.21,False,
TDC.PPBR,Distribution,MAE,lower_better,1,1,Trimole-Hybrid,Trimole,v36 final formal 5-run,1,7.330617,0.098555,True,KPGT seedbag + FP blend
TDC.VD,Distribution,Spearman,higher_better,3,0,MapLight + GNN,MapLight+GNN,TDC leaderboard,1,0.713,0.007,False,
TDC.VD,Distribution,Spearman,higher_better,3,0,MapLight,MapLight,TDC leaderboard,2,0.707,0.009,False,
TDC.VD,Distribution,Spearman,higher_better,3,0,CFA,CFA,TDC leaderboard,3,0.628,0.023,False,
TDC.VD,Distribution,Spearman,higher_better,3,0,Basic ML,Basic ML,TDC leaderboard,4,0.627,0.01,False,
TDC.VD,Distribution,Spearman,higher_better,3,0,Euclia ML model,Euclia ML model,TDC leaderboard,5,0.609,0.014,False,
TDC.VD,Distribution,Spearman,higher_better,3,0,Trimole-Hybrid,Trimole,v36 final formal 5-run,3,0.660995,0.004668,True,KPGT+EPT rank blend
TDC.CYP2C9-I,Metabolism,AUPRC,higher_better,8,0,MapLight + GNN,MapLight+GNN,TDC leaderboard,1,0.859,0.001,False,
TDC.CYP2C9-I,Metabolism,AUPRC,higher_better,8,0,ContextPred,ContextPred,TDC leaderboard,2,0.839,0.003,False,
TDC.CYP2C9-I,Metabolism,AUPRC,higher_better,8,0,AttrMasking,AttrMasking,TDC leaderboard,3,0.829,0.003,False,
TDC.CYP2C9-I,Metabolism,AUPRC,higher_better,8,0,MiniMol,MiniMol,TDC leaderboard,4,0.823,0.006,False,
TDC.CYP2C9-I,Metabolism,AUPRC,higher_better,8,0,ADMETrix,ADMETrix,TDC leaderboard,5,0.789,0.004,False,
TDC.CYP2C9-I,Metabolism,AUPRC,higher_better,8,0,Trimole-Hybrid,Trimole,v36 final formal 5-run,8,0.790586,0.002608,True,KPGT+EPT chem XGB
TDC.CYP2C9-S,Metabolism,AUPRC,higher_better,2,0,MiniMol,MiniMol,TDC leaderboard,1,0.474,0.025,False,
TDC.CYP2C9-S,Metabolism,AUPRC,higher_better,2,0,ZairaChem,ZairaChem,TDC leaderboard,2,0.441,0.033,False,
TDC.CYP2C9-S,Metabolism,AUPRC,higher_better,2,0,MapLight + GNN,MapLight+GNN,TDC leaderboard,3,0.437,0.008,False,
TDC.CYP2C9-S,Metabolism,AUPRC,higher_better,2,0,Random Forest,Random Forest,TDC leaderboard,4,0.437,0.022,False,
TDC.CYP2C9-S,Metabolism,AUPRC,higher_better,2,0,SimGCN,SimGCN,TDC leaderboard,5,0.433,0.017,False,
TDC.CYP2C9-S,Metabolism,AUPRC,higher_better,2,0,Trimole-Hybrid,Trimole,v36 final formal 5-run,2,0.44337,0.023358,True,XL+KPGT chem XGB
TDC.CYP2D6-I,Metabolism,AUPRC,higher_better,4,0,MapLight + GNN,MapLight+GNN,TDC leaderboard,1,0.79,0.001,False,
TDC.CYP2D6-I,Metabolism,AUPRC,higher_better,4,0,ContextPred,ContextPred,TDC leaderboard,2,0.739,0.005,False,
TDC.CYP2D6-I,Metabolism,AUPRC,higher_better,4,0,MapLight,MapLight,TDC leaderboard,3,0.723,0.003,False,
TDC.CYP2D6-I,Metabolism,AUPRC,higher_better,4,0,AttrMasking,AttrMasking,TDC leaderboard,4,0.721,0.009,False,
TDC.CYP2D6-I,Metabolism,AUPRC,higher_better,4,0,MiniMol,MiniMol,TDC leaderboard,5,0.719,0.004,False,
TDC.CYP2D6-I,Metabolism,AUPRC,higher_better,4,0,Trimole-Hybrid,Trimole,v36 final formal 5-run,4,0.719172,0.005514,True,K+E seedbag + sidecar blend
TDC.CYP2D6-S,Metabolism,AUPRC,higher_better,1,1,ContextPred,ContextPred,TDC leaderboard,1,0.736,0.024,False,
TDC.CYP2D6-S,Metabolism,AUPRC,higher_better,1,1,DeepMol (AutoML),DeepMol,TDC leaderboard,2,0.731,0.037,False,
TDC.CYP2D6-S,Metabolism,AUPRC,higher_better,1,1,MapLight + GNN,MapLight+GNN,TDC leaderboard,3,0.72,0.002,False,
TDC.CYP2D6-S,Metabolism,AUPRC,higher_better,1,1,MapLight,MapLight,TDC leaderboard,4,0.713,0.009,False,
TDC.CYP2D6-S,Metabolism,AUPRC,higher_better,1,1,CFA,CFA,TDC leaderboard,5,0.704,0.015,False,
TDC.CYP2D6-S,Metabolism,AUPRC,higher_better,1,1,Trimole-Hybrid,Trimole,v36 final formal 5-run,1,0.747531,0.00961,True,AP seedbag + XL/descriptor blend
TDC.CYP3A4-I,Metabolism,AUPRC,higher_better,4,0,MapLight + GNN,MapLight+GNN,TDC leaderboard,1,0.916,0.0,False,
TDC.CYP3A4-I,Metabolism,AUPRC,higher_better,4,0,ContextPred,ContextPred,TDC leaderboard,2,0.904,0.002,False,
TDC.CYP3A4-I,Metabolism,AUPRC,higher_better,4,0,AttrMasking,AttrMasking,TDC leaderboard,3,0.902,0.002,False,
TDC.CYP3A4-I,Metabolism,AUPRC,higher_better,4,0,ADMETrix,ADMETrix,TDC leaderboard,4,0.884,0.001,False,
TDC.CYP3A4-I,Metabolism,AUPRC,higher_better,4,0,MapLight,MapLight,TDC leaderboard,5,0.881,0.001,False,
TDC.CYP3A4-I,Metabolism,AUPRC,higher_better,4,0,Trimole-Hybrid,Trimole,v36 final formal 5-run,4,0.884121,0.003206,True,XL/K+E + tabular blend
TDC.CYP3A4-S,Metabolism,AUROC,higher_better,1,1,CFA,CFA,TDC leaderboard,1,0.667,0.019,False,
TDC.CYP3A4-S,Metabolism,AUROC,higher_better,1,1,MiniMol,MiniMol,TDC leaderboard,2,0.663,0.008,False,
TDC.CYP3A4-S,Metabolism,AUROC,higher_better,1,1,CNN (DeepPurpose),CNN (DeepPurpose),TDC leaderboard,3,0.662,0.031,False,
TDC.CYP3A4-S,Metabolism,AUROC,higher_better,1,1,DeepMol (AutoML),DeepMol,TDC leaderboard,4,0.655,0.003,False,
TDC.CYP3A4-S,Metabolism,AUROC,higher_better,1,1,MapLight,MapLight,TDC leaderboard,5,0.65,0.006,False,
TDC.CYP3A4-S,Metabolism,AUROC,higher_better,1,1,Trimole-Hybrid,Trimole,v36 final formal 5-run,1,0.725249,0.00476,True,Family-transfer XGB
TDC.CL-Hepa,Excretion,Spearman,higher_better,1,1,CFA,CFA,TDC leaderboard,1,0.536,0.02,False,
TDC.CL-Hepa,Excretion,Spearman,higher_better,1,1,MapLight + GNN,MapLight+GNN,TDC leaderboard,2,0.498,0.009,False,
TDC.CL-Hepa,Excretion,Spearman,higher_better,1,1,MapLight,MapLight,TDC leaderboard,3,0.466,0.012,False,
TDC.CL-Hepa,Excretion,Spearman,higher_better,1,1,ADMETrix,ADMETrix,TDC leaderboard,4,0.447,0.028,False,
TDC.CL-Hepa,Excretion,Spearman,higher_better,1,1,MiniMol,MiniMol,TDC leaderboard,5,0.446,0.029,False,
TDC.CL-Hepa,Excretion,Spearman,higher_better,1,1,Trimole-Hybrid,Trimole,v36 final formal 5-run,1,0.55204,0.00965,True,Family-transfer XGB
TDC.CL-Micro,Excretion,Spearman,higher_better,1,1,MapLight + GNN,MapLight+GNN,TDC leaderboard,1,0.63,0.01,False,
TDC.CL-Micro,Excretion,Spearman,higher_better,1,1,MiniMol,MiniMol,TDC leaderboard,2,0.628,0.005,False,
TDC.CL-Micro,Excretion,Spearman,higher_better,1,1,MapLight,MapLight,TDC leaderboard,3,0.626,0.008,False,
TDC.CL-Micro,Excretion,Spearman,higher_better,1,1,CFA,CFA,TDC leaderboard,4,0.625,0.012,False,
TDC.CL-Micro,Excretion,Spearman,higher_better,1,1,RFStacker,RFStacker,TDC leaderboard,5,0.625,0.002,False,
TDC.CL-Micro,Excretion,Spearman,higher_better,1,1,Trimole-Hybrid,Trimole,v36 final formal 5-run,1,0.642814,0.005773,True,KPGT+EPT 5×5 seedbag
TDC.Half_Life,Excretion,Spearman,higher_better,7,0,CFA,CFA,TDC leaderboard,1,0.576,0.025,False,
TDC.Half_Life,Excretion,Spearman,higher_better,7,0,MapLight,MapLight,TDC leaderboard,2,0.562,0.008,False,
TDC.Half_Life,Excretion,Spearman,higher_better,7,0,MapLight + GNN,MapLight+GNN,TDC leaderboard,3,0.557,0.034,False,
TDC.Half_Life,Excretion,Spearman,higher_better,7,0,Euclia ML model,Euclia ML model,TDC leaderboard,4,0.547,0.032,False,
TDC.Half_Life,Excretion,Spearman,higher_better,7,0,"Voting Regressor (KNN, SVM)","Voting Regressor (KNN, SVM)",TDC leaderboard,5,0.544,0.034,False,
TDC.Half_Life,Excretion,Spearman,higher_better,7,0,Trimole-Hybrid,Trimole,v36 final formal 5-run,7,0.49139,0.009785,True,C+K descriptor blend
TDC.AMES,Toxicity,AUROC,higher_better,1,1,ZairaChem,ZairaChem,TDC leaderboard,1,0.871,0.002,False,
TDC.AMES,Toxicity,AUROC,higher_better,1,1,ADMETrix,ADMETrix,TDC leaderboard,2,0.87,0.006,False,
TDC.AMES,Toxicity,AUROC,higher_better,1,1,MapLight + GNN,MapLight+GNN,TDC leaderboard,3,0.869,0.002,False,
TDC.AMES,Toxicity,AUROC,higher_better,1,1,MapLight,MapLight,TDC leaderboard,4,0.868,0.002,False,
TDC.AMES,Toxicity,AUROC,higher_better,1,1,CFA,CFA,TDC leaderboard,5,0.852,0.005,False,
TDC.AMES,Toxicity,AUROC,higher_better,1,1,Trimole-Hybrid,Trimole,v36 final formal 5-run,1,0.871945,0.000583,True,XGB tabular ensemble
TDC.DILI,Toxicity,AUROC,higher_better,6,0,MiniMol,MiniMol,TDC leaderboard,1,0.956,0.006,False,
TDC.DILI,Toxicity,AUROC,higher_better,6,0,ZairaChem,ZairaChem,TDC leaderboard,2,0.925,0.005,False,
TDC.DILI,Toxicity,AUROC,higher_better,6,0,AttrMasking,AttrMasking,TDC leaderboard,3,0.919,0.008,False,
TDC.DILI,Toxicity,AUROC,higher_better,6,0,CFA,CFA,TDC leaderboard,4,0.919,0.014,False,
TDC.DILI,Toxicity,AUROC,higher_better,6,0,MapLight + GNN,MapLight+GNN,TDC leaderboard,5,0.917,0.005,False,
TDC.DILI,Toxicity,AUROC,higher_better,6,0,Trimole-Hybrid,Trimole,v36 final formal 5-run,6,0.908609,0.00552,True,XL/K+E + descriptor blend
TDC.LD50,Toxicity,MAE,lower_better,5,0,BaseBoosting KyQVZ6b2,BaseBoosting,TDC leaderboard,1,0.552,0.009,False,
TDC.LD50,Toxicity,MAE,lower_better,5,0,ADMETrix,ADMETrix,TDC leaderboard,2,0.573,0.01,False,
TDC.LD50,Toxicity,MAE,lower_better,5,0,MiniMol,MiniMol,TDC leaderboard,3,0.585,0.008,False,
TDC.LD50,Toxicity,MAE,lower_better,5,0,MACCS keys + autoML,MACCS keys + autoML,TDC leaderboard,4,0.588,0.005,False,
TDC.LD50,Toxicity,MAE,lower_better,5,0,Chemprop,Chemprop,TDC leaderboard,5,0.606,0.024,False,
TDC.LD50,Toxicity,MAE,lower_better,5,0,Trimole-Hybrid,Trimole,v36 final formal 5-run,5,0.603071,0.003837,True,ChemBERTa+KPGT chem XGB
TDC.hERG,Toxicity,AUROC,higher_better,6,0,MapLight + GNN,MapLight+GNN,TDC leaderboard,1,0.88,0.002,False,
TDC.hERG,Toxicity,AUROC,higher_better,6,0,CFA,CFA,TDC leaderboard,2,0.875,0.014,False,
TDC.hERG,Toxicity,AUROC,higher_better,6,0,SimGCN,SimGCN,TDC leaderboard,3,0.874,0.014,False,
TDC.hERG,Toxicity,AUROC,higher_better,6,0,MapLight,MapLight,TDC leaderboard,4,0.871,0.004,False,
TDC.hERG,Toxicity,AUROC,higher_better,6,0,ZairaChem,ZairaChem,TDC leaderboard,5,0.856,0.009,False,
TDC.hERG,Toxicity,AUROC,higher_better,6,0,Trimole-Hybrid,Trimole,v36 final formal 5-run,6,0.863358,0.002334,True,EPT chem ExtraTrees
