record_type,task,metric,variant,direction,n_runs,score_mean,score_std,top1_ref,direction_normalized_margin,delta_margin_vs_full,diagnostic_margin_ge_0,selected_candidate,selected_endpoint_config,valid_metric_used_for_selection,valid_score,test_score_source_file,selection_protocol,uses_chemistry_sidecar,uses_ept_or_3d,uses_prediction_level_ensemble,uses_seedbag,missing_reason,task_rank,full_variant,full_rank,n_ranked_variants,normalized_rank_loss,candidate,selection_count,selection_frequency,bootstrap_replicates_valid,selection_entropy_normalized,switch_rate
ablation_rank_loss,ames,AUROC,full_v36_final,max,5.0,0.871945,0.000583,0.871,0.0009449999999999,0.0,True,ames_repeated_tabular_ensemble5seed_audit_v1,repeated tabular ensemble; xgboost_500; 5 formal seeds with internal repeated scaffold fold-bag,,,results_strict/final_22task_score_config_table_v36.csv,Reference row from current v36 formal result/config table.,True,False,False,True,,1.0,full_v36_final,1.0,6.0,0.0,,,,,,
ablation_rank_loss,ames,AUROC,no_chemistry_sidecar,max,5.0,0.69588086706221,0.0070153603451831,0.871,-0.17511913293779,-0.17606413293779,False,deep_chemberta_kpgt_ridge_linear,ChemBERTa+KPGT embeddings + target-standardized Ridge/linear head,AUROC,0.6923019081038893,results_strict/ablation_v36_formal/candidate_predictions/deep_chemberta_kpgt_ridge_linear/ames/seed_*/test_predictions.csv,"Per-task valid-only selection among deep candidates only: ChemBERTa, KPGT, EPT, C+K, K+E, C+K+E. No fingerprint/descriptor/XGB/ExtraTrees/LogisticRegression/tabular chemistry sidecar.",False,False,False,False,,6.0,full_v36_final,1.0,6.0,1.0,,,,,,
ablation_rank_loss,ames,AUROC,no_ept_or_no_3d,max,5.0,0.8552409485206288,0.0018591938264062,0.871,-0.0157590514793711,-0.0167040514793711,False,chem_fp_chemberta_kpgt_xgb,Morgan fingerprint + ChemBERTa+KPGT embeddings + fixed XGBoost head,AUROC,0.7984294788407966,results_strict/ablation_v36_formal/candidate_predictions/chem_fp_chemberta_kpgt_xgb/ames/seed_*/test_predictions.csv,"Per-task valid-only selection among candidates without EPT/3D: ChemBERTa, KPGT, C+K, and chemistry sidecars without EPT.",True,False,False,False,,2.5,full_v36_final,1.0,6.0,0.3,,,,,,
ablation_rank_loss,ames,AUROC,no_prediction_level_ensemble,max,5.0,0.8552409485206288,0.0018591938264062,0.871,-0.0157590514793711,-0.0167040514793711,False,chem_fp_chemberta_kpgt_xgb,Morgan fingerprint + ChemBERTa+KPGT embeddings + fixed XGBoost head,AUROC,0.7984294788407966,results_strict/ablation_v36_formal/candidate_predictions/chem_fp_chemberta_kpgt_xgb/ames/seed_*/test_predictions.csv,"Per-task valid-only selection of one single candidate family; no rank/logit/zscore/raw prediction blend, no sidecar blend, no foldbag, no seedbag prediction averaging.",True,False,False,False,,2.5,full_v36_final,1.0,6.0,0.3,,,,,,
ablation_rank_loss,ames,AUROC,no_seedbag_single_seed,max,1.0,0.8551077953357222,,0.871,-0.0158922046642777,-0.0168372046642777,False,chem_fp_chemberta_kpgt_xgb,Morgan fingerprint + ChemBERTa+KPGT embeddings + fixed XGBoost head,AUROC,0.8002868184096807,results_strict/ablation_v36_formal/candidate_predictions/chem_fp_chemberta_kpgt_xgb/ames/seed_101/test_predictions.csv,Use canonical seed=101 from the valid-selected no_prediction_level_ensemble candidate. No seedbag/5-run averaging; test is final reporting only.,True,False,False,False,,4.0,full_v36_final,1.0,6.0,0.6,,,,,,
ablation_rank_loss,ames,AUROC,no_task_adaptive_selection,max,5.0,0.8452387945720495,0.0012877146454772,0.871,-0.0257612054279504,-0.0267062054279504,False,chem_fp_chemberta_kpgt_ept_xgb,Morgan fingerprint + ChemBERTa+KPGT+EPT embeddings + fixed XGBoost head,AUROC,0.766546947477965,results_strict/ablation_v36_formal/candidate_predictions/chem_fp_chemberta_kpgt_ept_xgb/ames/seed_*/test_predictions.csv,Global fixed family `chem_fp_chemberta_kpgt_ept_xgb` selected by mean official-valid direction-normalized margin across 22 tasks; no per-task endpoint choice; test is final reporting only.,True,True,False,False,,5.0,full_v36_final,1.0,6.0,0.8,,,,,,
ablation_rank_loss,bbb_martins,AUROC,full_v36_final,max,5.0,0.927779,0.000477,0.924,0.0037789999999999,0.0,True,pure_chem_multibackend_endpoint_v1,ExtraTrees over chemical descriptors/fingerprints,,,results_strict/final_22task_score_config_table_v36.csv,Reference row from current v36 formal result/config table.,True,False,False,False,,1.0,full_v36_final,1.0,6.0,0.0,,,,,,
ablation_rank_loss,bbb_martins,AUROC,no_chemistry_sidecar,max,5.0,0.7570512820512819,0.0213106691893121,0.924,-0.1669487179487181,-0.1707277179487181,False,deep_chemberta_kpgt_ridge_linear,ChemBERTa+KPGT embeddings + target-standardized Ridge/linear head,AUROC,0.8018394233159333,results_strict/ablation_v36_formal/candidate_predictions/deep_chemberta_kpgt_ridge_linear/bbb_martins/seed_*/test_predictions.csv,"Per-task valid-only selection among deep candidates only: ChemBERTa, KPGT, EPT, C+K, K+E, C+K+E. No fingerprint/descriptor/XGB/ExtraTrees/LogisticRegression/tabular chemistry sidecar.",False,False,False,False,,6.0,full_v36_final,1.0,6.0,1.0,,,,,,
ablation_rank_loss,bbb_martins,AUROC,no_ept_or_no_3d,max,5.0,0.917956535334584,0.0045760094993455,0.924,-0.006043464665416,-0.009822464665416,False,chem_fp_chemberta_kpgt_xgb,Morgan fingerprint + ChemBERTa+KPGT embeddings + fixed XGBoost head,AUROC,0.91055182699478,results_strict/ablation_v36_formal/candidate_predictions/chem_fp_chemberta_kpgt_xgb/bbb_martins/seed_*/test_predictions.csv,"Per-task valid-only selection among candidates without EPT/3D: ChemBERTa, KPGT, C+K, and chemistry sidecars without EPT.",True,False,False,False,,2.0,full_v36_final,1.0,6.0,0.2,,,,,,
ablation_rank_loss,bbb_martins,AUROC,no_prediction_level_ensemble,max,5.0,0.9048076923076924,0.0020873298602146,0.924,-0.0191923076923077,-0.0229713076923077,False,chem_fp_chemberta_kpgt_ept_xgb,Morgan fingerprint + ChemBERTa+KPGT+EPT embeddings + fixed XGBoost head,AUROC,0.9165050956997266,results_strict/ablation_v36_formal/candidate_predictions/chem_fp_chemberta_kpgt_ept_xgb/bbb_martins/seed_*/test_predictions.csv,"Per-task valid-only selection of one single candidate family; no rank/logit/zscore/raw prediction blend, no sidecar blend, no foldbag, no seedbag prediction averaging.",True,True,False,False,,3.5,full_v36_final,1.0,6.0,0.5,,,,,,
ablation_rank_loss,bbb_martins,AUROC,no_seedbag_single_seed,max,1.0,0.902439024390244,,0.924,-0.0215609756097561,-0.025339975609756,False,chem_fp_chemberta_kpgt_ept_xgb,Morgan fingerprint + ChemBERTa+KPGT+EPT embeddings + fixed XGBoost head,AUROC,0.9215759383544618,results_strict/ablation_v36_formal/candidate_predictions/chem_fp_chemberta_kpgt_ept_xgb/bbb_martins/seed_101/test_predictions.csv,Use canonical seed=101 from the valid-selected no_prediction_level_ensemble candidate. No seedbag/5-run averaging; test is final reporting only.,True,True,False,False,,5.0,full_v36_final,1.0,6.0,0.8,,,,,,
ablation_rank_loss,bbb_martins,AUROC,no_task_adaptive_selection,max,5.0,0.9048076923076924,0.0020873298602146,0.924,-0.0191923076923077,-0.0229713076923077,False,chem_fp_chemberta_kpgt_ept_xgb,Morgan fingerprint + ChemBERTa+KPGT+EPT embeddings + fixed XGBoost head,AUROC,0.9165050956997266,results_strict/ablation_v36_formal/candidate_predictions/chem_fp_chemberta_kpgt_ept_xgb/bbb_martins/seed_*/test_predictions.csv,Global fixed family `chem_fp_chemberta_kpgt_ept_xgb` selected by mean official-valid direction-normalized margin across 22 tasks; no per-task endpoint choice; test is final reporting only.,True,True,False,False,,3.5,full_v36_final,1.0,6.0,0.5,,,,,,
ablation_rank_loss,bioavailability_ma,AUROC,full_v36_final,max,5.0,0.722248,0.004048,0.942,-0.2197519999999999,0.0,False,fixed_chemical_endpoint_5run_v1/top1_method_transfer_chem_lite_v1_summary.csv,"Canonical backup uses chem fixed chemical endpoint: kpgt/chem_core_pair_torsion/extratrees/topk=all; formal seeds=101,202,303,404,505.",,,results_strict/final_22task_score_config_table_v36.csv,Reference row from current v36 formal result/config table.,True,False,False,True,,1.0,full_v36_final,1.0,6.0,0.0,,,,,,
ablation_rank_loss,bioavailability_ma,AUROC,no_chemistry_sidecar,max,5.0,0.545826405054872,0.0499195635831966,0.942,-0.3961735949451279,-0.176421594945128,False,deep_chemberta_ridge_linear,ChemBERTa embedding + target-standardized Ridge/linear head,AUROC,0.6514950166112958,results_strict/ablation_v36_formal/candidate_predictions/deep_chemberta_ridge_linear/bioavailability_ma/seed_*/test_predictions.csv,"Per-task valid-only selection among deep candidates only: ChemBERTa, KPGT, EPT, C+K, K+E, C+K+E. No fingerprint/descriptor/XGB/ExtraTrees/LogisticRegression/tabular chemistry sidecar.",False,False,False,False,,6.0,full_v36_final,1.0,6.0,1.0,,,,,,
ablation_rank_loss,bioavailability_ma,AUROC,no_ept_or_no_3d,max,5.0,0.6442966411706019,0.0089407848427836,0.942,-0.297703358829398,-0.077951358829398,False,chem_fp_chemberta_kpgt_xgb,Morgan fingerprint + ChemBERTa+KPGT embeddings + fixed XGBoost head,AUROC,0.7269102990033223,results_strict/ablation_v36_formal/candidate_predictions/chem_fp_chemberta_kpgt_xgb/bioavailability_ma/seed_*/test_predictions.csv,"Per-task valid-only selection among candidates without EPT/3D: ChemBERTa, KPGT, C+K, and chemistry sidecars without EPT.",True,False,False,False,,4.5,full_v36_final,1.0,6.0,0.7,,,,,,
ablation_rank_loss,bioavailability_ma,AUROC,no_prediction_level_ensemble,max,5.0,0.6442966411706019,0.0089407848427836,0.942,-0.297703358829398,-0.077951358829398,False,chem_fp_chemberta_kpgt_xgb,Morgan fingerprint + ChemBERTa+KPGT embeddings + fixed XGBoost head,AUROC,0.7269102990033223,results_strict/ablation_v36_formal/candidate_predictions/chem_fp_chemberta_kpgt_xgb/bioavailability_ma/seed_*/test_predictions.csv,"Per-task valid-only selection of one single candidate family; no rank/logit/zscore/raw prediction blend, no sidecar blend, no foldbag, no seedbag prediction averaging.",True,False,False,False,,4.5,full_v36_final,1.0,6.0,0.7,,,,,,
ablation_rank_loss,bioavailability_ma,AUROC,no_seedbag_single_seed,max,1.0,0.6458264050548721,,0.942,-0.2961735949451278,-0.0764215949451279,False,chem_fp_chemberta_kpgt_xgb,Morgan fingerprint + ChemBERTa+KPGT embeddings + fixed XGBoost head,AUROC,0.7275747508305648,results_strict/ablation_v36_formal/candidate_predictions/chem_fp_chemberta_kpgt_xgb/bioavailability_ma/seed_101/test_predictions.csv,Use canonical seed=101 from the valid-selected no_prediction_level_ensemble candidate. No seedbag/5-run averaging; test is final reporting only.,True,False,False,False,,3.0,full_v36_final,1.0,6.0,0.4,,,,,,
ablation_rank_loss,bioavailability_ma,AUROC,no_task_adaptive_selection,max,5.0,0.6468905886265381,0.0021085290966607,0.942,-0.2951094113734618,-0.0753574113734618,False,chem_fp_chemberta_kpgt_ept_xgb,Morgan fingerprint + ChemBERTa+KPGT+EPT embeddings + fixed XGBoost head,AUROC,0.7171650055370986,results_strict/ablation_v36_formal/candidate_predictions/chem_fp_chemberta_kpgt_ept_xgb/bioavailability_ma/seed_*/test_predictions.csv,Global fixed family `chem_fp_chemberta_kpgt_ept_xgb` selected by mean official-valid direction-normalized margin across 22 tasks; no per-task endpoint choice; test is final reporting only.,True,True,False,False,,2.0,full_v36_final,1.0,6.0,0.2,,,,,,
ablation_rank_loss,caco2_wang,MAE,full_v36_final,min,5.0,0.283647,0.00229,0.256,-0.0276469999999999,0.0,False,fixed_chemical_endpoint_5run_v1/top1_method_transfer_chem_lite_v1_summary.csv,"Canonical backup uses chem fixed chemical endpoint: chemberta_kpgt/chem_core_pair_torsion/extratrees/topk=512; formal seeds=101,202,303,404,505.",,,results_strict/final_22task_score_config_table_v36.csv,Reference row from current v36 formal result/config table.,True,False,False,True,,1.0,full_v36_final,1.0,6.0,0.0,,,,,,
ablation_rank_loss,caco2_wang,MAE,no_chemistry_sidecar,min,5.0,0.3649304504471999,0.0,0.256,-0.1089304504471999,-0.0812834504471999,False,deep_ept_ridge_linear,EPT/3D embedding + target-standardized Ridge/linear head,MAE,0.4752356014450576,results_strict/ablation_v36_formal/candidate_predictions/deep_ept_ridge_linear/caco2_wang/seed_*/test_predictions.csv,"Per-task valid-only selection among deep candidates only: ChemBERTa, KPGT, EPT, C+K, K+E, C+K+E. No fingerprint/descriptor/XGB/ExtraTrees/LogisticRegression/tabular chemistry sidecar.",False,True,False,False,,4.0,full_v36_final,1.0,6.0,0.6,,,,,,
ablation_rank_loss,caco2_wang,MAE,no_ept_or_no_3d,min,5.0,0.3264913979323167,0.0084875913789111,0.256,-0.0704913979323167,-0.0428443979323167,False,chem_fp_chemberta_kpgt_xgb,Morgan fingerprint + ChemBERTa+KPGT embeddings + fixed XGBoost head,MAE,0.4296740733309901,results_strict/ablation_v36_formal/candidate_predictions/chem_fp_chemberta_kpgt_xgb/caco2_wang/seed_*/test_predictions.csv,"Per-task valid-only selection among candidates without EPT/3D: ChemBERTa, KPGT, C+K, and chemistry sidecars without EPT.",True,False,False,False,,2.0,full_v36_final,1.0,6.0,0.2,,,,,,
ablation_rank_loss,caco2_wang,MAE,no_prediction_level_ensemble,min,5.0,0.3653081944549426,0.022378045376126,0.256,-0.1093081944549426,-0.0816611944549426,False,chem_fp_chemberta_kpgt_ept_xgb,Morgan fingerprint + ChemBERTa+KPGT+EPT embeddings + fixed XGBoost head,MAE,0.3888879240827018,results_strict/ablation_v36_formal/candidate_predictions/chem_fp_chemberta_kpgt_ept_xgb/caco2_wang/seed_*/test_predictions.csv,"Per-task valid-only selection of one single candidate family; no rank/logit/zscore/raw prediction blend, no sidecar blend, no foldbag, no seedbag prediction averaging.",True,True,False,False,,5.5,full_v36_final,1.0,6.0,0.9,,,,,,
ablation_rank_loss,caco2_wang,MAE,no_seedbag_single_seed,min,1.0,0.3520695007222605,,0.256,-0.0960695007222605,-0.0684225007222605,False,chem_fp_chemberta_kpgt_ept_xgb,Morgan fingerprint + ChemBERTa+KPGT+EPT embeddings + fixed XGBoost head,MAE,0.394596517022906,results_strict/ablation_v36_formal/candidate_predictions/chem_fp_chemberta_kpgt_ept_xgb/caco2_wang/seed_101/test_predictions.csv,Use canonical seed=101 from the valid-selected no_prediction_level_ensemble candidate. No seedbag/5-run averaging; test is final reporting only.,True,True,False,False,,3.0,full_v36_final,1.0,6.0,0.4,,,,,,
ablation_rank_loss,caco2_wang,MAE,no_task_adaptive_selection,min,5.0,0.3653081944549426,0.022378045376126,0.256,-0.1093081944549426,-0.0816611944549426,False,chem_fp_chemberta_kpgt_ept_xgb,Morgan fingerprint + ChemBERTa+KPGT+EPT embeddings + fixed XGBoost head,MAE,0.3888879240827018,results_strict/ablation_v36_formal/candidate_predictions/chem_fp_chemberta_kpgt_ept_xgb/caco2_wang/seed_*/test_predictions.csv,Global fixed family `chem_fp_chemberta_kpgt_ept_xgb` selected by mean official-valid direction-normalized margin across 22 tasks; no per-task endpoint choice; test is final reporting only.,True,True,False,False,,5.5,full_v36_final,1.0,6.0,0.9,,,,,,
ablation_rank_loss,clearance_hepatocyte_az,Spearman,full_v36_final,max,5.0,0.4735898019169064,0.0087237905949024,0.536,-0.0624101980830936,0.0,False,targetwide_safe_fp_xgb,Target-wide leakage-safe family-transfer XGBoost; Morgan fingerprint,,,results_strict/revision_20260918_clearance_hepatocyte_presplit_similarity_v4/final_selected_test_summary.csv,Validation-only selection after one label-free target-universe exact-identity and Morgan-Tanimoto >=0.90 source filter fixed before split-specific fitting; official test labels used only for final scoring.,True,False,False,True,,1.0,full_v36_final,1.0,6.0,0.0,,,,,,
ablation_rank_loss,clearance_hepatocyte_az,Spearman,no_chemistry_sidecar,max,5.0,0.2539632068715589,0.0,0.536,-0.2820367931284411,-0.2196265950453475,False,deep_ept_ridge_linear,EPT/3D embedding + target-standardized Ridge/linear head,Spearman,0.4082347161150715,results_strict/ablation_v36_formal/candidate_predictions/deep_ept_ridge_linear/clearance_hepatocyte_az/seed_*/test_predictions.csv,"Per-task valid-only selection among deep candidates only: ChemBERTa, KPGT, EPT, C+K, K+E, C+K+E. No fingerprint/descriptor/XGB/ExtraTrees/LogisticRegression/tabular chemistry sidecar.",False,True,False,False,,3.0,full_v36_final,1.0,6.0,0.4,,,,,,
ablation_rank_loss,clearance_hepatocyte_az,Spearman,no_ept_or_no_3d,max,5.0,0.4586648251126538,0.0146235841763766,0.536,-0.0773351748873462,-0.0149249768042526,False,chem_fp_chemberta_kpgt_xgb,Morgan fingerprint + ChemBERTa+KPGT embeddings + fixed XGBoost head,Spearman,0.3936677606371278,results_strict/ablation_v36_formal/candidate_predictions/chem_fp_chemberta_kpgt_xgb/clearance_hepatocyte_az/seed_*/test_predictions.csv,"Per-task valid-only selection among candidates without EPT/3D: ChemBERTa, KPGT, C+K, and chemistry sidecars without EPT.",True,False,False,False,,2.0,full_v36_final,1.0,6.0,0.2,,,,,,
ablation_rank_loss,clearance_hepatocyte_az,Spearman,no_prediction_level_ensemble,max,5.0,0.2003195287770167,0.0182003793867156,0.536,-0.3356804712229833,-0.2732702731398897,False,chem_fp_chemberta_kpgt_ept_xgb,Morgan fingerprint + ChemBERTa+KPGT+EPT embeddings + fixed XGBoost head,Spearman,0.4421555810131842,results_strict/ablation_v36_formal/candidate_predictions/chem_fp_chemberta_kpgt_ept_xgb/clearance_hepatocyte_az/seed_*/test_predictions.csv,"Per-task valid-only selection of one single candidate family; no rank/logit/zscore/raw prediction blend, no sidecar blend, no foldbag, no seedbag prediction averaging.",True,True,False,False,,4.5,full_v36_final,1.0,6.0,0.7,,,,,,
ablation_rank_loss,clearance_hepatocyte_az,Spearman,no_seedbag_single_seed,max,1.0,0.1788322549824511,,0.536,-0.3571677450175489,-0.2947575469344553,False,chem_fp_chemberta_kpgt_ept_xgb,Morgan fingerprint + ChemBERTa+KPGT+EPT embeddings + fixed XGBoost head,Spearman,0.4385020185560137,results_strict/ablation_v36_formal/candidate_predictions/chem_fp_chemberta_kpgt_ept_xgb/clearance_hepatocyte_az/seed_101/test_predictions.csv,Use canonical seed=101 from the valid-selected no_prediction_level_ensemble candidate. No seedbag/5-run averaging; test is final reporting only.,True,True,False,False,,6.0,full_v36_final,1.0,6.0,1.0,,,,,,
ablation_rank_loss,clearance_hepatocyte_az,Spearman,no_task_adaptive_selection,max,5.0,0.2003195287770167,0.0182003793867156,0.536,-0.3356804712229833,-0.2732702731398897,False,chem_fp_chemberta_kpgt_ept_xgb,Morgan fingerprint + ChemBERTa+KPGT+EPT embeddings + fixed XGBoost head,Spearman,0.4421555810131842,results_strict/ablation_v36_formal/candidate_predictions/chem_fp_chemberta_kpgt_ept_xgb/clearance_hepatocyte_az/seed_*/test_predictions.csv,Global fixed family `chem_fp_chemberta_kpgt_ept_xgb` selected by mean official-valid direction-normalized margin across 22 tasks; no per-task endpoint choice; test is final reporting only.,True,True,False,False,,4.5,full_v36_final,1.0,6.0,0.7,,,,,,
ablation_rank_loss,clearance_microsome_az,Spearman,full_v36_final,max,5.0,0.642814,0.005773,0.63,0.0128139999999999,0.0,True,clearance_microsome_kpgt_ept_seedbag_endpoint_v1,KPGT+EPT seedbag_5x5; equal seed-bag average,,,results_strict/final_22task_score_config_table_v36.csv,Reference row from current v36 formal result/config table.,False,True,True,True,,1.0,full_v36_final,1.0,6.0,0.0,,,,,,
ablation_rank_loss,clearance_microsome_az,Spearman,no_chemistry_sidecar,max,5.0,0.4382440419419504,5.235539490165512e-05,0.63,-0.1917559580580495,-0.2045699580580495,False,deep_kpgt_ridge_linear,KPGT embedding + target-standardized Ridge/linear head,Spearman,0.5495150559800346,results_strict/ablation_v36_formal/candidate_predictions/deep_kpgt_ridge_linear/clearance_microsome_az/seed_*/test_predictions.csv,"Per-task valid-only selection among deep candidates only: ChemBERTa, KPGT, EPT, C+K, K+E, C+K+E. No fingerprint/descriptor/XGB/ExtraTrees/LogisticRegression/tabular chemistry sidecar.",False,False,False,False,,4.0,full_v36_final,1.0,6.0,0.6,,,,,,
ablation_rank_loss,clearance_microsome_az,Spearman,no_ept_or_no_3d,max,5.0,0.4382440419419504,5.235539490165512e-05,0.63,-0.1917559580580495,-0.2045699580580495,False,deep_kpgt_ridge_linear,KPGT embedding + target-standardized Ridge/linear head,Spearman,0.5495150559800346,results_strict/ablation_v36_formal/candidate_predictions/deep_kpgt_ridge_linear/clearance_microsome_az/seed_*/test_predictions.csv,"Per-task valid-only selection among candidates without EPT/3D: ChemBERTa, KPGT, C+K, and chemistry sidecars without EPT.",False,False,False,False,,4.0,full_v36_final,1.0,6.0,0.6,,,,,,
ablation_rank_loss,clearance_microsome_az,Spearman,no_prediction_level_ensemble,max,5.0,0.4382440419419504,5.235539490165512e-05,0.63,-0.1917559580580495,-0.2045699580580495,False,deep_kpgt_ridge_linear,KPGT embedding + target-standardized Ridge/linear head,Spearman,0.5495150559800346,results_strict/ablation_v36_formal/candidate_predictions/deep_kpgt_ridge_linear/clearance_microsome_az/seed_*/test_predictions.csv,"Per-task valid-only selection of one single candidate family; no rank/logit/zscore/raw prediction blend, no sidecar blend, no foldbag, no seedbag prediction averaging.",False,False,False,False,,4.0,full_v36_final,1.0,6.0,0.6,,,,,,
ablation_rank_loss,clearance_microsome_az,Spearman,no_seedbag_single_seed,max,1.0,0.4382058069675574,,0.63,-0.1917941930324425,-0.2046081930324425,False,deep_kpgt_ridge_linear,KPGT embedding + target-standardized Ridge/linear head,Spearman,0.5494725608915224,results_strict/ablation_v36_formal/candidate_predictions/deep_kpgt_ridge_linear/clearance_microsome_az/seed_101/test_predictions.csv,Use canonical seed=101 from the valid-selected no_prediction_level_ensemble candidate. No seedbag/5-run averaging; test is final reporting only.,False,False,False,False,,6.0,full_v36_final,1.0,6.0,1.0,,,,,,
ablation_rank_loss,clearance_microsome_az,Spearman,no_task_adaptive_selection,max,5.0,0.5954577077913342,0.010876724540037,0.63,-0.0345422922086657,-0.0473562922086657,False,chem_fp_chemberta_kpgt_ept_xgb,Morgan fingerprint + ChemBERTa+KPGT+EPT embeddings + fixed XGBoost head,Spearman,0.462867713390107,results_strict/ablation_v36_formal/candidate_predictions/chem_fp_chemberta_kpgt_ept_xgb/clearance_microsome_az/seed_*/test_predictions.csv,Global fixed family `chem_fp_chemberta_kpgt_ept_xgb` selected by mean official-valid direction-normalized margin across 22 tasks; no per-task endpoint choice; test is final reporting only.,True,True,False,False,,2.0,full_v36_final,1.0,6.0,0.2,,,,,,
ablation_rank_loss,cyp2c9_substrate_carbonmangels,AUPRC,full_v36_final,max,5.0,0.44337,0.023358,0.474,-0.0306299999999999,0.0,False,fixed_chemical_endpoint_5run_v1/paper_main_chemical_prior_xl_v4_all22_32core_summary_rebuilt_from_json.csv,"Canonical backup uses xl fixed chemical endpoint: xl_v4_kpgt/embed_chem_xl_full_chemical_prior/xgb/topk=1024; formal seeds=101,202,303,404,505.",,,results_strict/final_22task_score_config_table_v36.csv,Reference row from current v36 formal result/config table.,True,True,False,True,,2.0,full_v36_final,2.0,6.0,0.0,,,,,,
ablation_rank_loss,cyp2c9_substrate_carbonmangels,AUPRC,no_chemistry_sidecar,max,5.0,0.314733839909625,0.0180864596755884,0.474,-0.1592661600903749,-0.1286361600903749,False,deep_chemberta_kpgt_ridge_linear,ChemBERTa+KPGT embeddings + target-standardized Ridge/linear head,AUPRC,0.2819285157904561,results_strict/ablation_v36_formal/candidate_predictions/deep_chemberta_kpgt_ridge_linear/cyp2c9_substrate_carbonmangels/seed_*/test_predictions.csv,"Per-task valid-only selection among deep candidates only: ChemBERTa, KPGT, EPT, C+K, K+E, C+K+E. No fingerprint/descriptor/XGB/ExtraTrees/LogisticRegression/tabular chemistry sidecar.",False,False,False,False,,6.0,full_v36_final,2.0,6.0,0.8,,,,,,
ablation_rank_loss,cyp2c9_substrate_carbonmangels,AUPRC,no_ept_or_no_3d,max,5.0,0.4368494179672496,0.018633426367039,0.474,-0.0371505820327503,-0.0065205820327503,False,chem_fp_chemberta_kpgt_xgb,Morgan fingerprint + ChemBERTa+KPGT embeddings + fixed XGBoost head,AUPRC,0.3844024003468874,results_strict/ablation_v36_formal/candidate_predictions/chem_fp_chemberta_kpgt_xgb/cyp2c9_substrate_carbonmangels/seed_*/test_predictions.csv,"Per-task valid-only selection among candidates without EPT/3D: ChemBERTa, KPGT, C+K, and chemistry sidecars without EPT.",True,False,False,False,,3.0,full_v36_final,2.0,6.0,0.2,,,,,,
ablation_rank_loss,cyp2c9_substrate_carbonmangels,AUPRC,no_prediction_level_ensemble,max,5.0,0.4317527297592513,0.0189350356041419,0.474,-0.0422472702407486,-0.0116172702407486,False,chem_fp_chemberta_kpgt_ept_xgb,Morgan fingerprint + ChemBERTa+KPGT+EPT embeddings + fixed XGBoost head,AUPRC,0.3901324408377309,results_strict/ablation_v36_formal/candidate_predictions/chem_fp_chemberta_kpgt_ept_xgb/cyp2c9_substrate_carbonmangels/seed_*/test_predictions.csv,"Per-task valid-only selection of one single candidate family; no rank/logit/zscore/raw prediction blend, no sidecar blend, no foldbag, no seedbag prediction averaging.",True,True,False,False,,4.5,full_v36_final,2.0,6.0,0.5,,,,,,
ablation_rank_loss,cyp2c9_substrate_carbonmangels,AUPRC,no_seedbag_single_seed,max,1.0,0.4517016156517738,,0.474,-0.0222983843482261,0.0083316156517738,False,chem_fp_chemberta_kpgt_ept_xgb,Morgan fingerprint + ChemBERTa+KPGT+EPT embeddings + fixed XGBoost head,AUPRC,0.3802017496812259,results_strict/ablation_v36_formal/candidate_predictions/chem_fp_chemberta_kpgt_ept_xgb/cyp2c9_substrate_carbonmangels/seed_101/test_predictions.csv,Use canonical seed=101 from the valid-selected no_prediction_level_ensemble candidate. No seedbag/5-run averaging; test is final reporting only.,True,True,False,False,,1.0,full_v36_final,2.0,6.0,-0.2,,,,,,
ablation_rank_loss,cyp2c9_substrate_carbonmangels,AUPRC,no_task_adaptive_selection,max,5.0,0.4317527297592513,0.0189350356041419,0.474,-0.0422472702407486,-0.0116172702407486,False,chem_fp_chemberta_kpgt_ept_xgb,Morgan fingerprint + ChemBERTa+KPGT+EPT embeddings + fixed XGBoost head,AUPRC,0.3901324408377309,results_strict/ablation_v36_formal/candidate_predictions/chem_fp_chemberta_kpgt_ept_xgb/cyp2c9_substrate_carbonmangels/seed_*/test_predictions.csv,Global fixed family `chem_fp_chemberta_kpgt_ept_xgb` selected by mean official-valid direction-normalized margin across 22 tasks; no per-task endpoint choice; test is final reporting only.,True,True,False,False,,4.5,full_v36_final,2.0,6.0,0.5,,,,,,
ablation_rank_loss,cyp2c9_veith,AUPRC,full_v36_final,max,5.0,0.790586,0.002608,0.859,-0.0684139999999999,0.0,False,fixed_chemical_endpoint_5run_v1/top1_method_transfer_chem_lite_v1_summary.csv,"Canonical backup uses chem fixed chemical endpoint: kpgt_ept/chem_wide_chem/xgb/topk=all; formal seeds=101,202,303,404,505.",,,results_strict/final_22task_score_config_table_v36.csv,Reference row from current v36 formal result/config table.,True,True,False,True,,1.0,full_v36_final,1.0,6.0,0.0,,,,,,
ablation_rank_loss,cyp2c9_veith,AUPRC,no_chemistry_sidecar,max,5.0,0.539594112867986,0.0034995913072678,0.859,-0.319405887132014,-0.250991887132014,False,deep_chemberta_kpgt_ept_ridge_linear,ChemBERTa+KPGT+EPT embeddings + target-standardized Ridge/linear head,AUPRC,0.5506712597295177,results_strict/ablation_v36_formal/candidate_predictions/deep_chemberta_kpgt_ept_ridge_linear/cyp2c9_veith/seed_*/test_predictions.csv,"Per-task valid-only selection among deep candidates only: ChemBERTa, KPGT, EPT, C+K, K+E, C+K+E. No fingerprint/descriptor/XGB/ExtraTrees/LogisticRegression/tabular chemistry sidecar.",False,True,False,False,,6.0,full_v36_final,1.0,6.0,1.0,,,,,,
ablation_rank_loss,cyp2c9_veith,AUPRC,no_ept_or_no_3d,max,5.0,0.7710219942765797,0.0023590094440746,0.859,-0.0879780057234203,-0.0195640057234203,False,chem_fp_chemberta_kpgt_xgb,Morgan fingerprint + ChemBERTa+KPGT embeddings + fixed XGBoost head,AUPRC,0.786004621952092,results_strict/ablation_v36_formal/candidate_predictions/chem_fp_chemberta_kpgt_xgb/cyp2c9_veith/seed_*/test_predictions.csv,"Per-task valid-only selection among candidates without EPT/3D: ChemBERTa, KPGT, C+K, and chemistry sidecars without EPT.",True,False,False,False,,2.5,full_v36_final,1.0,6.0,0.3,,,,,,
ablation_rank_loss,cyp2c9_veith,AUPRC,no_prediction_level_ensemble,max,5.0,0.7710219942765797,0.0023590094440746,0.859,-0.0879780057234203,-0.0195640057234203,False,chem_fp_chemberta_kpgt_xgb,Morgan fingerprint + ChemBERTa+KPGT embeddings + fixed XGBoost head,AUPRC,0.786004621952092,results_strict/ablation_v36_formal/candidate_predictions/chem_fp_chemberta_kpgt_xgb/cyp2c9_veith/seed_*/test_predictions.csv,"Per-task valid-only selection of one single candidate family; no rank/logit/zscore/raw prediction blend, no sidecar blend, no foldbag, no seedbag prediction averaging.",True,False,False,False,,2.5,full_v36_final,1.0,6.0,0.3,,,,,,
ablation_rank_loss,cyp2c9_veith,AUPRC,no_seedbag_single_seed,max,1.0,0.7700697697202045,,0.859,-0.0889302302797955,-0.0205162302797955,False,chem_fp_chemberta_kpgt_xgb,Morgan fingerprint + ChemBERTa+KPGT embeddings + fixed XGBoost head,AUPRC,0.7849107561784668,results_strict/ablation_v36_formal/candidate_predictions/chem_fp_chemberta_kpgt_xgb/cyp2c9_veith/seed_101/test_predictions.csv,Use canonical seed=101 from the valid-selected no_prediction_level_ensemble candidate. No seedbag/5-run averaging; test is final reporting only.,True,False,False,False,,4.0,full_v36_final,1.0,6.0,0.6,,,,,,
ablation_rank_loss,cyp2c9_veith,AUPRC,no_task_adaptive_selection,max,5.0,0.7514518581428009,0.0026764089122952,0.859,-0.107548141857199,-0.0391341418571991,False,chem_fp_chemberta_kpgt_ept_xgb,Morgan fingerprint + ChemBERTa+KPGT+EPT embeddings + fixed XGBoost head,AUPRC,0.7779011089446939,results_strict/ablation_v36_formal/candidate_predictions/chem_fp_chemberta_kpgt_ept_xgb/cyp2c9_veith/seed_*/test_predictions.csv,Global fixed family `chem_fp_chemberta_kpgt_ept_xgb` selected by mean official-valid direction-normalized margin across 22 tasks; no per-task endpoint choice; test is final reporting only.,True,True,False,False,,5.0,full_v36_final,1.0,6.0,0.8,,,,,,
ablation_rank_loss,cyp2d6_substrate_carbonmangels,AUPRC,full_v36_final,max,5.0,0.747531,0.00961,0.736,0.0115309999999999,0.0,True,cyp2d6_ap_xl_descriptor_seedbag_endpoint_v1,zscore(0.8*AP_surrogate_seedbag + 0.1*XL + 0.1*descriptor_sidecar_v2),,,results_strict/final_22task_score_config_table_v36.csv,Reference row from current v36 formal result/config table.,True,True,True,True,,1.0,full_v36_final,1.0,6.0,0.0,,,,,,
ablation_rank_loss,cyp2d6_substrate_carbonmangels,AUPRC,no_chemistry_sidecar,max,5.0,0.490912627193418,0.0226940162726799,0.736,-0.2450873728065819,-0.2566183728065819,False,deep_chemberta_kpgt_ridge_linear,ChemBERTa+KPGT embeddings + target-standardized Ridge/linear head,AUPRC,0.381539667320188,results_strict/ablation_v36_formal/candidate_predictions/deep_chemberta_kpgt_ridge_linear/cyp2d6_substrate_carbonmangels/seed_*/test_predictions.csv,"Per-task valid-only selection among deep candidates only: ChemBERTa, KPGT, EPT, C+K, K+E, C+K+E. No fingerprint/descriptor/XGB/ExtraTrees/LogisticRegression/tabular chemistry sidecar.",False,False,False,False,,6.0,full_v36_final,1.0,6.0,1.0,,,,,,
ablation_rank_loss,cyp2d6_substrate_carbonmangels,AUPRC,no_ept_or_no_3d,max,5.0,0.7021059512272266,0.0133283670343022,0.736,-0.0338940487727733,-0.0454250487727733,False,chem_fp_chemberta_kpgt_xgb,Morgan fingerprint + ChemBERTa+KPGT embeddings + fixed XGBoost head,AUPRC,0.5462979558276735,results_strict/ablation_v36_formal/candidate_predictions/chem_fp_chemberta_kpgt_xgb/cyp2d6_substrate_carbonmangels/seed_*/test_predictions.csv,"Per-task valid-only selection among candidates without EPT/3D: ChemBERTa, KPGT, C+K, and chemistry sidecars without EPT.",True,False,False,False,,2.5,full_v36_final,1.0,6.0,0.3,,,,,,
ablation_rank_loss,cyp2d6_substrate_carbonmangels,AUPRC,no_prediction_level_ensemble,max,5.0,0.7021059512272266,0.0133283670343022,0.736,-0.0338940487727733,-0.0454250487727733,False,chem_fp_chemberta_kpgt_xgb,Morgan fingerprint + ChemBERTa+KPGT embeddings + fixed XGBoost head,AUPRC,0.5462979558276735,results_strict/ablation_v36_formal/candidate_predictions/chem_fp_chemberta_kpgt_xgb/cyp2d6_substrate_carbonmangels/seed_*/test_predictions.csv,"Per-task valid-only selection of one single candidate family; no rank/logit/zscore/raw prediction blend, no sidecar blend, no foldbag, no seedbag prediction averaging.",True,False,False,False,,2.5,full_v36_final,1.0,6.0,0.3,,,,,,
ablation_rank_loss,cyp2d6_substrate_carbonmangels,AUPRC,no_seedbag_single_seed,max,1.0,0.6985240233492779,,0.736,-0.0374759766507221,-0.049006976650722,False,chem_fp_chemberta_kpgt_xgb,Morgan fingerprint + ChemBERTa+KPGT embeddings + fixed XGBoost head,AUPRC,0.5862188617678519,results_strict/ablation_v36_formal/candidate_predictions/chem_fp_chemberta_kpgt_xgb/cyp2d6_substrate_carbonmangels/seed_101/test_predictions.csv,Use canonical seed=101 from the valid-selected no_prediction_level_ensemble candidate. No seedbag/5-run averaging; test is final reporting only.,True,False,False,False,,4.0,full_v36_final,1.0,6.0,0.6,,,,,,
ablation_rank_loss,cyp2d6_substrate_carbonmangels,AUPRC,no_task_adaptive_selection,max,5.0,0.6895371829847047,0.0098959213690674,0.736,-0.0464628170152953,-0.0579938170152952,False,chem_fp_chemberta_kpgt_ept_xgb,Morgan fingerprint + ChemBERTa+KPGT+EPT embeddings + fixed XGBoost head,AUPRC,0.5351094847256378,results_strict/ablation_v36_formal/candidate_predictions/chem_fp_chemberta_kpgt_ept_xgb/cyp2d6_substrate_carbonmangels/seed_*/test_predictions.csv,Global fixed family `chem_fp_chemberta_kpgt_ept_xgb` selected by mean official-valid direction-normalized margin across 22 tasks; no per-task endpoint choice; test is final reporting only.,True,True,False,False,,5.0,full_v36_final,1.0,6.0,0.8,,,,,,
ablation_rank_loss,cyp2d6_veith,AUPRC,full_v36_final,max,5.0,0.719172,0.005514,0.79,-0.070828,0.0,False,v29_rank_uplift_formula_seedwise,rank(0.4*K+E CE seedbag + 0.3*K+E FP/base_pred sidecar + 0.2*K+E AP + 0.1*tabular FP),,,results_strict/final_22task_score_config_table_v36.csv,Reference row from current v36 formal result/config table.,True,False,True,True,,1.0,full_v36_final,1.0,6.0,0.0,,,,,,
ablation_rank_loss,cyp2d6_veith,AUPRC,no_chemistry_sidecar,max,5.0,0.352326946808219,0.0128635021097552,0.79,-0.437673053191781,-0.366845053191781,False,deep_kpgt_ept_ridge_linear,KPGT+EPT embeddings + target-standardized Ridge/linear head,AUPRC,0.4312145513259605,results_strict/ablation_v36_formal/candidate_predictions/deep_kpgt_ept_ridge_linear/cyp2d6_veith/seed_*/test_predictions.csv,"Per-task valid-only selection among deep candidates only: ChemBERTa, KPGT, EPT, C+K, K+E, C+K+E. No fingerprint/descriptor/XGB/ExtraTrees/LogisticRegression/tabular chemistry sidecar.",False,True,False,False,,6.0,full_v36_final,1.0,6.0,1.0,,,,,,
ablation_rank_loss,cyp2d6_veith,AUPRC,no_ept_or_no_3d,max,5.0,0.6961381524649516,0.0036931380719961,0.79,-0.0938618475350484,-0.0230338475350484,False,chem_fp_chemberta_kpgt_xgb,Morgan fingerprint + ChemBERTa+KPGT embeddings + fixed XGBoost head,AUPRC,0.7289673759367181,results_strict/ablation_v36_formal/candidate_predictions/chem_fp_chemberta_kpgt_xgb/cyp2d6_veith/seed_*/test_predictions.csv,"Per-task valid-only selection among candidates without EPT/3D: ChemBERTa, KPGT, C+K, and chemistry sidecars without EPT.",True,False,False,False,,3.5,full_v36_final,1.0,6.0,0.5,,,,,,
ablation_rank_loss,cyp2d6_veith,AUPRC,no_prediction_level_ensemble,max,5.0,0.6961381524649516,0.0036931380719961,0.79,-0.0938618475350484,-0.0230338475350484,False,chem_fp_chemberta_kpgt_xgb,Morgan fingerprint + ChemBERTa+KPGT embeddings + fixed XGBoost head,AUPRC,0.7289673759367181,results_strict/ablation_v36_formal/candidate_predictions/chem_fp_chemberta_kpgt_xgb/cyp2d6_veith/seed_*/test_predictions.csv,"Per-task valid-only selection of one single candidate family; no rank/logit/zscore/raw prediction blend, no sidecar blend, no foldbag, no seedbag prediction averaging.",True,False,False,False,,3.5,full_v36_final,1.0,6.0,0.5,,,,,,
ablation_rank_loss,cyp2d6_veith,AUPRC,no_seedbag_single_seed,max,1.0,0.7008360219135269,,0.79,-0.0891639780864731,-0.0183359780864731,False,chem_fp_chemberta_kpgt_xgb,Morgan fingerprint + ChemBERTa+KPGT embeddings + fixed XGBoost head,AUPRC,0.7335270048297425,results_strict/ablation_v36_formal/candidate_predictions/chem_fp_chemberta_kpgt_xgb/cyp2d6_veith/seed_101/test_predictions.csv,Use canonical seed=101 from the valid-selected no_prediction_level_ensemble candidate. No seedbag/5-run averaging; test is final reporting only.,True,False,False,False,,2.0,full_v36_final,1.0,6.0,0.2,,,,,,
ablation_rank_loss,cyp2d6_veith,AUPRC,no_task_adaptive_selection,max,5.0,0.6883401136054271,0.0035028651929721,0.79,-0.1016598863945729,-0.0308318863945729,False,chem_fp_chemberta_kpgt_ept_xgb,Morgan fingerprint + ChemBERTa+KPGT+EPT embeddings + fixed XGBoost head,AUPRC,0.7069614031405871,results_strict/ablation_v36_formal/candidate_predictions/chem_fp_chemberta_kpgt_ept_xgb/cyp2d6_veith/seed_*/test_predictions.csv,Global fixed family `chem_fp_chemberta_kpgt_ept_xgb` selected by mean official-valid direction-normalized margin across 22 tasks; no per-task endpoint choice; test is final reporting only.,True,True,False,False,,5.0,full_v36_final,1.0,6.0,0.8,,,,,,
ablation_rank_loss,cyp3a4_substrate_carbonmangels,AUROC,full_v36_final,max,5.0,0.6266048824593129,0.0345077695692252,0.667,-0.0403951175406871,0.0,False,targetwide_safe_fp_chemberta_kpgt_ept_xgb,Target-wide leakage-safe family-transfer XGBoost; Morgan fingerprint + ChemBERTa + KPGT + EPT,,,results_strict/revision_20260918_cyp3a4_substrate_presplit_similarity_v4/final_selected_test_summary.csv,Validation-only selection after one label-free target-universe exact-identity and Morgan-Tanimoto >=0.90 source filter fixed before split-specific fitting; official test labels used only for final scoring.,True,True,False,True,,5.0,full_v36_final,5.0,6.0,0.0,,,,,,
ablation_rank_loss,cyp3a4_substrate_carbonmangels,AUROC,no_chemistry_sidecar,max,5.0,0.6063517179023508,0.02288576059705,0.667,-0.0606482820976492,-0.0202531645569621,False,deep_chemberta_kpgt_ept_ridge_linear,ChemBERTa+KPGT+EPT embeddings + target-standardized Ridge/linear head,AUROC,0.6519713261648745,results_strict/ablation_v36_formal/candidate_predictions/deep_chemberta_kpgt_ept_ridge_linear/cyp3a4_substrate_carbonmangels/seed_*/test_predictions.csv,"Per-task valid-only selection among deep candidates only: ChemBERTa, KPGT, EPT, C+K, K+E, C+K+E. No fingerprint/descriptor/XGB/ExtraTrees/LogisticRegression/tabular chemistry sidecar.",False,True,False,False,,6.0,full_v36_final,5.0,6.0,0.2,,,,,,
ablation_rank_loss,cyp3a4_substrate_carbonmangels,AUROC,no_ept_or_no_3d,max,5.0,0.6705470162748643,0.0067111360033017,0.667,0.0035470162748643,0.0439421338155514,True,chem_fp_xgb,Morgan fingerprint + fixed XGBoost head,AUROC,0.7910394265232974,results_strict/ablation_v36_formal/candidate_predictions/chem_fp_xgb/cyp3a4_substrate_carbonmangels/seed_*/test_predictions.csv,"Per-task valid-only selection among candidates without EPT/3D: ChemBERTa, KPGT, C+K, and chemistry sidecars without EPT.",True,False,False,False,,2.5,full_v36_final,5.0,6.0,-0.5,,,,,,
ablation_rank_loss,cyp3a4_substrate_carbonmangels,AUROC,no_prediction_level_ensemble,max,5.0,0.6705470162748643,0.0067111360033017,0.667,0.0035470162748643,0.0439421338155514,True,chem_fp_xgb,Morgan fingerprint + fixed XGBoost head,AUROC,0.7910394265232974,results_strict/ablation_v36_formal/candidate_predictions/chem_fp_xgb/cyp3a4_substrate_carbonmangels/seed_*/test_predictions.csv,"Per-task valid-only selection of one single candidate family; no rank/logit/zscore/raw prediction blend, no sidecar blend, no foldbag, no seedbag prediction averaging.",True,False,False,False,,2.5,full_v36_final,5.0,6.0,-0.5,,,,,,
ablation_rank_loss,cyp3a4_substrate_carbonmangels,AUROC,no_seedbag_single_seed,max,1.0,0.6734855334538878,,0.667,0.0064855334538878,0.0468806509945749,True,chem_fp_xgb,Morgan fingerprint + fixed XGBoost head,AUROC,0.7983870967741935,results_strict/ablation_v36_formal/candidate_predictions/chem_fp_xgb/cyp3a4_substrate_carbonmangels/seed_101/test_predictions.csv,Use canonical seed=101 from the valid-selected no_prediction_level_ensemble candidate. No seedbag/5-run averaging; test is final reporting only.,True,False,False,False,,1.0,full_v36_final,5.0,6.0,-0.8,,,,,,
ablation_rank_loss,cyp3a4_substrate_carbonmangels,AUROC,no_task_adaptive_selection,max,5.0,0.6683092224231464,0.0057907669069584,0.667,0.0013092224231463,0.0417043399638334,True,chem_fp_chemberta_kpgt_ept_xgb,Morgan fingerprint + ChemBERTa+KPGT+EPT embeddings + fixed XGBoost head,AUROC,0.7125448028673835,results_strict/ablation_v36_formal/candidate_predictions/chem_fp_chemberta_kpgt_ept_xgb/cyp3a4_substrate_carbonmangels/seed_*/test_predictions.csv,Global fixed family `chem_fp_chemberta_kpgt_ept_xgb` selected by mean official-valid direction-normalized margin across 22 tasks; no per-task endpoint choice; test is final reporting only.,True,True,False,False,,4.0,full_v36_final,5.0,6.0,-0.2,,,,,,
ablation_rank_loss,cyp3a4_veith,AUPRC,full_v36_final,max,5.0,0.884121,0.003206,0.916,-0.0318789999999999,0.0,False,v29_rank_uplift_formula_seedwise,logit(0.2*XL_K+E + 0.3*K+E CE seedbag + 0.3*K+E AP + 0.2*tabular FP),,,results_strict/final_22task_score_config_table_v36.csv,Reference row from current v36 formal result/config table.,True,True,True,True,,1.0,full_v36_final,1.0,6.0,0.0,,,,,,
ablation_rank_loss,cyp3a4_veith,AUPRC,no_chemistry_sidecar,max,5.0,0.6570096427362475,0.0072884686473624,0.916,-0.2589903572637525,-0.2271113572637525,False,deep_kpgt_ept_ridge_linear,KPGT+EPT embeddings + target-standardized Ridge/linear head,AUPRC,0.6743520107899456,results_strict/ablation_v36_formal/candidate_predictions/deep_kpgt_ept_ridge_linear/cyp3a4_veith/seed_*/test_predictions.csv,"Per-task valid-only selection among deep candidates only: ChemBERTa, KPGT, EPT, C+K, K+E, C+K+E. No fingerprint/descriptor/XGB/ExtraTrees/LogisticRegression/tabular chemistry sidecar.",False,True,False,False,,6.0,full_v36_final,1.0,6.0,1.0,,,,,,
ablation_rank_loss,cyp3a4_veith,AUPRC,no_ept_or_no_3d,max,5.0,0.8612921926155332,0.0011695924276257,0.916,-0.0547078073844667,-0.0228288073844667,False,chem_fp_chemberta_kpgt_xgb,Morgan fingerprint + ChemBERTa+KPGT embeddings + fixed XGBoost head,AUPRC,0.8803167660208754,results_strict/ablation_v36_formal/candidate_predictions/chem_fp_chemberta_kpgt_xgb/cyp3a4_veith/seed_*/test_predictions.csv,"Per-task valid-only selection among candidates without EPT/3D: ChemBERTa, KPGT, C+K, and chemistry sidecars without EPT.",True,False,False,False,,3.5,full_v36_final,1.0,6.0,0.5,,,,,,
ablation_rank_loss,cyp3a4_veith,AUPRC,no_prediction_level_ensemble,max,5.0,0.8612921926155332,0.0011695924276257,0.916,-0.0547078073844667,-0.0228288073844667,False,chem_fp_chemberta_kpgt_xgb,Morgan fingerprint + ChemBERTa+KPGT embeddings + fixed XGBoost head,AUPRC,0.8803167660208754,results_strict/ablation_v36_formal/candidate_predictions/chem_fp_chemberta_kpgt_xgb/cyp3a4_veith/seed_*/test_predictions.csv,"Per-task valid-only selection of one single candidate family; no rank/logit/zscore/raw prediction blend, no sidecar blend, no foldbag, no seedbag prediction averaging.",True,False,False,False,,3.5,full_v36_final,1.0,6.0,0.5,,,,,,
ablation_rank_loss,cyp3a4_veith,AUPRC,no_seedbag_single_seed,max,1.0,0.8623033394316458,,0.916,-0.0536966605683542,-0.0218176605683542,False,chem_fp_chemberta_kpgt_xgb,Morgan fingerprint + ChemBERTa+KPGT embeddings + fixed XGBoost head,AUPRC,0.8825056929906333,results_strict/ablation_v36_formal/candidate_predictions/chem_fp_chemberta_kpgt_xgb/cyp3a4_veith/seed_101/test_predictions.csv,Use canonical seed=101 from the valid-selected no_prediction_level_ensemble candidate. No seedbag/5-run averaging; test is final reporting only.,True,False,False,False,,2.0,full_v36_final,1.0,6.0,0.2,,,,,,
ablation_rank_loss,cyp3a4_veith,AUPRC,no_task_adaptive_selection,max,5.0,0.8598983556856856,0.0010748184248036,0.916,-0.0561016443143144,-0.0242226443143144,False,chem_fp_chemberta_kpgt_ept_xgb,Morgan fingerprint + ChemBERTa+KPGT+EPT embeddings + fixed XGBoost head,AUPRC,0.8747175553057407,results_strict/ablation_v36_formal/candidate_predictions/chem_fp_chemberta_kpgt_ept_xgb/cyp3a4_veith/seed_*/test_predictions.csv,Global fixed family `chem_fp_chemberta_kpgt_ept_xgb` selected by mean official-valid direction-normalized margin across 22 tasks; no per-task endpoint choice; test is final reporting only.,True,True,False,False,,5.0,full_v36_final,1.0,6.0,0.8,,,,,,
ablation_rank_loss,dili,AUROC,full_v36_final,max,5.0,0.908609,0.00552,0.956,-0.0473909999999999,0.0,False,v29_rank_uplift_formula_seedwise,raw(0.6*XL_K+E + 0.2*K+E CE seedbag + 0.2*K+E descriptor sidecar),,,results_strict/final_22task_score_config_table_v36.csv,Reference row from current v36 formal result/config table.,True,True,True,True,,1.0,full_v36_final,1.0,6.0,0.0,,,,,,
ablation_rank_loss,dili,AUROC,no_chemistry_sidecar,max,5.0,0.7661739130434783,0.0279504692887142,0.956,-0.1898260869565217,-0.1424350869565217,False,deep_kpgt_ridge_linear,KPGT embedding + target-standardized Ridge/linear head,AUROC,0.7934065934065934,results_strict/ablation_v36_formal/candidate_predictions/deep_kpgt_ridge_linear/dili/seed_*/test_predictions.csv,"Per-task valid-only selection among deep candidates only: ChemBERTa, KPGT, EPT, C+K, K+E, C+K+E. No fingerprint/descriptor/XGB/ExtraTrees/LogisticRegression/tabular chemistry sidecar.",False,False,False,False,,6.0,full_v36_final,1.0,6.0,1.0,,,,,,
ablation_rank_loss,dili,AUROC,no_ept_or_no_3d,max,5.0,0.8666086956521738,0.0067314121299144,0.956,-0.0893913043478261,-0.0420003043478262,False,chem_fp_xgb,Morgan fingerprint + fixed XGBoost head,AUROC,0.8382417582417583,results_strict/ablation_v36_formal/candidate_predictions/chem_fp_xgb/dili/seed_*/test_predictions.csv,"Per-task valid-only selection among candidates without EPT/3D: ChemBERTa, KPGT, C+K, and chemistry sidecars without EPT.",True,False,False,False,,3.5,full_v36_final,1.0,6.0,0.5,,,,,,
ablation_rank_loss,dili,AUROC,no_prediction_level_ensemble,max,5.0,0.8666086956521738,0.0067314121299144,0.956,-0.0893913043478261,-0.0420003043478262,False,chem_fp_xgb,Morgan fingerprint + fixed XGBoost head,AUROC,0.8382417582417583,results_strict/ablation_v36_formal/candidate_predictions/chem_fp_xgb/dili/seed_*/test_predictions.csv,"Per-task valid-only selection of one single candidate family; no rank/logit/zscore/raw prediction blend, no sidecar blend, no foldbag, no seedbag prediction averaging.",True,False,False,False,,3.5,full_v36_final,1.0,6.0,0.5,,,,,,
ablation_rank_loss,dili,AUROC,no_seedbag_single_seed,max,1.0,0.8578260869565217,,0.956,-0.0981739130434782,-0.0507829130434782,False,chem_fp_xgb,Morgan fingerprint + fixed XGBoost head,AUROC,0.8395604395604396,results_strict/ablation_v36_formal/candidate_predictions/chem_fp_xgb/dili/seed_101/test_predictions.csv,Use canonical seed=101 from the valid-selected no_prediction_level_ensemble candidate. No seedbag/5-run averaging; test is final reporting only.,True,False,False,False,,5.0,full_v36_final,1.0,6.0,0.8,,,,,,
ablation_rank_loss,dili,AUROC,no_task_adaptive_selection,max,5.0,0.903304347826087,0.0100922025338811,0.956,-0.0526956521739129,-0.0053046521739129,False,chem_fp_chemberta_kpgt_ept_xgb,Morgan fingerprint + ChemBERTa+KPGT+EPT embeddings + fixed XGBoost head,AUROC,0.8338461538461539,results_strict/ablation_v36_formal/candidate_predictions/chem_fp_chemberta_kpgt_ept_xgb/dili/seed_*/test_predictions.csv,Global fixed family `chem_fp_chemberta_kpgt_ept_xgb` selected by mean official-valid direction-normalized margin across 22 tasks; no per-task endpoint choice; test is final reporting only.,True,True,False,False,,2.0,full_v36_final,1.0,6.0,0.2,,,,,,
ablation_rank_loss,half_life_obach,Spearman,full_v36_final,max,5.0,0.49139,0.009785,0.576,-0.0846099999999999,0.0,False,v29_rank_uplift_formula_seedwise,zscore(0.5*C+K metric_auto + 0.1*C+K Spearman seedbag + 0.4*C+K descriptor sidecar),,,results_strict/final_22task_score_config_table_v36.csv,Reference row from current v36 formal result/config table.,True,False,True,True,,1.0,full_v36_final,1.0,6.0,0.0,,,,,,
ablation_rank_loss,half_life_obach,Spearman,no_chemistry_sidecar,max,5.0,0.3317560765672304,0.0,0.576,-0.2442439234327695,-0.1596339234327696,False,deep_ept_ridge_linear,EPT/3D embedding + target-standardized Ridge/linear head,Spearman,0.2477424017692278,results_strict/ablation_v36_formal/candidate_predictions/deep_ept_ridge_linear/half_life_obach/seed_*/test_predictions.csv,"Per-task valid-only selection among deep candidates only: ChemBERTa, KPGT, EPT, C+K, K+E, C+K+E. No fingerprint/descriptor/XGB/ExtraTrees/LogisticRegression/tabular chemistry sidecar.",False,True,False,False,,6.0,full_v36_final,1.0,6.0,1.0,,,,,,
ablation_rank_loss,half_life_obach,Spearman,no_ept_or_no_3d,max,5.0,0.4018744224350543,0.0322303826400825,0.576,-0.1741255775649456,-0.0895155775649456,False,chem_fp_chemberta_kpgt_xgb,Morgan fingerprint + ChemBERTa+KPGT embeddings + fixed XGBoost head,Spearman,0.5196882822613267,results_strict/ablation_v36_formal/candidate_predictions/chem_fp_chemberta_kpgt_xgb/half_life_obach/seed_*/test_predictions.csv,"Per-task valid-only selection among candidates without EPT/3D: ChemBERTa, KPGT, C+K, and chemistry sidecars without EPT.",True,False,False,False,,3.5,full_v36_final,1.0,6.0,0.5,,,,,,
ablation_rank_loss,half_life_obach,Spearman,no_prediction_level_ensemble,max,5.0,0.4018744224350543,0.0322303826400825,0.576,-0.1741255775649456,-0.0895155775649456,False,chem_fp_chemberta_kpgt_xgb,Morgan fingerprint + ChemBERTa+KPGT embeddings + fixed XGBoost head,Spearman,0.5196882822613267,results_strict/ablation_v36_formal/candidate_predictions/chem_fp_chemberta_kpgt_xgb/half_life_obach/seed_*/test_predictions.csv,"Per-task valid-only selection of one single candidate family; no rank/logit/zscore/raw prediction blend, no sidecar blend, no foldbag, no seedbag prediction averaging.",True,False,False,False,,3.5,full_v36_final,1.0,6.0,0.5,,,,,,
ablation_rank_loss,half_life_obach,Spearman,no_seedbag_single_seed,max,1.0,0.4196225087944947,,0.576,-0.1563774912055052,-0.0717674912055053,False,chem_fp_chemberta_kpgt_xgb,Morgan fingerprint + ChemBERTa+KPGT embeddings + fixed XGBoost head,Spearman,0.5243222266540136,results_strict/ablation_v36_formal/candidate_predictions/chem_fp_chemberta_kpgt_xgb/half_life_obach/seed_101/test_predictions.csv,Use canonical seed=101 from the valid-selected no_prediction_level_ensemble candidate. No seedbag/5-run averaging; test is final reporting only.,True,False,False,False,,2.0,full_v36_final,1.0,6.0,0.2,,,,,,
ablation_rank_loss,half_life_obach,Spearman,no_task_adaptive_selection,max,5.0,0.3850970831788019,0.0292139793668846,0.576,-0.190902916821198,-0.106292916821198,False,chem_fp_chemberta_kpgt_ept_xgb,Morgan fingerprint + ChemBERTa+KPGT+EPT embeddings + fixed XGBoost head,Spearman,0.4790325048419396,results_strict/ablation_v36_formal/candidate_predictions/chem_fp_chemberta_kpgt_ept_xgb/half_life_obach/seed_*/test_predictions.csv,Global fixed family `chem_fp_chemberta_kpgt_ept_xgb` selected by mean official-valid direction-normalized margin across 22 tasks; no per-task endpoint choice; test is final reporting only.,True,True,False,False,,5.0,full_v36_final,1.0,6.0,0.8,,,,,,
ablation_rank_loss,herg,AUROC,full_v36_final,max,5.0,0.863358,0.002334,0.88,-0.016642,0.0,False,fixed_chemical_endpoint_5run_v1/paper_main_chemical_prior_xl_v4_all22_32core_summary_rebuilt_from_json.csv,"Canonical backup uses xl fixed chemical endpoint: xl_v4_ept/embed_chem_xl_morgan_family/extratrees/topk=all; formal seeds=101,202,303,404,505.",,,results_strict/final_22task_score_config_table_v36.csv,Reference row from current v36 formal result/config table.,True,True,False,True,,1.0,full_v36_final,1.0,6.0,0.0,,,,,,
ablation_rank_loss,herg,AUROC,no_chemistry_sidecar,max,5.0,0.7354344624447717,0.0243344698601934,0.88,-0.1445655375552282,-0.1279235375552282,False,deep_kpgt_ept_ridge_linear,KPGT+EPT embeddings + target-standardized Ridge/linear head,AUROC,0.7916666666666667,results_strict/ablation_v36_formal/candidate_predictions/deep_kpgt_ept_ridge_linear/herg/seed_*/test_predictions.csv,"Per-task valid-only selection among deep candidates only: ChemBERTa, KPGT, EPT, C+K, K+E, C+K+E. No fingerprint/descriptor/XGB/ExtraTrees/LogisticRegression/tabular chemistry sidecar.",False,True,False,False,,6.0,full_v36_final,1.0,6.0,1.0,,,,,,
ablation_rank_loss,herg,AUROC,no_ept_or_no_3d,max,5.0,0.8139911634756996,0.0093214977310437,0.88,-0.0660088365243004,-0.0493668365243004,False,chem_fp_chemberta_kpgt_xgb,Morgan fingerprint + ChemBERTa+KPGT embeddings + fixed XGBoost head,AUROC,0.8517857142857143,results_strict/ablation_v36_formal/candidate_predictions/chem_fp_chemberta_kpgt_xgb/herg/seed_*/test_predictions.csv,"Per-task valid-only selection among candidates without EPT/3D: ChemBERTa, KPGT, C+K, and chemistry sidecars without EPT.",True,False,False,False,,4.0,full_v36_final,1.0,6.0,0.6,,,,,,
ablation_rank_loss,herg,AUROC,no_prediction_level_ensemble,max,5.0,0.8164948453608247,0.0092138393635446,0.88,-0.0635051546391752,-0.0468631546391752,False,chem_fp_chemberta_kpgt_ept_xgb,Morgan fingerprint + ChemBERTa+KPGT+EPT embeddings + fixed XGBoost head,AUROC,0.878968253968254,results_strict/ablation_v36_formal/candidate_predictions/chem_fp_chemberta_kpgt_ept_xgb/herg/seed_*/test_predictions.csv,"Per-task valid-only selection of one single candidate family; no rank/logit/zscore/raw prediction blend, no sidecar blend, no foldbag, no seedbag prediction averaging.",True,True,False,False,,2.5,full_v36_final,1.0,6.0,0.3,,,,,,
ablation_rank_loss,herg,AUROC,no_seedbag_single_seed,max,1.0,0.804860088365243,,0.88,-0.0751399116347569,-0.0584979116347569,False,chem_fp_chemberta_kpgt_ept_xgb,Morgan fingerprint + ChemBERTa+KPGT+EPT embeddings + fixed XGBoost head,AUROC,0.8789682539682541,results_strict/ablation_v36_formal/candidate_predictions/chem_fp_chemberta_kpgt_ept_xgb/herg/seed_101/test_predictions.csv,Use canonical seed=101 from the valid-selected no_prediction_level_ensemble candidate. No seedbag/5-run averaging; test is final reporting only.,True,True,False,False,,5.0,full_v36_final,1.0,6.0,0.8,,,,,,
ablation_rank_loss,herg,AUROC,no_task_adaptive_selection,max,5.0,0.8164948453608247,0.0092138393635446,0.88,-0.0635051546391752,-0.0468631546391752,False,chem_fp_chemberta_kpgt_ept_xgb,Morgan fingerprint + ChemBERTa+KPGT+EPT embeddings + fixed XGBoost head,AUROC,0.878968253968254,results_strict/ablation_v36_formal/candidate_predictions/chem_fp_chemberta_kpgt_ept_xgb/herg/seed_*/test_predictions.csv,Global fixed family `chem_fp_chemberta_kpgt_ept_xgb` selected by mean official-valid direction-normalized margin across 22 tasks; no per-task endpoint choice; test is final reporting only.,True,True,False,False,,2.5,full_v36_final,1.0,6.0,0.3,,,,,,
ablation_rank_loss,hia_hou,AUROC,full_v36_final,max,5.0,0.99428,0.001736,0.993,0.00128,0.0,True,hia_hou_true5run_seedvarying_endpoint_audit_v1,rank(0.1*selected_gated_5seed + 0.5*official_sidecar_bagged + 0.4*chem_logreg_trainonly); valid-only saturated-valid tie-break; true seed-varying 5-run final scores,,,results_strict/final_22task_score_config_table_v36.csv,Reference row from current v36 formal result/config table.,True,False,True,True,,1.0,full_v36_final,1.0,6.0,0.0,,,,,,
ablation_rank_loss,hia_hou,AUROC,no_chemistry_sidecar,max,5.0,0.9066666666666666,0.0188670898177037,0.993,-0.0863333333333333,-0.0876133333333334,False,deep_kpgt_ept_ridge_linear,KPGT+EPT embeddings + target-standardized Ridge/linear head,AUROC,0.92375,results_strict/ablation_v36_formal/candidate_predictions/deep_kpgt_ept_ridge_linear/hia_hou/seed_*/test_predictions.csv,"Per-task valid-only selection among deep candidates only: ChemBERTa, KPGT, EPT, C+K, K+E, C+K+E. No fingerprint/descriptor/XGB/ExtraTrees/LogisticRegression/tabular chemistry sidecar.",False,True,False,False,,6.0,full_v36_final,1.0,6.0,1.0,,,,,,
ablation_rank_loss,hia_hou,AUROC,no_ept_or_no_3d,max,5.0,0.9508641975308642,0.0042528430231321,0.993,-0.0421358024691358,-0.0434158024691359,False,chem_fp_chemberta_kpgt_xgb,Morgan fingerprint + ChemBERTa+KPGT embeddings + fixed XGBoost head,AUROC,0.99625,results_strict/ablation_v36_formal/candidate_predictions/chem_fp_chemberta_kpgt_xgb/hia_hou/seed_*/test_predictions.csv,"Per-task valid-only selection among candidates without EPT/3D: ChemBERTa, KPGT, C+K, and chemistry sidecars without EPT.",True,False,False,False,,3.5,full_v36_final,1.0,6.0,0.5,,,,,,
ablation_rank_loss,hia_hou,AUROC,no_prediction_level_ensemble,max,5.0,0.9508641975308642,0.0042528430231321,0.993,-0.0421358024691358,-0.0434158024691359,False,chem_fp_chemberta_kpgt_xgb,Morgan fingerprint + ChemBERTa+KPGT embeddings + fixed XGBoost head,AUROC,0.99625,results_strict/ablation_v36_formal/candidate_predictions/chem_fp_chemberta_kpgt_xgb/hia_hou/seed_*/test_predictions.csv,"Per-task valid-only selection of one single candidate family; no rank/logit/zscore/raw prediction blend, no sidecar blend, no foldbag, no seedbag prediction averaging.",True,False,False,False,,3.5,full_v36_final,1.0,6.0,0.5,,,,,,
ablation_rank_loss,hia_hou,AUROC,no_seedbag_single_seed,max,1.0,0.9456790123456792,,0.993,-0.0473209876543209,-0.0486009876543209,False,chem_fp_chemberta_kpgt_xgb,Morgan fingerprint + ChemBERTa+KPGT embeddings + fixed XGBoost head,AUROC,0.9958333333333332,results_strict/ablation_v36_formal/candidate_predictions/chem_fp_chemberta_kpgt_xgb/hia_hou/seed_101/test_predictions.csv,Use canonical seed=101 from the valid-selected no_prediction_level_ensemble candidate. No seedbag/5-run averaging; test is final reporting only.,True,False,False,False,,5.0,full_v36_final,1.0,6.0,0.8,,,,,,
ablation_rank_loss,hia_hou,AUROC,no_task_adaptive_selection,max,5.0,0.9700411522633744,0.005360862245097,0.993,-0.0229588477366254,-0.0242388477366255,False,chem_fp_chemberta_kpgt_ept_xgb,Morgan fingerprint + ChemBERTa+KPGT+EPT embeddings + fixed XGBoost head,AUROC,0.9908333333333332,results_strict/ablation_v36_formal/candidate_predictions/chem_fp_chemberta_kpgt_ept_xgb/hia_hou/seed_*/test_predictions.csv,Global fixed family `chem_fp_chemberta_kpgt_ept_xgb` selected by mean official-valid direction-normalized margin across 22 tasks; no per-task endpoint choice; test is final reporting only.,True,True,False,False,,2.0,full_v36_final,1.0,6.0,0.2,,,,,,
ablation_rank_loss,ld50_zhu,MAE,full_v36_final,min,5.0,0.603071,0.003837,0.552,-0.0510709999999999,0.0,False,fixed_chemical_endpoint_5run_v1/paper_main_chemical_prior_xl_v4_all22_32core_summary_rebuilt_from_json.csv,"Canonical backup uses xl fixed chemical endpoint: xl_v4_chemberta_kpgt/chem_xl_full_chemical_prior/xgb/topk=4096; formal seeds=101,202,303,404,505.",,,results_strict/final_22task_score_config_table_v36.csv,Reference row from current v36 formal result/config table.,True,True,False,True,,1.0,full_v36_final,1.0,6.0,0.0,,,,,,
ablation_rank_loss,ld50_zhu,MAE,no_chemistry_sidecar,min,5.0,0.704358148056051,0.0,0.552,-0.1523581480560509,-0.1012871480560509,False,deep_ept_ridge_linear,EPT/3D embedding + target-standardized Ridge/linear head,MAE,0.6619376488716625,results_strict/ablation_v36_formal/candidate_predictions/deep_ept_ridge_linear/ld50_zhu/seed_*/test_predictions.csv,"Per-task valid-only selection among deep candidates only: ChemBERTa, KPGT, EPT, C+K, K+E, C+K+E. No fingerprint/descriptor/XGB/ExtraTrees/LogisticRegression/tabular chemistry sidecar.",False,True,False,False,,6.0,full_v36_final,1.0,6.0,1.0,,,,,,
ablation_rank_loss,ld50_zhu,MAE,no_ept_or_no_3d,min,5.0,0.6285455688031343,0.0051829316939143,0.552,-0.0765455688031342,-0.0254745688031342,False,chem_fp_chemberta_kpgt_xgb,Morgan fingerprint + ChemBERTa+KPGT embeddings + fixed XGBoost head,MAE,0.5476470731394526,results_strict/ablation_v36_formal/candidate_predictions/chem_fp_chemberta_kpgt_xgb/ld50_zhu/seed_*/test_predictions.csv,"Per-task valid-only selection among candidates without EPT/3D: ChemBERTa, KPGT, C+K, and chemistry sidecars without EPT.",True,False,False,False,,5.0,full_v36_final,1.0,6.0,0.8,,,,,,
ablation_rank_loss,ld50_zhu,MAE,no_prediction_level_ensemble,min,5.0,0.6192784960295092,0.0028953504959784,0.552,-0.0672784960295092,-0.0162074960295092,False,chem_fp_chemberta_kpgt_ept_xgb,Morgan fingerprint + ChemBERTa+KPGT+EPT embeddings + fixed XGBoost head,MAE,0.5417971992492676,results_strict/ablation_v36_formal/candidate_predictions/chem_fp_chemberta_kpgt_ept_xgb/ld50_zhu/seed_*/test_predictions.csv,"Per-task valid-only selection of one single candidate family; no rank/logit/zscore/raw prediction blend, no sidecar blend, no foldbag, no seedbag prediction averaging.",True,True,False,False,,2.5,full_v36_final,1.0,6.0,0.3,,,,,,
ablation_rank_loss,ld50_zhu,MAE,no_seedbag_single_seed,min,1.0,0.6218126123432216,,0.552,-0.0698126123432215,-0.0187416123432215,False,chem_fp_chemberta_kpgt_ept_xgb,Morgan fingerprint + ChemBERTa+KPGT+EPT embeddings + fixed XGBoost head,MAE,0.5385813439821667,results_strict/ablation_v36_formal/candidate_predictions/chem_fp_chemberta_kpgt_ept_xgb/ld50_zhu/seed_101/test_predictions.csv,Use canonical seed=101 from the valid-selected no_prediction_level_ensemble candidate. No seedbag/5-run averaging; test is final reporting only.,True,True,False,False,,4.0,full_v36_final,1.0,6.0,0.6,,,,,,
ablation_rank_loss,ld50_zhu,MAE,no_task_adaptive_selection,min,5.0,0.6192784960295092,0.0028953504959784,0.552,-0.0672784960295092,-0.0162074960295092,False,chem_fp_chemberta_kpgt_ept_xgb,Morgan fingerprint + ChemBERTa+KPGT+EPT embeddings + fixed XGBoost head,MAE,0.5417971992492676,results_strict/ablation_v36_formal/candidate_predictions/chem_fp_chemberta_kpgt_ept_xgb/ld50_zhu/seed_*/test_predictions.csv,Global fixed family `chem_fp_chemberta_kpgt_ept_xgb` selected by mean official-valid direction-normalized margin across 22 tasks; no per-task endpoint choice; test is final reporting only.,True,True,False,False,,2.5,full_v36_final,1.0,6.0,0.3,,,,,,
ablation_rank_loss,lipophilicity_astrazeneca,MAE,full_v36_final,min,5.0,0.472895,0.006499,0.456,-0.0168949999999999,0.0,False,v29_rank_uplift_formula_seedwise,raw(0.2*XL_K + 0.1*tabular FP + 0.3*K metric_auto + 0.4*K SmoothL1 seedbag),,,results_strict/final_22task_score_config_table_v36.csv,Reference row from current v36 formal result/config table.,True,True,True,True,,1.0,full_v36_final,1.0,6.0,0.0,,,,,,
ablation_rank_loss,lipophilicity_astrazeneca,MAE,no_chemistry_sidecar,min,5.0,0.5572363431113107,0.0,0.456,-0.1012363431113106,-0.0843413431113106,False,deep_kpgt_ept_ridge_linear,KPGT+EPT embeddings + target-standardized Ridge/linear head,MAE,0.6069383616220383,results_strict/ablation_v36_formal/candidate_predictions/deep_kpgt_ept_ridge_linear/lipophilicity_astrazeneca/seed_*/test_predictions.csv,"Per-task valid-only selection among deep candidates only: ChemBERTa, KPGT, EPT, C+K, K+E, C+K+E. No fingerprint/descriptor/XGB/ExtraTrees/LogisticRegression/tabular chemistry sidecar.",False,True,False,False,,3.0,full_v36_final,1.0,6.0,0.4,,,,,,
ablation_rank_loss,lipophilicity_astrazeneca,MAE,no_ept_or_no_3d,min,5.0,0.5614764313300451,0.0,0.456,-0.105476431330045,-0.088581431330045,False,deep_kpgt_ridge_linear,KPGT embedding + target-standardized Ridge/linear head,MAE,0.6272333172616505,results_strict/ablation_v36_formal/candidate_predictions/deep_kpgt_ridge_linear/lipophilicity_astrazeneca/seed_*/test_predictions.csv,"Per-task valid-only selection among candidates without EPT/3D: ChemBERTa, KPGT, C+K, and chemistry sidecars without EPT.",False,False,False,False,,5.0,full_v36_final,1.0,6.0,0.8,,,,,,
ablation_rank_loss,lipophilicity_astrazeneca,MAE,no_prediction_level_ensemble,min,5.0,0.5572363431113107,0.0,0.456,-0.1012363431113106,-0.0843413431113106,False,deep_kpgt_ept_ridge_linear,KPGT+EPT embeddings + target-standardized Ridge/linear head,MAE,0.6069383616220383,results_strict/ablation_v36_formal/candidate_predictions/deep_kpgt_ept_ridge_linear/lipophilicity_astrazeneca/seed_*/test_predictions.csv,"Per-task valid-only selection of one single candidate family; no rank/logit/zscore/raw prediction blend, no sidecar blend, no foldbag, no seedbag prediction averaging.",False,True,False,False,,3.0,full_v36_final,1.0,6.0,0.4,,,,,,
ablation_rank_loss,lipophilicity_astrazeneca,MAE,no_seedbag_single_seed,min,1.0,0.5572363431113107,,0.456,-0.1012363431113106,-0.0843413431113106,False,deep_kpgt_ept_ridge_linear,KPGT+EPT embeddings + target-standardized Ridge/linear head,MAE,0.6069383616220383,results_strict/ablation_v36_formal/candidate_predictions/deep_kpgt_ept_ridge_linear/lipophilicity_astrazeneca/seed_101/test_predictions.csv,Use canonical seed=101 from the valid-selected no_prediction_level_ensemble candidate. No seedbag/5-run averaging; test is final reporting only.,False,True,False,False,,3.0,full_v36_final,1.0,6.0,0.4,,,,,,
ablation_rank_loss,lipophilicity_astrazeneca,MAE,no_task_adaptive_selection,min,5.0,0.6003640692421202,0.0040253661808435,0.456,-0.1443640692421201,-0.1274690692421201,False,chem_fp_chemberta_kpgt_ept_xgb,Morgan fingerprint + ChemBERTa+KPGT+EPT embeddings + fixed XGBoost head,MAE,0.6590937401126723,results_strict/ablation_v36_formal/candidate_predictions/chem_fp_chemberta_kpgt_ept_xgb/lipophilicity_astrazeneca/seed_*/test_predictions.csv,Global fixed family `chem_fp_chemberta_kpgt_ept_xgb` selected by mean official-valid direction-normalized margin across 22 tasks; no per-task endpoint choice; test is final reporting only.,True,True,False,False,,6.0,full_v36_final,1.0,6.0,1.0,,,,,,
ablation_rank_loss,pgp_broccatelli,AUROC,full_v36_final,max,5.0,0.938363,0.003565,0.938,0.000363,0.0,True,pgp_frozen_blend_audit_v1,logit(0.65*layerwise_selected_gated + 0.25*aux_K+E + 0.10*aux_K),,,results_strict/final_22task_score_config_table_v36.csv,Reference row from current v36 formal result/config table.,False,False,True,False,,1.0,full_v36_final,1.0,6.0,0.0,,,,,,
ablation_rank_loss,pgp_broccatelli,AUROC,no_chemistry_sidecar,max,5.0,0.8001999466808852,0.0353137938024883,0.938,-0.1378000533191147,-0.1381630533191147,False,deep_ept_ridge_linear,EPT/3D embedding + target-standardized Ridge/linear head,AUROC,0.8193496371943025,results_strict/ablation_v36_formal/candidate_predictions/deep_ept_ridge_linear/pgp_broccatelli/seed_*/test_predictions.csv,"Per-task valid-only selection among deep candidates only: ChemBERTa, KPGT, EPT, C+K, K+E, C+K+E. No fingerprint/descriptor/XGB/ExtraTrees/LogisticRegression/tabular chemistry sidecar.",False,True,False,False,,6.0,full_v36_final,1.0,6.0,1.0,,,,,,
ablation_rank_loss,pgp_broccatelli,AUROC,no_ept_or_no_3d,max,5.0,0.9309650759797388,0.0022682176461591,0.938,-0.0070349240202611,-0.0073979240202611,False,chem_fp_chemberta_kpgt_xgb,Morgan fingerprint + ChemBERTa+KPGT embeddings + fixed XGBoost head,AUROC,0.924966406879871,results_strict/ablation_v36_formal/candidate_predictions/chem_fp_chemberta_kpgt_xgb/pgp_broccatelli/seed_*/test_predictions.csv,"Per-task valid-only selection among candidates without EPT/3D: ChemBERTa, KPGT, C+K, and chemistry sidecars without EPT.",True,False,False,False,,2.0,full_v36_final,1.0,6.0,0.2,,,,,,
ablation_rank_loss,pgp_broccatelli,AUROC,no_prediction_level_ensemble,max,5.0,0.929285523860304,0.0023260368390582,0.938,-0.008714476139696,-0.009077476139696,False,chem_fp_chemberta_kpgt_ept_xgb,Morgan fingerprint + ChemBERTa+KPGT+EPT embeddings + fixed XGBoost head,AUROC,0.9364149422198336,results_strict/ablation_v36_formal/candidate_predictions/chem_fp_chemberta_kpgt_ept_xgb/pgp_broccatelli/seed_*/test_predictions.csv,"Per-task valid-only selection of one single candidate family; no rank/logit/zscore/raw prediction blend, no sidecar blend, no foldbag, no seedbag prediction averaging.",True,True,False,False,,3.5,full_v36_final,1.0,6.0,0.5,,,,,,
ablation_rank_loss,pgp_broccatelli,AUROC,no_seedbag_single_seed,max,1.0,0.9273527059450812,,0.938,-0.0106472940549187,-0.0110102940549187,False,chem_fp_chemberta_kpgt_ept_xgb,Morgan fingerprint + ChemBERTa+KPGT+EPT embeddings + fixed XGBoost head,AUROC,0.9333512496640688,results_strict/ablation_v36_formal/candidate_predictions/chem_fp_chemberta_kpgt_ept_xgb/pgp_broccatelli/seed_101/test_predictions.csv,Use canonical seed=101 from the valid-selected no_prediction_level_ensemble candidate. No seedbag/5-run averaging; test is final reporting only.,True,True,False,False,,5.0,full_v36_final,1.0,6.0,0.8,,,,,,
ablation_rank_loss,pgp_broccatelli,AUROC,no_task_adaptive_selection,max,5.0,0.929285523860304,0.0023260368390582,0.938,-0.008714476139696,-0.009077476139696,False,chem_fp_chemberta_kpgt_ept_xgb,Morgan fingerprint + ChemBERTa+KPGT+EPT embeddings + fixed XGBoost head,AUROC,0.9364149422198336,results_strict/ablation_v36_formal/candidate_predictions/chem_fp_chemberta_kpgt_ept_xgb/pgp_broccatelli/seed_*/test_predictions.csv,Global fixed family `chem_fp_chemberta_kpgt_ept_xgb` selected by mean official-valid direction-normalized margin across 22 tasks; no per-task endpoint choice; test is final reporting only.,True,True,False,False,,3.5,full_v36_final,1.0,6.0,0.5,,,,,,
ablation_rank_loss,ppbr_az,MAE,full_v36_final,min,5.0,7.330617,0.098555,7.44,0.1093830000000002,0.0,True,ppbr_kpgt_fp_seedbag_endpoint_v1,0.7*KPGT_seedbag + 0.3*fp_only,,,results_strict/final_22task_score_config_table_v36.csv,Reference row from current v36 formal result/config table.,True,False,True,True,,1.0,full_v36_final,1.0,6.0,0.0,,,,,,
ablation_rank_loss,ppbr_az,MAE,no_chemistry_sidecar,min,5.0,9.952255878968826,0.0,7.44,-2.512255878968825,-2.621638878968826,False,deep_ept_ridge_linear,EPT/3D embedding + target-standardized Ridge/linear head,MAE,13.43795247493252,results_strict/ablation_v36_formal/candidate_predictions/deep_ept_ridge_linear/ppbr_az/seed_*/test_predictions.csv,"Per-task valid-only selection among deep candidates only: ChemBERTa, KPGT, EPT, C+K, K+E, C+K+E. No fingerprint/descriptor/XGB/ExtraTrees/LogisticRegression/tabular chemistry sidecar.",False,True,False,False,,6.0,full_v36_final,1.0,6.0,1.0,,,,,,
ablation_rank_loss,ppbr_az,MAE,no_ept_or_no_3d,min,5.0,8.861805945872408,0.11970866586955,7.44,-1.421805945872408,-1.531188945872408,False,chem_fp_chemberta_kpgt_xgb,Morgan fingerprint + ChemBERTa+KPGT embeddings + fixed XGBoost head,MAE,12.5232552851195,results_strict/ablation_v36_formal/candidate_predictions/chem_fp_chemberta_kpgt_xgb/ppbr_az/seed_*/test_predictions.csv,"Per-task valid-only selection among candidates without EPT/3D: ChemBERTa, KPGT, C+K, and chemistry sidecars without EPT.",True,False,False,False,,2.0,full_v36_final,1.0,6.0,0.2,,,,,,
ablation_rank_loss,ppbr_az,MAE,no_prediction_level_ensemble,min,5.0,9.195011191161672,0.1124528344322945,7.44,-1.755011191161672,-1.864394191161672,False,chem_fp_chemberta_kpgt_ept_xgb,Morgan fingerprint + ChemBERTa+KPGT+EPT embeddings + fixed XGBoost head,MAE,11.90576154778593,results_strict/ablation_v36_formal/candidate_predictions/chem_fp_chemberta_kpgt_ept_xgb/ppbr_az/seed_*/test_predictions.csv,"Per-task valid-only selection of one single candidate family; no rank/logit/zscore/raw prediction blend, no sidecar blend, no foldbag, no seedbag prediction averaging.",True,True,False,False,,4.5,full_v36_final,1.0,6.0,0.7,,,,,,
ablation_rank_loss,ppbr_az,MAE,no_seedbag_single_seed,min,1.0,9.118758898412606,,7.44,-1.678758898412606,-1.788141898412606,False,chem_fp_chemberta_kpgt_ept_xgb,Morgan fingerprint + ChemBERTa+KPGT+EPT embeddings + fixed XGBoost head,MAE,11.9011795927205,results_strict/ablation_v36_formal/candidate_predictions/chem_fp_chemberta_kpgt_ept_xgb/ppbr_az/seed_101/test_predictions.csv,Use canonical seed=101 from the valid-selected no_prediction_level_ensemble candidate. No seedbag/5-run averaging; test is final reporting only.,True,True,False,False,,3.0,full_v36_final,1.0,6.0,0.4,,,,,,
ablation_rank_loss,ppbr_az,MAE,no_task_adaptive_selection,min,5.0,9.195011191161672,0.1124528344322945,7.44,-1.755011191161672,-1.864394191161672,False,chem_fp_chemberta_kpgt_ept_xgb,Morgan fingerprint + ChemBERTa+KPGT+EPT embeddings + fixed XGBoost head,MAE,11.90576154778593,results_strict/ablation_v36_formal/candidate_predictions/chem_fp_chemberta_kpgt_ept_xgb/ppbr_az/seed_*/test_predictions.csv,Global fixed family `chem_fp_chemberta_kpgt_ept_xgb` selected by mean official-valid direction-normalized margin across 22 tasks; no per-task endpoint choice; test is final reporting only.,True,True,False,False,,4.5,full_v36_final,1.0,6.0,0.7,,,,,,
ablation_rank_loss,solubility_aqsoldb,MAE,full_v36_final,min,5.0,0.738443,0.000456,0.741,0.002557,0.0,True,solubility_clean_selector_v2_valid_selected_fp_xgb_metric_xl,0.3*FP-XGB + 0.3*metric_auto(K+E) + 0.4*XL_v4,,,results_strict/final_22task_score_config_table_v36.csv,Reference row from current v36 formal result/config table.,True,True,False,False,,1.0,full_v36_final,1.0,6.0,0.0,,,,,,
ablation_rank_loss,solubility_aqsoldb,MAE,no_chemistry_sidecar,min,5.0,0.9294352167590724,0.0,0.741,-0.1884352167590723,-0.1909922167590724,False,deep_ept_ridge_linear,EPT/3D embedding + target-standardized Ridge/linear head,MAE,1.28611785144462,results_strict/ablation_v36_formal/candidate_predictions/deep_ept_ridge_linear/solubility_aqsoldb/seed_*/test_predictions.csv,"Per-task valid-only selection among deep candidates only: ChemBERTa, KPGT, EPT, C+K, K+E, C+K+E. No fingerprint/descriptor/XGB/ExtraTrees/LogisticRegression/tabular chemistry sidecar.",False,True,False,False,,6.0,full_v36_final,1.0,6.0,1.0,,,,,,
ablation_rank_loss,solubility_aqsoldb,MAE,no_ept_or_no_3d,min,5.0,0.8666045093254535,0.0033285437734012,0.741,-0.1256045093254535,-0.1281615093254535,False,chem_fp_chemberta_kpgt_xgb,Morgan fingerprint + ChemBERTa+KPGT embeddings + fixed XGBoost head,MAE,1.151823208967117,results_strict/ablation_v36_formal/candidate_predictions/chem_fp_chemberta_kpgt_xgb/solubility_aqsoldb/seed_*/test_predictions.csv,"Per-task valid-only selection among candidates without EPT/3D: ChemBERTa, KPGT, C+K, and chemistry sidecars without EPT.",True,False,False,False,,5.0,full_v36_final,1.0,6.0,0.8,,,,,,
ablation_rank_loss,solubility_aqsoldb,MAE,no_prediction_level_ensemble,min,5.0,0.8382019154940069,0.0030341993428967,0.741,-0.0972019154940069,-0.0997589154940069,False,chem_fp_chemberta_kpgt_ept_xgb,Morgan fingerprint + ChemBERTa+KPGT+EPT embeddings + fixed XGBoost head,MAE,1.084091611739284,results_strict/ablation_v36_formal/candidate_predictions/chem_fp_chemberta_kpgt_ept_xgb/solubility_aqsoldb/seed_*/test_predictions.csv,"Per-task valid-only selection of one single candidate family; no rank/logit/zscore/raw prediction blend, no sidecar blend, no foldbag, no seedbag prediction averaging.",True,True,False,False,,3.5,full_v36_final,1.0,6.0,0.5,,,,,,
ablation_rank_loss,solubility_aqsoldb,MAE,no_seedbag_single_seed,min,1.0,0.8359848801021843,,0.741,-0.0949848801021843,-0.0975418801021843,False,chem_fp_chemberta_kpgt_ept_xgb,Morgan fingerprint + ChemBERTa+KPGT+EPT embeddings + fixed XGBoost head,MAE,1.086698693561003,results_strict/ablation_v36_formal/candidate_predictions/chem_fp_chemberta_kpgt_ept_xgb/solubility_aqsoldb/seed_101/test_predictions.csv,Use canonical seed=101 from the valid-selected no_prediction_level_ensemble candidate. No seedbag/5-run averaging; test is final reporting only.,True,True,False,False,,2.0,full_v36_final,1.0,6.0,0.2,,,,,,
ablation_rank_loss,solubility_aqsoldb,MAE,no_task_adaptive_selection,min,5.0,0.8382019154940069,0.0030341993428967,0.741,-0.0972019154940069,-0.0997589154940069,False,chem_fp_chemberta_kpgt_ept_xgb,Morgan fingerprint + ChemBERTa+KPGT+EPT embeddings + fixed XGBoost head,MAE,1.084091611739284,results_strict/ablation_v36_formal/candidate_predictions/chem_fp_chemberta_kpgt_ept_xgb/solubility_aqsoldb/seed_*/test_predictions.csv,Global fixed family `chem_fp_chemberta_kpgt_ept_xgb` selected by mean official-valid direction-normalized margin across 22 tasks; no per-task endpoint choice; test is final reporting only.,True,True,False,False,,3.5,full_v36_final,1.0,6.0,0.5,,,,,,
ablation_rank_loss,vdss_lombardo,Spearman,full_v36_final,max,5.0,0.660995,0.004668,0.713,-0.0520049999999999,0.0,False,v29_rank_uplift_formula_seedwise,rank(0.9*KPGT+EPT Spearman seedbag + 0.1*KPGT+EPT descriptor sidecar),,,results_strict/final_22task_score_config_table_v36.csv,Reference row from current v36 formal result/config table.,True,True,True,True,,1.0,full_v36_final,1.0,6.0,0.0,,,,,,
ablation_rank_loss,vdss_lombardo,Spearman,no_chemistry_sidecar,max,5.0,0.1447969357523272,0.0,0.713,-0.5682030642476728,-0.5161980642476728,False,deep_ept_ridge_linear,EPT/3D embedding + target-standardized Ridge/linear head,Spearman,0.4328605910767017,results_strict/ablation_v36_formal/candidate_predictions/deep_ept_ridge_linear/vdss_lombardo/seed_*/test_predictions.csv,"Per-task valid-only selection among deep candidates only: ChemBERTa, KPGT, EPT, C+K, K+E, C+K+E. No fingerprint/descriptor/XGB/ExtraTrees/LogisticRegression/tabular chemistry sidecar.",False,True,False,False,,6.0,full_v36_final,1.0,6.0,1.0,,,,,,
ablation_rank_loss,vdss_lombardo,Spearman,no_ept_or_no_3d,max,5.0,0.4570863339950263,0.0131220791005511,0.713,-0.2559136660049736,-0.2039086660049737,False,chem_fp_xgb,Morgan fingerprint + fixed XGBoost head,Spearman,0.4585386088714913,results_strict/ablation_v36_formal/candidate_predictions/chem_fp_xgb/vdss_lombardo/seed_*/test_predictions.csv,"Per-task valid-only selection among candidates without EPT/3D: ChemBERTa, KPGT, C+K, and chemistry sidecars without EPT.",True,False,False,False,,3.5,full_v36_final,1.0,6.0,0.5,,,,,,
ablation_rank_loss,vdss_lombardo,Spearman,no_prediction_level_ensemble,max,5.0,0.4570863339950263,0.0131220791005511,0.713,-0.2559136660049736,-0.2039086660049737,False,chem_fp_xgb,Morgan fingerprint + fixed XGBoost head,Spearman,0.4585386088714913,results_strict/ablation_v36_formal/candidate_predictions/chem_fp_xgb/vdss_lombardo/seed_*/test_predictions.csv,"Per-task valid-only selection of one single candidate family; no rank/logit/zscore/raw prediction blend, no sidecar blend, no foldbag, no seedbag prediction averaging.",True,False,False,False,,3.5,full_v36_final,1.0,6.0,0.5,,,,,,
ablation_rank_loss,vdss_lombardo,Spearman,no_seedbag_single_seed,max,1.0,0.4798305110695061,,0.713,-0.2331694889304938,-0.1811644889304938,False,chem_fp_xgb,Morgan fingerprint + fixed XGBoost head,Spearman,0.4655315131486822,results_strict/ablation_v36_formal/candidate_predictions/chem_fp_xgb/vdss_lombardo/seed_101/test_predictions.csv,Use canonical seed=101 from the valid-selected no_prediction_level_ensemble candidate. No seedbag/5-run averaging; test is final reporting only.,True,False,False,False,,2.0,full_v36_final,1.0,6.0,0.2,,,,,,
ablation_rank_loss,vdss_lombardo,Spearman,no_task_adaptive_selection,max,5.0,0.4196383845497954,0.0242071053173631,0.713,-0.2933616154502045,-0.2413566154502046,False,chem_fp_chemberta_kpgt_ept_xgb,Morgan fingerprint + ChemBERTa+KPGT+EPT embeddings + fixed XGBoost head,Spearman,0.4363954938887275,results_strict/ablation_v36_formal/candidate_predictions/chem_fp_chemberta_kpgt_ept_xgb/vdss_lombardo/seed_*/test_predictions.csv,Global fixed family `chem_fp_chemberta_kpgt_ept_xgb` selected by mean official-valid direction-normalized margin across 22 tasks; no per-task endpoint choice; test is final reporting only.,True,True,False,False,,5.0,full_v36_final,1.0,6.0,0.8,,,,,,
validation_selection_stability,ames,AUROC,,,,,,,,,,,,,,,,,,,,,,,,,,chemberta,0.0,0.0,2000.0,-0.0,0.0
validation_selection_stability,ames,AUROC,,,,,,,,,,,,,,,,,,,,,,,,,,ept,0.0,0.0,2000.0,-0.0,0.0
validation_selection_stability,ames,AUROC,,,,,,,,,,,,,,,,,,,,,,,,,,kpgt,2000.0,1.0,2000.0,-0.0,0.0
validation_selection_stability,bbb_martins,AUROC,,,,,,,,,,,,,,,,,,,,,,,,,,chemberta,0.0,0.0,2000.0,0.4737853288593093,0.2149999999999999
validation_selection_stability,bbb_martins,AUROC,,,,,,,,,,,,,,,,,,,,,,,,,,ept,430.0,0.215,2000.0,0.4737853288593093,0.2149999999999999
validation_selection_stability,bbb_martins,AUROC,,,,,,,,,,,,,,,,,,,,,,,,,,kpgt,1570.0,0.785,2000.0,0.4737853288593093,0.2149999999999999
validation_selection_stability,bioavailability_ma,AUROC,,,,,,,,,,,,,,,,,,,,,,,,,,chemberta,953.0,0.4765,2000.0,0.6365319795572782,0.4775
validation_selection_stability,bioavailability_ma,AUROC,,,,,,,,,,,,,,,,,,,,,,,,,,ept,2.0,0.001,2000.0,0.6365319795572782,0.4775
validation_selection_stability,bioavailability_ma,AUROC,,,,,,,,,,,,,,,,,,,,,,,,,,kpgt,1045.0,0.5225,2000.0,0.6365319795572782,0.4775
validation_selection_stability,caco2_wang,MAE,,,,,,,,,,,,,,,,,,,,,,,,,,chemberta,0.0,0.0,2000.0,0.0670512349890331,0.014
validation_selection_stability,caco2_wang,MAE,,,,,,,,,,,,,,,,,,,,,,,,,,ept,1972.0,0.986,2000.0,0.0670512349890331,0.014
validation_selection_stability,caco2_wang,MAE,,,,,,,,,,,,,,,,,,,,,,,,,,kpgt,28.0,0.014,2000.0,0.0670512349890331,0.014
validation_selection_stability,clearance_hepatocyte_az,Spearman,,,,,,,,,,,,,,,,,,,,,,,,,,chemberta,9.0,0.0045,2000.0,0.6542700334242255,0.4975
validation_selection_stability,clearance_hepatocyte_az,Spearman,,,,,,,,,,,,,,,,,,,,,,,,,,ept,986.0,0.493,2000.0,0.6542700334242255,0.4975
validation_selection_stability,clearance_hepatocyte_az,Spearman,,,,,,,,,,,,,,,,,,,,,,,,,,kpgt,1005.0,0.5025,2000.0,0.6542700334242255,0.4975
validation_selection_stability,clearance_microsome_az,Spearman,,,,,,,,,,,,,,,,,,,,,,,,,,chemberta,10.0,0.005,2000.0,0.323077238560622,0.1045
validation_selection_stability,clearance_microsome_az,Spearman,,,,,,,,,,,,,,,,,,,,,,,,,,ept,199.0,0.0995,2000.0,0.323077238560622,0.1045
validation_selection_stability,clearance_microsome_az,Spearman,,,,,,,,,,,,,,,,,,,,,,,,,,kpgt,1791.0,0.8955,2000.0,0.323077238560622,0.1045
validation_selection_stability,cyp2c9_substrate_carbonmangels,AUPRC,,,,,,,,,,,,,,,,,,,,,,,,,,chemberta,645.0,0.3225,2000.0,0.898903001978606,0.473
validation_selection_stability,cyp2c9_substrate_carbonmangels,AUPRC,,,,,,,,,,,,,,,,,,,,,,,,,,ept,301.0,0.1505,2000.0,0.898903001978606,0.473
validation_selection_stability,cyp2c9_substrate_carbonmangels,AUPRC,,,,,,,,,,,,,,,,,,,,,,,,,,kpgt,1054.0,0.527,2000.0,0.898903001978606,0.473
validation_selection_stability,cyp2c9_veith,AUPRC,,,,,,,,,,,,,,,,,,,,,,,,,,chemberta,0.0,0.0,2000.0,0.0131322168985264,0.002
validation_selection_stability,cyp2c9_veith,AUPRC,,,,,,,,,,,,,,,,,,,,,,,,,,ept,1996.0,0.998,2000.0,0.0131322168985264,0.002
validation_selection_stability,cyp2c9_veith,AUPRC,,,,,,,,,,,,,,,,,,,,,,,,,,kpgt,4.0,0.002,2000.0,0.0131322168985264,0.002
validation_selection_stability,cyp2d6_substrate_carbonmangels,AUPRC,,,,,,,,,,,,,,,,,,,,,,,,,,chemberta,546.0,0.273,2000.0,0.9267889903988972,0.4775
validation_selection_stability,cyp2d6_substrate_carbonmangels,AUPRC,,,,,,,,,,,,,,,,,,,,,,,,,,ept,409.0,0.2045,2000.0,0.9267889903988972,0.4775
validation_selection_stability,cyp2d6_substrate_carbonmangels,AUPRC,,,,,,,,,,,,,,,,,,,,,,,,,,kpgt,1045.0,0.5225,2000.0,0.9267889903988972,0.4775
validation_selection_stability,cyp2d6_veith,AUPRC,,,,,,,,,,,,,,,,,,,,,,,,,,chemberta,2.0,0.001,2000.0,0.4241493721809233,0.1725
validation_selection_stability,cyp2d6_veith,AUPRC,,,,,,,,,,,,,,,,,,,,,,,,,,ept,1655.0,0.8275,2000.0,0.4241493721809233,0.1725
validation_selection_stability,cyp2d6_veith,AUPRC,,,,,,,,,,,,,,,,,,,,,,,,,,kpgt,343.0,0.1715,2000.0,0.4241493721809233,0.1725
validation_selection_stability,cyp3a4_substrate_carbonmangels,AUROC,,,,,,,,,,,,,,,,,,,,,,,,,,chemberta,180.0,0.09,2000.0,0.8152432873752278,0.415
validation_selection_stability,cyp3a4_substrate_carbonmangels,AUROC,,,,,,,,,,,,,,,,,,,,,,,,,,ept,1170.0,0.585,2000.0,0.8152432873752278,0.415
validation_selection_stability,cyp3a4_substrate_carbonmangels,AUROC,,,,,,,,,,,,,,,,,,,,,,,,,,kpgt,650.0,0.325,2000.0,0.8152432873752278,0.415
validation_selection_stability,cyp3a4_veith,AUPRC,,,,,,,,,,,,,,,,,,,,,,,,,,chemberta,1.0,0.0005,2000.0,0.0078284235316706,0.001
validation_selection_stability,cyp3a4_veith,AUPRC,,,,,,,,,,,,,,,,,,,,,,,,,,ept,1998.0,0.999,2000.0,0.0078284235316706,0.001
validation_selection_stability,cyp3a4_veith,AUPRC,,,,,,,,,,,,,,,,,,,,,,,,,,kpgt,1.0,0.0005,2000.0,0.0078284235316706,0.001
validation_selection_stability,dili,AUROC,,,,,,,,,,,,,,,,,,,,,,,,,,chemberta,153.0,0.0765,2000.0,0.6624607290831781,0.258
validation_selection_stability,dili,AUROC,,,,,,,,,,,,,,,,,,,,,,,,,,ept,1484.0,0.742,2000.0,0.6624607290831781,0.258
validation_selection_stability,dili,AUROC,,,,,,,,,,,,,,,,,,,,,,,,,,kpgt,363.0,0.1815,2000.0,0.6624607290831781,0.258
validation_selection_stability,half_life_obach,Spearman,,,,,,,,,,,,,,,,,,,,,,,,,,chemberta,1.0,0.0005,2000.0,0.2394337181868642,0.0725
validation_selection_stability,half_life_obach,Spearman,,,,,,,,,,,,,,,,,,,,,,,,,,ept,1855.0,0.9275,2000.0,0.2394337181868642,0.0725
validation_selection_stability,half_life_obach,Spearman,,,,,,,,,,,,,,,,,,,,,,,,,,kpgt,144.0,0.072,2000.0,0.2394337181868642,0.0725
validation_selection_stability,herg,AUROC,,,,,,,,,,,,,,,,,,,,,,,,,,chemberta,555.0,0.2775,2000.0,0.5413323694508652,0.278
validation_selection_stability,herg,AUROC,,,,,,,,,,,,,,,,,,,,,,,,,,ept,1444.0,0.722,2000.0,0.5413323694508652,0.278
validation_selection_stability,herg,AUROC,,,,,,,,,,,,,,,,,,,,,,,,,,kpgt,1.0,0.0005,2000.0,0.5413323694508652,0.278
validation_selection_stability,hia_hou,AUROC,,,,,,,,,,,,,,,,,,,,,,,,,,chemberta,57.0,0.0285,2000.0,0.1178657122027997,0.0284999999999999
validation_selection_stability,hia_hou,AUROC,,,,,,,,,,,,,,,,,,,,,,,,,,ept,0.0,0.0,2000.0,0.1178657122027997,0.0284999999999999
validation_selection_stability,hia_hou,AUROC,,,,,,,,,,,,,,,,,,,,,,,,,,kpgt,1943.0,0.9715,2000.0,0.1178657122027997,0.0284999999999999
validation_selection_stability,ld50_zhu,MAE,,,,,,,,,,,,,,,,,,,,,,,,,,chemberta,1589.0,0.7945,2000.0,0.4623406791357417,0.2055
validation_selection_stability,ld50_zhu,MAE,,,,,,,,,,,,,,,,,,,,,,,,,,ept,411.0,0.2055,2000.0,0.4623406791357417,0.2055
validation_selection_stability,ld50_zhu,MAE,,,,,,,,,,,,,,,,,,,,,,,,,,kpgt,0.0,0.0,2000.0,0.4623406791357417,0.2055
validation_selection_stability,lipophilicity_astrazeneca,MAE,,,,,,,,,,,,,,,,,,,,,,,,,,chemberta,1.0,0.0005,2000.0,0.4764085303217492,0.2145
validation_selection_stability,lipophilicity_astrazeneca,MAE,,,,,,,,,,,,,,,,,,,,,,,,,,ept,1571.0,0.7855,2000.0,0.4764085303217492,0.2145
validation_selection_stability,lipophilicity_astrazeneca,MAE,,,,,,,,,,,,,,,,,,,,,,,,,,kpgt,428.0,0.214,2000.0,0.4764085303217492,0.2145
validation_selection_stability,pgp_broccatelli,AUROC,,,,,,,,,,,,,,,,,,,,,,,,,,chemberta,81.0,0.0405,2000.0,0.7580095684752589,0.4905
validation_selection_stability,pgp_broccatelli,AUROC,,,,,,,,,,,,,,,,,,,,,,,,,,ept,1019.0,0.5095,2000.0,0.7580095684752589,0.4905
validation_selection_stability,pgp_broccatelli,AUROC,,,,,,,,,,,,,,,,,,,,,,,,,,kpgt,900.0,0.45,2000.0,0.7580095684752589,0.4905
validation_selection_stability,ppbr_az,MAE,,,,,,,,,,,,,,,,,,,,,,,,,,chemberta,0.0,0.0,2000.0,-0.0,0.0
validation_selection_stability,ppbr_az,MAE,,,,,,,,,,,,,,,,,,,,,,,,,,ept,2000.0,1.0,2000.0,-0.0,0.0
validation_selection_stability,ppbr_az,MAE,,,,,,,,,,,,,,,,,,,,,,,,,,kpgt,0.0,0.0,2000.0,-0.0,0.0
validation_selection_stability,solubility_aqsoldb,MAE,,,,,,,,,,,,,,,,,,,,,,,,,,chemberta,4.0,0.002,2000.0,0.0131322168985264,0.002
validation_selection_stability,solubility_aqsoldb,MAE,,,,,,,,,,,,,,,,,,,,,,,,,,ept,1996.0,0.998,2000.0,0.0131322168985264,0.002
validation_selection_stability,solubility_aqsoldb,MAE,,,,,,,,,,,,,,,,,,,,,,,,,,kpgt,0.0,0.0,2000.0,0.0131322168985264,0.002
validation_selection_stability,vdss_lombardo,Spearman,,,,,,,,,,,,,,,,,,,,,,,,,,chemberta,201.0,0.1005,2000.0,0.3824643789700221,0.12
validation_selection_stability,vdss_lombardo,Spearman,,,,,,,,,,,,,,,,,,,,,,,,,,ept,1760.0,0.88,2000.0,0.3824643789700221,0.12
validation_selection_stability,vdss_lombardo,Spearman,,,,,,,,,,,,,,,,,,,,,,,,,,kpgt,39.0,0.0195,2000.0,0.3824643789700221,0.12
