task,metric,method,candidate_count,score_mean,score_std,n_seeds,selected_candidates
ames,AUROC,global_single,9,0.8452387945720495,0.0012877146454772232,5,chem_fp_chemberta_kpgt_ept_xgb
ames,AUROC,per_task_single,9,0.855240948520629,0.0018591938264062293,5,chem_fp_chemberta_kpgt_xgb
ames,AUROC,uniform_candidate_average,9,0.8350964381523038,0.0019028588001904056,5,chem_fp_chemberta_kpgt_ept_xgb;chem_fp_chemberta_kpgt_xgb;chem_fp_xgb;deep_chemberta_kpgt_ept_ridge_linear;deep_chemberta_kpgt_ridge_linear;deep_chemberta_ridge_linear;deep_ept_ridge_linear;deep_kpgt_ept_ridge_linear;deep_kpgt_ridge_linear
ames,AUROC,validation_stacking,9,0.8427644950948716,0.003378586193416546,5,chem_fp_chemberta_kpgt_ept_xgb;chem_fp_chemberta_kpgt_xgb;chem_fp_xgb;deep_chemberta_kpgt_ept_ridge_linear;deep_chemberta_kpgt_ridge_linear;deep_chemberta_ridge_linear;deep_ept_ridge_linear;deep_kpgt_ept_ridge_linear;deep_kpgt_ridge_linear
ames,AUROC,validation_top2_average,9,0.8504176702108911,0.0009227724772212034,5,chem_fp_chemberta_kpgt_xgb;chem_fp_xgb
ames,AUROC,validation_top3_average,9,0.8585404061172139,0.0003760027261219654,5,chem_fp_chemberta_kpgt_xgb;chem_fp_xgb;chem_fp_chemberta_kpgt_ept_xgb
bbb_martins,AUROC,global_single,9,0.9048076923076923,0.002087329860214646,5,chem_fp_chemberta_kpgt_ept_xgb
bbb_martins,AUROC,per_task_single,9,0.9048076923076923,0.002087329860214646,5,chem_fp_chemberta_kpgt_ept_xgb
bbb_martins,AUROC,uniform_candidate_average,9,0.8991869918699187,0.007105246913409206,5,chem_fp_chemberta_kpgt_ept_xgb;chem_fp_chemberta_kpgt_xgb;chem_fp_xgb;deep_chemberta_kpgt_ept_ridge_linear;deep_chemberta_kpgt_ridge_linear;deep_chemberta_ridge_linear;deep_ept_ridge_linear;deep_kpgt_ept_ridge_linear;deep_kpgt_ridge_linear
bbb_martins,AUROC,validation_stacking,9,0.840134459036898,0.02173006540716878,5,chem_fp_chemberta_kpgt_ept_xgb;chem_fp_chemberta_kpgt_xgb;chem_fp_xgb;deep_chemberta_kpgt_ept_ridge_linear;deep_chemberta_kpgt_ridge_linear;deep_chemberta_ridge_linear;deep_ept_ridge_linear;deep_kpgt_ept_ridge_linear;deep_kpgt_ridge_linear
bbb_martins,AUROC,validation_top2_average,9,0.9196060037523452,0.003262576415003038,5,chem_fp_chemberta_kpgt_ept_xgb;chem_fp_chemberta_kpgt_xgb
bbb_martins,AUROC,validation_top3_average,9,0.9083802376485304,0.002866167530928421,5,chem_fp_chemberta_kpgt_ept_xgb;chem_fp_chemberta_kpgt_xgb;chem_fp_xgb
bioavailability_ma,AUROC,global_single,9,0.646890588626538,0.002108529096660769,5,chem_fp_chemberta_kpgt_ept_xgb
bioavailability_ma,AUROC,per_task_single,9,0.6442966411706019,0.008940784842783621,5,chem_fp_chemberta_kpgt_xgb
bioavailability_ma,AUROC,uniform_candidate_average,9,0.6833388759561024,0.027236631010544184,5,chem_fp_chemberta_kpgt_ept_xgb;chem_fp_chemberta_kpgt_xgb;chem_fp_xgb;deep_chemberta_kpgt_ept_ridge_linear;deep_chemberta_kpgt_ridge_linear;deep_chemberta_ridge_linear;deep_ept_ridge_linear;deep_kpgt_ept_ridge_linear;deep_kpgt_ridge_linear
bioavailability_ma,AUROC,validation_stacking,9,0.6217492517459261,0.04123684520976539,5,chem_fp_chemberta_kpgt_ept_xgb;chem_fp_chemberta_kpgt_xgb;chem_fp_xgb;deep_chemberta_kpgt_ept_ridge_linear;deep_chemberta_kpgt_ridge_linear;deep_chemberta_ridge_linear;deep_ept_ridge_linear;deep_kpgt_ept_ridge_linear;deep_kpgt_ridge_linear
bioavailability_ma,AUROC,validation_top2_average,9,0.6464250083139341,0.004610449438143887,5,chem_fp_chemberta_kpgt_xgb;chem_fp_chemberta_kpgt_ept_xgb
bioavailability_ma,AUROC,validation_top3_average,9,0.6678417026937147,0.007657489916582094,5,chem_fp_chemberta_kpgt_xgb;chem_fp_chemberta_kpgt_ept_xgb;chem_fp_xgb
caco2_wang,MAE,global_single,9,0.36530819659340663,0.022378046304083778,5,chem_fp_chemberta_kpgt_ept_xgb
caco2_wang,MAE,per_task_single,9,0.36530819659340663,0.022378046304083778,5,chem_fp_chemberta_kpgt_ept_xgb
caco2_wang,MAE,uniform_candidate_average,9,0.34993966710622715,0.0011630734577875337,5,chem_fp_chemberta_kpgt_ept_xgb;chem_fp_chemberta_kpgt_xgb;chem_fp_xgb;deep_chemberta_kpgt_ept_ridge_linear;deep_chemberta_kpgt_ridge_linear;deep_chemberta_ridge_linear;deep_ept_ridge_linear;deep_kpgt_ept_ridge_linear;deep_kpgt_ridge_linear
caco2_wang,MAE,validation_stacking,9,0.3370289362794122,0.025468003825185735,5,chem_fp_chemberta_kpgt_ept_xgb;chem_fp_chemberta_kpgt_xgb;chem_fp_xgb;deep_chemberta_kpgt_ept_ridge_linear;deep_chemberta_kpgt_ridge_linear;deep_chemberta_ridge_linear;deep_ept_ridge_linear;deep_kpgt_ept_ridge_linear;deep_kpgt_ridge_linear
caco2_wang,MAE,validation_top2_average,9,0.32435908983516487,0.003128046497379532,5,chem_fp_chemberta_kpgt_ept_xgb;chem_fp_chemberta_kpgt_xgb
caco2_wang,MAE,validation_top3_average,9,0.2999045104029304,0.0038520080165084254,5,chem_fp_chemberta_kpgt_ept_xgb;chem_fp_chemberta_kpgt_xgb;chem_fp_xgb
clearance_hepatocyte_az,Spearman,global_single,9,0.20031952877701675,0.018200379386715673,5,chem_fp_chemberta_kpgt_ept_xgb
clearance_hepatocyte_az,Spearman,per_task_single,9,0.20031952877701675,0.018200379386715673,5,chem_fp_chemberta_kpgt_ept_xgb
clearance_hepatocyte_az,Spearman,uniform_candidate_average,9,0.49544858793339513,0.003373844305406737,5,chem_fp_chemberta_kpgt_ept_xgb;chem_fp_chemberta_kpgt_xgb;chem_fp_xgb;deep_chemberta_kpgt_ept_ridge_linear;deep_chemberta_kpgt_ridge_linear;deep_chemberta_ridge_linear;deep_ept_ridge_linear;deep_kpgt_ept_ridge_linear;deep_kpgt_ridge_linear
clearance_hepatocyte_az,Spearman,validation_stacking,9,0.3921391845748187,0.020552992293405955,5,chem_fp_chemberta_kpgt_ept_xgb;chem_fp_chemberta_kpgt_xgb;chem_fp_xgb;deep_chemberta_kpgt_ept_ridge_linear;deep_chemberta_kpgt_ridge_linear;deep_chemberta_ridge_linear;deep_ept_ridge_linear;deep_kpgt_ept_ridge_linear;deep_kpgt_ridge_linear
clearance_hepatocyte_az,Spearman,validation_top2_average,9,0.2417091098565089,0.006305538029541338,5,chem_fp_chemberta_kpgt_ept_xgb;deep_ept_ridge_linear
clearance_hepatocyte_az,Spearman,validation_top3_average,9,0.350210878084986,0.00427515996252342,5,chem_fp_chemberta_kpgt_ept_xgb;deep_ept_ridge_linear;chem_fp_chemberta_kpgt_xgb
clearance_microsome_az,Spearman,global_single,9,0.5954577077913342,0.010876724540037016,5,chem_fp_chemberta_kpgt_ept_xgb
clearance_microsome_az,Spearman,per_task_single,9,0.43824404194195044,5.235539490164815e-05,5,deep_kpgt_ridge_linear
clearance_microsome_az,Spearman,uniform_candidate_average,9,0.6280718071814794,0.002033287465774934,5,chem_fp_chemberta_kpgt_ept_xgb;chem_fp_chemberta_kpgt_xgb;chem_fp_xgb;deep_chemberta_kpgt_ept_ridge_linear;deep_chemberta_kpgt_ridge_linear;deep_chemberta_ridge_linear;deep_ept_ridge_linear;deep_kpgt_ept_ridge_linear;deep_kpgt_ridge_linear
clearance_microsome_az,Spearman,validation_stacking,9,0.45330236084858555,0.00986406577580169,5,chem_fp_chemberta_kpgt_ept_xgb;chem_fp_chemberta_kpgt_xgb;chem_fp_xgb;deep_chemberta_kpgt_ept_ridge_linear;deep_chemberta_kpgt_ridge_linear;deep_chemberta_ridge_linear;deep_ept_ridge_linear;deep_kpgt_ept_ridge_linear;deep_kpgt_ridge_linear
clearance_microsome_az,Spearman,validation_top2_average,9,0.45863178872673716,0.00022616209705624278,5,deep_kpgt_ridge_linear;deep_kpgt_ept_ridge_linear
clearance_microsome_az,Spearman,validation_top3_average,9,0.5599884075637653,0.00442842079801174,5,deep_kpgt_ridge_linear;deep_kpgt_ept_ridge_linear;chem_fp_chemberta_kpgt_ept_xgb
cyp2c9_substrate_carbonmangels,AUPRC,global_single,9,0.43175272975925133,0.01893503560414192,5,chem_fp_chemberta_kpgt_ept_xgb
cyp2c9_substrate_carbonmangels,AUPRC,per_task_single,9,0.43175272975925133,0.01893503560414192,5,chem_fp_chemberta_kpgt_ept_xgb
cyp2c9_substrate_carbonmangels,AUPRC,uniform_candidate_average,9,0.39461964060827043,0.008095371707875432,5,chem_fp_chemberta_kpgt_ept_xgb;chem_fp_chemberta_kpgt_xgb;chem_fp_xgb;deep_chemberta_kpgt_ept_ridge_linear;deep_chemberta_kpgt_ridge_linear;deep_chemberta_ridge_linear;deep_ept_ridge_linear;deep_kpgt_ept_ridge_linear;deep_kpgt_ridge_linear
cyp2c9_substrate_carbonmangels,AUPRC,validation_stacking,9,0.38011750009005574,0.03286524799711468,5,chem_fp_chemberta_kpgt_ept_xgb;chem_fp_chemberta_kpgt_xgb;chem_fp_xgb;deep_chemberta_kpgt_ept_ridge_linear;deep_chemberta_kpgt_ridge_linear;deep_chemberta_ridge_linear;deep_ept_ridge_linear;deep_kpgt_ept_ridge_linear;deep_kpgt_ridge_linear
cyp2c9_substrate_carbonmangels,AUPRC,validation_top2_average,9,0.43761722145889126,0.02122178892846616,5,chem_fp_chemberta_kpgt_ept_xgb;chem_fp_chemberta_kpgt_xgb
cyp2c9_substrate_carbonmangels,AUPRC,validation_top3_average,9,0.4347892129601768,0.013708581361747725,5,chem_fp_chemberta_kpgt_ept_xgb;chem_fp_chemberta_kpgt_xgb;chem_fp_xgb
cyp2c9_veith,AUPRC,global_single,9,0.7514518581428009,0.002676408912295299,5,chem_fp_chemberta_kpgt_ept_xgb
cyp2c9_veith,AUPRC,per_task_single,9,0.7710219942765796,0.0023590094440746516,5,chem_fp_chemberta_kpgt_xgb
cyp2c9_veith,AUPRC,uniform_candidate_average,9,0.7629810563664704,0.005441442704898378,5,chem_fp_chemberta_kpgt_ept_xgb;chem_fp_chemberta_kpgt_xgb;chem_fp_xgb;deep_chemberta_kpgt_ept_ridge_linear;deep_chemberta_kpgt_ridge_linear;deep_chemberta_ridge_linear;deep_ept_ridge_linear;deep_kpgt_ept_ridge_linear;deep_kpgt_ridge_linear
cyp2c9_veith,AUPRC,validation_stacking,9,0.782104904559692,0.0027236849031379105,5,chem_fp_chemberta_kpgt_ept_xgb;chem_fp_chemberta_kpgt_xgb;chem_fp_xgb;deep_chemberta_kpgt_ept_ridge_linear;deep_chemberta_kpgt_ridge_linear;deep_chemberta_ridge_linear;deep_ept_ridge_linear;deep_kpgt_ept_ridge_linear;deep_kpgt_ridge_linear
cyp2c9_veith,AUPRC,validation_top2_average,9,0.7756622605240401,0.0018080835394738437,5,chem_fp_chemberta_kpgt_xgb;chem_fp_chemberta_kpgt_ept_xgb
cyp2c9_veith,AUPRC,validation_top3_average,9,0.7759180821648909,0.0016025463689493646,5,chem_fp_chemberta_kpgt_xgb;chem_fp_chemberta_kpgt_ept_xgb;chem_fp_xgb
cyp2d6_substrate_carbonmangels,AUPRC,global_single,9,0.6895371829847046,0.009895921369067456,5,chem_fp_chemberta_kpgt_ept_xgb
cyp2d6_substrate_carbonmangels,AUPRC,per_task_single,9,0.7021059512272265,0.013328367034302279,5,chem_fp_chemberta_kpgt_xgb
cyp2d6_substrate_carbonmangels,AUPRC,uniform_candidate_average,9,0.6816073130129165,0.02698421133667206,5,chem_fp_chemberta_kpgt_ept_xgb;chem_fp_chemberta_kpgt_xgb;chem_fp_xgb;deep_chemberta_kpgt_ept_ridge_linear;deep_chemberta_kpgt_ridge_linear;deep_chemberta_ridge_linear;deep_ept_ridge_linear;deep_kpgt_ept_ridge_linear;deep_kpgt_ridge_linear
cyp2d6_substrate_carbonmangels,AUPRC,validation_stacking,9,0.5904294195735492,0.06484717536003963,5,chem_fp_chemberta_kpgt_ept_xgb;chem_fp_chemberta_kpgt_xgb;chem_fp_xgb;deep_chemberta_kpgt_ept_ridge_linear;deep_chemberta_kpgt_ridge_linear;deep_chemberta_ridge_linear;deep_ept_ridge_linear;deep_kpgt_ept_ridge_linear;deep_kpgt_ridge_linear
cyp2d6_substrate_carbonmangels,AUPRC,validation_top2_average,9,0.692694880383127,0.009436509827228498,5,chem_fp_chemberta_kpgt_xgb;chem_fp_chemberta_kpgt_ept_xgb
cyp2d6_substrate_carbonmangels,AUPRC,validation_top3_average,9,0.6801122736130929,0.010700225219501093,5,chem_fp_chemberta_kpgt_xgb;chem_fp_chemberta_kpgt_ept_xgb;chem_fp_xgb
cyp2d6_veith,AUPRC,global_single,9,0.6883401136054271,0.0035028651929721786,5,chem_fp_chemberta_kpgt_ept_xgb
cyp2d6_veith,AUPRC,per_task_single,9,0.6961381524649516,0.003693138071996181,5,chem_fp_chemberta_kpgt_xgb
cyp2d6_veith,AUPRC,uniform_candidate_average,9,0.6552347763543536,0.006963760111282038,5,chem_fp_chemberta_kpgt_ept_xgb;chem_fp_chemberta_kpgt_xgb;chem_fp_xgb;deep_chemberta_kpgt_ept_ridge_linear;deep_chemberta_kpgt_ridge_linear;deep_chemberta_ridge_linear;deep_ept_ridge_linear;deep_kpgt_ept_ridge_linear;deep_kpgt_ridge_linear
cyp2d6_veith,AUPRC,validation_stacking,9,0.7064073415797619,0.0020308171092542717,5,chem_fp_chemberta_kpgt_ept_xgb;chem_fp_chemberta_kpgt_xgb;chem_fp_xgb;deep_chemberta_kpgt_ept_ridge_linear;deep_chemberta_kpgt_ridge_linear;deep_chemberta_ridge_linear;deep_ept_ridge_linear;deep_kpgt_ept_ridge_linear;deep_kpgt_ridge_linear
cyp2d6_veith,AUPRC,validation_top2_average,9,0.7127322636658388,0.001925662253553665,5,chem_fp_chemberta_kpgt_xgb;chem_fp_chemberta_kpgt_ept_xgb
cyp2d6_veith,AUPRC,validation_top3_average,9,0.7093530034216111,0.0009934180028827603,5,chem_fp_chemberta_kpgt_xgb;chem_fp_chemberta_kpgt_ept_xgb;chem_fp_xgb
cyp3a4_substrate_carbonmangels,AUROC,global_single,9,0.6683092224231464,0.005790766906958405,5,chem_fp_chemberta_kpgt_ept_xgb
cyp3a4_substrate_carbonmangels,AUROC,per_task_single,9,0.6705470162748643,0.006711136003301729,5,chem_fp_xgb
cyp3a4_substrate_carbonmangels,AUROC,uniform_candidate_average,9,0.6697106690777577,0.0031378034706390297,5,chem_fp_chemberta_kpgt_ept_xgb;chem_fp_chemberta_kpgt_xgb;chem_fp_xgb;deep_chemberta_kpgt_ept_ridge_linear;deep_chemberta_kpgt_ridge_linear;deep_chemberta_ridge_linear;deep_ept_ridge_linear;deep_kpgt_ept_ridge_linear;deep_kpgt_ridge_linear
cyp3a4_substrate_carbonmangels,AUROC,validation_stacking,9,0.6627486437613019,0.03271140090913829,5,chem_fp_chemberta_kpgt_ept_xgb;chem_fp_chemberta_kpgt_xgb;chem_fp_xgb;deep_chemberta_kpgt_ept_ridge_linear;deep_chemberta_kpgt_ridge_linear;deep_chemberta_ridge_linear;deep_ept_ridge_linear;deep_kpgt_ept_ridge_linear;deep_kpgt_ridge_linear
cyp3a4_substrate_carbonmangels,AUROC,validation_top2_average,9,0.6862115732368897,0.005491417764239765,5,chem_fp_xgb;chem_fp_chemberta_kpgt_xgb
cyp3a4_substrate_carbonmangels,AUROC,validation_top3_average,9,0.68250452079566,0.0036328468090358517,5,chem_fp_xgb;chem_fp_chemberta_kpgt_xgb;chem_fp_chemberta_kpgt_ept_xgb
cyp3a4_veith,AUPRC,global_single,9,0.8598983556856856,0.0010748184248036766,5,chem_fp_chemberta_kpgt_ept_xgb
cyp3a4_veith,AUPRC,per_task_single,9,0.8612921926155332,0.0011695924276257461,5,chem_fp_chemberta_kpgt_xgb
cyp3a4_veith,AUPRC,uniform_candidate_average,9,0.8561207581637511,0.0031083691098526605,5,chem_fp_chemberta_kpgt_ept_xgb;chem_fp_chemberta_kpgt_xgb;chem_fp_xgb;deep_chemberta_kpgt_ept_ridge_linear;deep_chemberta_kpgt_ridge_linear;deep_chemberta_ridge_linear;deep_ept_ridge_linear;deep_kpgt_ept_ridge_linear;deep_kpgt_ridge_linear
cyp3a4_veith,AUPRC,validation_stacking,9,0.873032787881186,0.0014215834656253592,5,chem_fp_chemberta_kpgt_ept_xgb;chem_fp_chemberta_kpgt_xgb;chem_fp_xgb;deep_chemberta_kpgt_ept_ridge_linear;deep_chemberta_kpgt_ridge_linear;deep_chemberta_ridge_linear;deep_ept_ridge_linear;deep_kpgt_ept_ridge_linear;deep_kpgt_ridge_linear
cyp3a4_veith,AUPRC,validation_top2_average,9,0.8681867835707024,0.0013789518254340102,5,chem_fp_chemberta_kpgt_xgb;chem_fp_chemberta_kpgt_ept_xgb
cyp3a4_veith,AUPRC,validation_top3_average,9,0.8685760623303892,0.0016562512549230682,5,chem_fp_chemberta_kpgt_xgb;chem_fp_chemberta_kpgt_ept_xgb;chem_fp_xgb
dili,AUROC,global_single,9,0.903304347826087,0.010092202533881177,5,chem_fp_chemberta_kpgt_ept_xgb
dili,AUROC,per_task_single,9,0.8666086956521738,0.006731412129914474,5,chem_fp_xgb
dili,AUROC,uniform_candidate_average,9,0.8957391304347826,0.011310199154521314,5,chem_fp_chemberta_kpgt_ept_xgb;chem_fp_chemberta_kpgt_xgb;chem_fp_xgb;deep_chemberta_kpgt_ept_ridge_linear;deep_chemberta_kpgt_ridge_linear;deep_chemberta_ridge_linear;deep_ept_ridge_linear;deep_kpgt_ept_ridge_linear;deep_kpgt_ridge_linear
dili,AUROC,validation_stacking,9,0.8843478260869565,0.024769256509894092,5,chem_fp_chemberta_kpgt_ept_xgb;chem_fp_chemberta_kpgt_xgb;chem_fp_xgb;deep_chemberta_kpgt_ept_ridge_linear;deep_chemberta_kpgt_ridge_linear;deep_chemberta_ridge_linear;deep_ept_ridge_linear;deep_kpgt_ept_ridge_linear;deep_kpgt_ridge_linear
dili,AUROC,validation_top2_average,9,0.9048695652173914,0.005221013235574983,5,chem_fp_xgb;chem_fp_chemberta_kpgt_ept_xgb
dili,AUROC,validation_top3_average,9,0.9053043478260869,0.0030651403012199154,5,chem_fp_xgb;chem_fp_chemberta_kpgt_ept_xgb;chem_fp_chemberta_kpgt_xgb
half_life_obach,Spearman,global_single,9,0.3850970831788019,0.02921397936688467,5,chem_fp_chemberta_kpgt_ept_xgb
half_life_obach,Spearman,per_task_single,9,0.40187442243505433,0.03223038264008255,5,chem_fp_chemberta_kpgt_xgb
half_life_obach,Spearman,uniform_candidate_average,9,0.2558622825218398,0.005967564411920536,5,chem_fp_chemberta_kpgt_ept_xgb;chem_fp_chemberta_kpgt_xgb;chem_fp_xgb;deep_chemberta_kpgt_ept_ridge_linear;deep_chemberta_kpgt_ridge_linear;deep_chemberta_ridge_linear;deep_ept_ridge_linear;deep_kpgt_ept_ridge_linear;deep_kpgt_ridge_linear
half_life_obach,Spearman,validation_stacking,9,0.06357995522878311,0.05314563751154604,5,chem_fp_chemberta_kpgt_ept_xgb;chem_fp_chemberta_kpgt_xgb;chem_fp_xgb;deep_chemberta_kpgt_ept_ridge_linear;deep_chemberta_kpgt_ridge_linear;deep_chemberta_ridge_linear;deep_ept_ridge_linear;deep_kpgt_ept_ridge_linear;deep_kpgt_ridge_linear
half_life_obach,Spearman,validation_top2_average,9,0.4050159356735118,0.027657528423523817,5,chem_fp_chemberta_kpgt_xgb;chem_fp_chemberta_kpgt_ept_xgb
half_life_obach,Spearman,validation_top3_average,9,0.41718074185608955,0.013125590274583796,5,chem_fp_chemberta_kpgt_xgb;chem_fp_chemberta_kpgt_ept_xgb;deep_ept_ridge_linear
herg,AUROC,global_single,9,0.8164948453608247,0.009213839363544623,5,chem_fp_chemberta_kpgt_ept_xgb
herg,AUROC,per_task_single,9,0.8164948453608247,0.009213839363544623,5,chem_fp_chemberta_kpgt_ept_xgb
herg,AUROC,uniform_candidate_average,9,0.8051840942562591,0.020568105749686427,5,chem_fp_chemberta_kpgt_ept_xgb;chem_fp_chemberta_kpgt_xgb;chem_fp_xgb;deep_chemberta_kpgt_ept_ridge_linear;deep_chemberta_kpgt_ridge_linear;deep_chemberta_ridge_linear;deep_ept_ridge_linear;deep_kpgt_ept_ridge_linear;deep_kpgt_ridge_linear
herg,AUROC,validation_stacking,9,0.7630633284241531,0.033475022460264764,5,chem_fp_chemberta_kpgt_ept_xgb;chem_fp_chemberta_kpgt_xgb;chem_fp_xgb;deep_chemberta_kpgt_ept_ridge_linear;deep_chemberta_kpgt_ridge_linear;deep_chemberta_ridge_linear;deep_ept_ridge_linear;deep_kpgt_ept_ridge_linear;deep_kpgt_ridge_linear
herg,AUROC,validation_top2_average,9,0.8217967599410899,0.009615854693906016,5,chem_fp_chemberta_kpgt_ept_xgb;chem_fp_chemberta_kpgt_xgb
herg,AUROC,validation_top3_average,9,0.8059499263622975,0.007559691154765175,5,chem_fp_chemberta_kpgt_ept_xgb;chem_fp_chemberta_kpgt_xgb;chem_fp_xgb
hia_hou,AUROC,global_single,9,0.9700411522633745,0.005360862245097013,5,chem_fp_chemberta_kpgt_ept_xgb
hia_hou,AUROC,per_task_single,9,0.9508641975308642,0.004252843023132135,5,chem_fp_chemberta_kpgt_xgb
hia_hou,AUROC,uniform_candidate_average,9,0.9805761316872428,0.004650387847412905,5,chem_fp_chemberta_kpgt_ept_xgb;chem_fp_chemberta_kpgt_xgb;chem_fp_xgb;deep_chemberta_kpgt_ept_ridge_linear;deep_chemberta_kpgt_ridge_linear;deep_chemberta_ridge_linear;deep_ept_ridge_linear;deep_kpgt_ept_ridge_linear;deep_kpgt_ridge_linear
hia_hou,AUROC,validation_stacking,9,0.9737448559670782,0.011338923522169203,5,chem_fp_chemberta_kpgt_ept_xgb;chem_fp_chemberta_kpgt_xgb;chem_fp_xgb;deep_chemberta_kpgt_ept_ridge_linear;deep_chemberta_kpgt_ridge_linear;deep_chemberta_ridge_linear;deep_ept_ridge_linear;deep_kpgt_ept_ridge_linear;deep_kpgt_ridge_linear
hia_hou,AUROC,validation_top2_average,9,0.9692181069958847,0.00511017665062562,5,chem_fp_chemberta_kpgt_xgb;chem_fp_chemberta_kpgt_ept_xgb
hia_hou,AUROC,validation_top3_average,9,0.9772016460905351,0.003974976342730312,5,chem_fp_chemberta_kpgt_xgb;chem_fp_chemberta_kpgt_ept_xgb;chem_fp_xgb
ld50_zhu,MAE,global_single,9,0.6192784958322057,0.0028953507958437595,5,chem_fp_chemberta_kpgt_ept_xgb
ld50_zhu,MAE,per_task_single,9,0.6192784958322057,0.0028953507958437595,5,chem_fp_chemberta_kpgt_ept_xgb
ld50_zhu,MAE,uniform_candidate_average,9,0.6176214594320779,0.0008713465287948319,5,chem_fp_chemberta_kpgt_ept_xgb;chem_fp_chemberta_kpgt_xgb;chem_fp_xgb;deep_chemberta_kpgt_ept_ridge_linear;deep_chemberta_kpgt_ridge_linear;deep_chemberta_ridge_linear;deep_ept_ridge_linear;deep_kpgt_ept_ridge_linear;deep_kpgt_ridge_linear
ld50_zhu,MAE,validation_stacking,9,0.6263574213454951,0.004082903443575515,5,chem_fp_chemberta_kpgt_ept_xgb;chem_fp_chemberta_kpgt_xgb;chem_fp_xgb;deep_chemberta_kpgt_ept_ridge_linear;deep_chemberta_kpgt_ridge_linear;deep_chemberta_ridge_linear;deep_ept_ridge_linear;deep_kpgt_ept_ridge_linear;deep_kpgt_ridge_linear
ld50_zhu,MAE,validation_top2_average,9,0.6213512131326117,0.0033759514112809263,5,chem_fp_chemberta_kpgt_ept_xgb;chem_fp_chemberta_kpgt_xgb
ld50_zhu,MAE,validation_top3_average,9,0.6289902273883626,0.0018552928450382177,5,chem_fp_chemberta_kpgt_ept_xgb;chem_fp_chemberta_kpgt_xgb;chem_fp_xgb
lipophilicity_astrazeneca,MAE,global_single,9,0.6003640696505238,0.0040253666418568,5,chem_fp_chemberta_kpgt_ept_xgb
lipophilicity_astrazeneca,MAE,per_task_single,9,0.5572363429341667,0.0,5,deep_kpgt_ept_ridge_linear
lipophilicity_astrazeneca,MAE,uniform_candidate_average,9,0.53182602305,0.0005849367301111512,5,chem_fp_chemberta_kpgt_ept_xgb;chem_fp_chemberta_kpgt_xgb;chem_fp_xgb;deep_chemberta_kpgt_ept_ridge_linear;deep_chemberta_kpgt_ridge_linear;deep_chemberta_ridge_linear;deep_ept_ridge_linear;deep_kpgt_ept_ridge_linear;deep_kpgt_ridge_linear
lipophilicity_astrazeneca,MAE,validation_stacking,9,0.5146131430981485,0.004013964506286064,5,chem_fp_chemberta_kpgt_ept_xgb;chem_fp_chemberta_kpgt_xgb;chem_fp_xgb;deep_chemberta_kpgt_ept_ridge_linear;deep_chemberta_kpgt_ridge_linear;deep_chemberta_ridge_linear;deep_ept_ridge_linear;deep_kpgt_ept_ridge_linear;deep_kpgt_ridge_linear
lipophilicity_astrazeneca,MAE,validation_top2_average,9,0.5563194900861309,0.0,5,deep_kpgt_ept_ridge_linear;deep_kpgt_ridge_linear
lipophilicity_astrazeneca,MAE,validation_top3_average,9,0.5110306947009524,0.0016224395858039763,5,deep_kpgt_ept_ridge_linear;deep_kpgt_ridge_linear;chem_fp_chemberta_kpgt_xgb
pgp_broccatelli,AUROC,global_single,9,0.9292855238603039,0.002326036839058273,5,chem_fp_chemberta_kpgt_ept_xgb
pgp_broccatelli,AUROC,per_task_single,9,0.9292855238603039,0.002326036839058273,5,chem_fp_chemberta_kpgt_ept_xgb
pgp_broccatelli,AUROC,uniform_candidate_average,9,0.9379365502532657,0.0036469797134792135,5,chem_fp_chemberta_kpgt_ept_xgb;chem_fp_chemberta_kpgt_xgb;chem_fp_xgb;deep_chemberta_kpgt_ept_ridge_linear;deep_chemberta_kpgt_ridge_linear;deep_chemberta_ridge_linear;deep_ept_ridge_linear;deep_kpgt_ept_ridge_linear;deep_kpgt_ridge_linear
pgp_broccatelli,AUROC,validation_stacking,9,0.9307118101839509,0.010108310554979499,5,chem_fp_chemberta_kpgt_ept_xgb;chem_fp_chemberta_kpgt_xgb;chem_fp_xgb;deep_chemberta_kpgt_ept_ridge_linear;deep_chemberta_kpgt_ridge_linear;deep_chemberta_ridge_linear;deep_ept_ridge_linear;deep_kpgt_ept_ridge_linear;deep_kpgt_ridge_linear
pgp_broccatelli,AUROC,validation_top2_average,9,0.9329778725673152,0.0007264423670188612,5,chem_fp_chemberta_kpgt_ept_xgb;chem_fp_chemberta_kpgt_xgb
pgp_broccatelli,AUROC,validation_top3_average,9,0.9361503599040256,0.0007715167223933719,5,chem_fp_chemberta_kpgt_ept_xgb;chem_fp_chemberta_kpgt_xgb;chem_fp_xgb
ppbr_az,MAE,global_single,9,9.195011191413238,0.11245284464004507,5,chem_fp_chemberta_kpgt_ept_xgb
ppbr_az,MAE,per_task_single,9,9.195011191413238,0.11245284464004507,5,chem_fp_chemberta_kpgt_ept_xgb
ppbr_az,MAE,uniform_candidate_average,9,8.806942397932819,0.014632103208552323,5,chem_fp_chemberta_kpgt_ept_xgb;chem_fp_chemberta_kpgt_xgb;chem_fp_xgb;deep_chemberta_kpgt_ept_ridge_linear;deep_chemberta_kpgt_ridge_linear;deep_chemberta_ridge_linear;deep_ept_ridge_linear;deep_kpgt_ept_ridge_linear;deep_kpgt_ridge_linear
ppbr_az,MAE,validation_stacking,9,9.882001348635587,0.22076990032957597,5,chem_fp_chemberta_kpgt_ept_xgb;chem_fp_chemberta_kpgt_xgb;chem_fp_xgb;deep_chemberta_kpgt_ept_ridge_linear;deep_chemberta_kpgt_ridge_linear;deep_chemberta_ridge_linear;deep_ept_ridge_linear;deep_kpgt_ept_ridge_linear;deep_kpgt_ridge_linear
ppbr_az,MAE,validation_top2_average,9,8.516671827012523,0.07345824479783152,5,chem_fp_chemberta_kpgt_ept_xgb;chem_fp_chemberta_kpgt_xgb
ppbr_az,MAE,validation_top3_average,9,8.70365891854502,0.06693271932045926,5,chem_fp_chemberta_kpgt_ept_xgb;chem_fp_chemberta_kpgt_xgb;chem_fp_xgb
solubility_aqsoldb,MAE,global_single,9,0.8383183852196412,0.003052770511380528,5,chem_fp_chemberta_kpgt_ept_xgb
solubility_aqsoldb,MAE,per_task_single,9,0.8383183852196412,0.003052770511380528,5,chem_fp_chemberta_kpgt_ept_xgb
solubility_aqsoldb,MAE,uniform_candidate_average,9,0.7945879504340052,0.0005735859857440932,5,chem_fp_chemberta_kpgt_ept_xgb;chem_fp_chemberta_kpgt_xgb;chem_fp_xgb;deep_chemberta_kpgt_ept_ridge_linear;deep_chemberta_kpgt_ridge_linear;deep_chemberta_ridge_linear;deep_ept_ridge_linear;deep_kpgt_ept_ridge_linear;deep_kpgt_ridge_linear
solubility_aqsoldb,MAE,validation_stacking,9,0.8423814576949434,0.005247402228276837,5,chem_fp_chemberta_kpgt_ept_xgb;chem_fp_chemberta_kpgt_xgb;chem_fp_xgb;deep_chemberta_kpgt_ept_ridge_linear;deep_chemberta_kpgt_ridge_linear;deep_chemberta_ridge_linear;deep_ept_ridge_linear;deep_kpgt_ept_ridge_linear;deep_kpgt_ridge_linear
solubility_aqsoldb,MAE,validation_top2_average,9,0.8202436389684321,0.002722423863356322,5,chem_fp_chemberta_kpgt_ept_xgb;chem_fp_chemberta_kpgt_xgb
solubility_aqsoldb,MAE,validation_top3_average,9,0.8231875814344434,0.002259293526953596,5,chem_fp_chemberta_kpgt_ept_xgb;chem_fp_chemberta_kpgt_xgb;deep_ept_ridge_linear
vdss_lombardo,Spearman,global_single,9,0.4196383845497954,0.024207105317363135,5,chem_fp_chemberta_kpgt_ept_xgb
vdss_lombardo,Spearman,per_task_single,9,0.4570863339950263,0.013122079100551102,5,chem_fp_xgb
vdss_lombardo,Spearman,uniform_candidate_average,9,0.1194602271610304,0.00840758487707113,5,chem_fp_chemberta_kpgt_ept_xgb;chem_fp_chemberta_kpgt_xgb;chem_fp_xgb;deep_chemberta_kpgt_ept_ridge_linear;deep_chemberta_kpgt_ridge_linear;deep_chemberta_ridge_linear;deep_ept_ridge_linear;deep_kpgt_ept_ridge_linear;deep_kpgt_ridge_linear
vdss_lombardo,Spearman,validation_stacking,9,0.22477210836960587,0.012808742445543957,5,chem_fp_chemberta_kpgt_ept_xgb;chem_fp_chemberta_kpgt_xgb;chem_fp_xgb;deep_chemberta_kpgt_ept_ridge_linear;deep_chemberta_kpgt_ridge_linear;deep_chemberta_ridge_linear;deep_ept_ridge_linear;deep_kpgt_ept_ridge_linear;deep_kpgt_ridge_linear
vdss_lombardo,Spearman,validation_top2_average,9,0.4340048708847862,0.02823016468735242,5,chem_fp_xgb;chem_fp_chemberta_kpgt_ept_xgb
vdss_lombardo,Spearman,validation_top3_average,9,0.30140781263306476,0.016921378564280023,5,chem_fp_xgb;chem_fp_chemberta_kpgt_ept_xgb;deep_ept_ridge_linear
