task,metric,reference_model,comparator_model,reference_seeds,comparator_seeds,n_samples,reference_score,comparator_score,improvement,ci95_lower,ci95_upper,p_value_two_sided,bootstrap_replicates_valid,p_value_bh_fdr,significant_fdr_0_05
ames,AUROC,trimole_hybrid,flaml_automl,1;2;3;4;5,101;202;303;404;505,1457,0.8721925238402946,0.7689224382697919,0.10327008557050266,0.08452511498120631,0.12268595615336235,0.00019998000199980003,10000,0.00040522263563117373,True
ames,AUROC,trimole_hybrid,global_single,1;2;3;4;5,101;202;303;404;505,1457,0.8721925238402946,0.7562043509761303,0.1159881728641643,0.09589900622685697,0.136997171260517,0.00019998000199980003,10000,0.00040522263563117373,True
ames,AUROC,trimole_hybrid,oof_stacking,1;2;3;4;5,101;202;303;404;505,1457,0.8721925238402946,0.8287023438876815,0.04349017995261306,0.02974815967503276,0.057595367773431015,0.00019998000199980003,10000,0.00040522263563117373,True
ames,AUROC,trimole_hybrid,per_task_single,1;2;3;4;5,101;202;303;404;505,1457,0.8721925238402946,0.8156915154007323,0.056501008439562295,0.03999849662325046,0.07328107073790388,0.00019998000199980003,10000,0.00040522263563117373,True
ames,AUROC,trimole_hybrid,uniform_average,1;2;3;4;5,101;202;303;404;505,1457,0.8721925238402946,0.8234985999334234,0.048693923906871106,0.03455417848697035,0.06313933798813286,0.00019998000199980003,10000,0.00040522263563117373,True
ames,AUROC,trimole_hybrid,validation_top2_average,1;2;3;4;5,101;202;303;404;505,1457,0.8721925238402946,0.8311157453641151,0.04107677847617941,0.026905098306322688,0.055455387347184464,0.00019998000199980003,10000,0.00040522263563117373,True
ames,AUROC,trimole_hybrid,validation_top3_average,1;2;3;4;5,101;202;303;404;505,1457,0.8721925238402946,0.8234985999334234,0.048693923906871106,0.034427947564485605,0.06324314900408938,0.00019998000199980003,10000,0.00040522263563117373,True
bbb_martins,AUROC,trimole_hybrid,flaml_automl,1,101;202;303;404;505,406,0.9281191369606004,0.8733974358974358,0.05472170106316465,0.02755464724942205,0.08552482047647249,0.00019998000199980003,10000,0.00040522263563117373,True
bbb_martins,AUROC,trimole_hybrid,global_single,1,101;202;303;404;505,406,0.9281191369606004,0.8072428080050031,0.1208763289555973,0.08144064865022456,0.16333324588757409,0.00019998000199980003,10000,0.00040522263563117373,True
bbb_martins,AUROC,trimole_hybrid,oof_stacking,1,101;202;303;404;505,406,0.9281191369606004,0.883462320200125,0.04465681676047539,0.017491927825261308,0.07666763432353245,0.00039996000399960006,10000,0.0007511443977553465,True
bbb_martins,AUROC,trimole_hybrid,per_task_single,1,101;202;303;404;505,406,0.9281191369606004,0.8469160412757973,0.0812030956848031,0.045778437926031805,0.11940095137502732,0.00019998000199980003,10000,0.00040522263563117373,True
bbb_martins,AUROC,trimole_hybrid,uniform_average,1,101;202;303;404;505,406,0.9281191369606004,0.8833450594121325,0.04477407754846796,0.01704172313460429,0.07581913100927885,0.0005999400059994001,10000,0.0011131416978784048,True
bbb_martins,AUROC,trimole_hybrid,validation_top2_average,1,101;202;303;404;505,406,0.9281191369606004,0.8617886178861789,0.06633051907442156,0.03317410375522067,0.10350218886804241,0.00039996000399960006,10000,0.0007511443977553465,True
bbb_martins,AUROC,trimole_hybrid,validation_top3_average,1,101;202;303;404;505,406,0.9281191369606004,0.8833450594121325,0.04477407754846796,0.01727793206672193,0.07662031109654474,0.0011998800119988001,10000,0.0020997900209979003,True
bioavailability_ma,AUROC,trimole_hybrid,flaml_automl,101;202;303;404;505,101;202;303;404;505,128,0.7236448287329564,0.6375124709012304,0.08613235783172601,-0.00033295119932049387,0.17661929324971665,0.05119488051194881,10000,0.067384714520001,False
bioavailability_ma,AUROC,trimole_hybrid,global_single,101;202;303;404;505,101;202;303;404;505,128,0.7236448287329564,0.671100764881942,0.0525440638510144,-0.052535340835029996,0.1571452811893989,0.31656834316568344,10000,0.33855225588552257,False
bioavailability_ma,AUROC,trimole_hybrid,oof_stacking,101;202;303;404;505,101;202;303;404;505,128,0.7236448287329564,0.6875623545061522,0.03608247422680422,-0.038663885828899076,0.11539923326167717,0.36596340365963403,10000,0.38079975786205167,False
bioavailability_ma,AUROC,trimole_hybrid,per_task_single,101;202;303;404;505,101;202;303;404;505,128,0.7236448287329564,0.6225473894246757,0.10109743930828075,0.0011978625259874707,0.20213108688367323,0.045995400459954004,10000,0.061062859231318246,False
bioavailability_ma,AUROC,trimole_hybrid,uniform_average,101;202;303;404;505,101;202;303;404;505,128,0.7236448287329564,0.6873960758230795,0.03624875290987695,-0.0380307632992696,0.11403543080166009,0.34096590340965904,10000,0.3596489666101883,False
bioavailability_ma,AUROC,trimole_hybrid,validation_top2_average,101;202;303;404;505,101;202;303;404;505,128,0.7236448287329564,0.6454938476887263,0.07815098104423013,-0.003906372223091256,0.16258534956951534,0.06479352064793521,10000,0.08385043848556323,False
bioavailability_ma,AUROC,trimole_hybrid,validation_top3_average,101;202;303;404;505,101;202;303;404;505,128,0.7236448287329564,0.6873960758230795,0.03624875290987695,-0.03588567079638505,0.11557315233785814,0.32196780321967805,10000,0.3419520116953822,False
caco2_wang,MAE,trimole_hybrid,flaml_automl,101;202;303;404;505,101;202;303;404;505,182,0.2822767510906849,0.3704277631293635,0.08815101203867859,0.053400926129190555,0.12318441097953134,0.00019998000199980003,10000,0.00040522263563117373,True
caco2_wang,MAE,trimole_hybrid,global_single,101;202;303;404;505,101;202;303;404;505,182,0.2822767510906849,0.33397820711686693,0.051701456026182036,0.015894010041980138,0.0873139553007859,0.0045995400459954,10000,0.007083291670832916,True
caco2_wang,MAE,trimole_hybrid,oof_stacking,101;202;303;404;505,101;202;303;404;505,182,0.2822767510906849,0.3750400067409701,0.0927632556502852,0.0489538025943682,0.13666257876967416,0.00019998000199980003,10000,0.00040522263563117373,True
caco2_wang,MAE,trimole_hybrid,per_task_single,101;202;303;404;505,101;202;303;404;505,182,0.2822767510906849,0.33397820711686693,0.051701456026182036,0.015241104102486434,0.08759439452709414,0.005599440055994401,10000,0.008371978336146968,True
caco2_wang,MAE,trimole_hybrid,uniform_average,101;202;303;404;505,101;202;303;404;505,182,0.2822767510906849,0.6101151665235414,0.32783841543285647,0.2516221085824963,0.405345451608964,0.00019998000199980003,10000,0.00040522263563117373,True
caco2_wang,MAE,trimole_hybrid,validation_top2_average,101;202;303;404;505,101;202;303;404;505,182,0.2822767510906849,0.4342931651491019,0.15201641405841698,0.09677333868261626,0.20713562566745328,0.00019998000199980003,10000,0.00040522263563117373,True
caco2_wang,MAE,trimole_hybrid,validation_top3_average,101;202;303;404;505,101;202;303;404;505,182,0.2822767510906849,0.6101151665235414,0.32783841543285647,0.2510638052299293,0.40475742108128454,0.00019998000199980003,10000,0.00040522263563117373,True
clearance_hepatocyte_az,Spearman,trimole_hybrid,flaml_automl,1;2;3;4;5,101;202;303;404;505,243,0.27527649324497594,0.16275463651083671,0.11252185673413923,0.043614125318627045,0.1824971413624051,0.0007999200079992001,10000,0.0014159503589870899,True
clearance_hepatocyte_az,Spearman,trimole_hybrid,global_single,1;2;3;4;5,101;202;303;404;505,243,0.27527649324497594,0.2494328237039323,0.02584366954104364,-0.07263676522760824,0.11905712607165586,0.6159384061593841,10000,0.6199641473761122,False
clearance_hepatocyte_az,Spearman,trimole_hybrid,oof_stacking,1;2;3;4;5,101;202;303;404;505,243,0.27527649324497594,0.34026428490466226,-0.06498779165968632,-0.15242193147168517,0.021784480155806685,0.141985801419858,10000,0.16950242960200101,False
clearance_hepatocyte_az,Spearman,trimole_hybrid,per_task_single,1;2;3;4;5,101;202;303;404;505,243,0.27527649324497594,0.3302528679512532,-0.05497637470627725,-0.1776726721603382,0.0696138894004107,0.391960803919608,10000,0.4051138510310043,False
clearance_hepatocyte_az,Spearman,trimole_hybrid,uniform_average,1;2;3;4;5,101;202;303;404;505,243,0.27527649324497594,0.3910450836839079,-0.11576859043893195,-0.218810083365327,-0.014131023949985196,0.0217978202179782,10000,0.030242020842960748,True
clearance_hepatocyte_az,Spearman,trimole_hybrid,validation_top2_average,1;2;3;4;5,101;202;303;404;505,243,0.27527649324497594,0.3494246389429374,-0.07414814569796147,-0.17194498178133627,0.02141256195066096,0.1311868813118688,10000,0.15783421657834218,False
clearance_hepatocyte_az,Spearman,trimole_hybrid,validation_top3_average,1;2;3;4;5,101;202;303;404;505,243,0.27527649324497594,0.3910450836839079,-0.11576859043893195,-0.21721106351050523,-0.011160657155016039,0.029197080291970802,10000,0.03909869882576959,True
clearance_microsome_az,Spearman,trimole_hybrid,flaml_automl,5;15;25;35;45,101;202;303;404;505,221,0.6443869808313402,0.5820979975256853,0.06228898330565491,0.013499472949090197,0.11710422603646797,0.011198880111988802,10000,0.016425024164250242,True
clearance_microsome_az,Spearman,trimole_hybrid,global_single,5;15;25;35;45,101;202;303;404;505,221,0.6443869808313402,0.4882190049070579,0.15616797592428228,0.06509541206469265,0.2522784540265882,0.00039996000399960006,10000,0.0007511443977553465,True
clearance_microsome_az,Spearman,trimole_hybrid,oof_stacking,5;15;25;35;45,101;202;303;404;505,221,0.6443869808313402,0.5062490715585996,0.1381379092727406,0.06085792113778502,0.2176513156415984,0.0007999200079992001,10000,0.0014159503589870899,True
clearance_microsome_az,Spearman,trimole_hybrid,per_task_single,5;15;25;35;45,101;202;303;404;505,221,0.6443869808313402,0.3076166726578927,0.33677030817344744,0.21991307363283205,0.4561537013118491,0.00019998000199980003,10000,0.00040522263563117373,True
clearance_microsome_az,Spearman,trimole_hybrid,uniform_average,5;15;25;35;45,101;202;303;404;505,221,0.6443869808313402,0.4761660101665623,0.16822097066477787,0.07858995964005236,0.2591578493708132,0.00019998000199980003,10000,0.00040522263563117373,True
clearance_microsome_az,Spearman,trimole_hybrid,validation_top2_average,5;15;25;35;45,101;202;303;404;505,221,0.6443869808313402,0.47318173502648764,0.17120524580485252,0.08908694785524596,0.25650186997635765,0.00019998000199980003,10000,0.00040522263563117373,True
clearance_microsome_az,Spearman,trimole_hybrid,validation_top3_average,5;15;25;35;45,101;202;303;404;505,221,0.6443869808313402,0.4761660101665623,0.16822097066477787,0.07862524127490152,0.2597274058822297,0.00039996000399960006,10000,0.0007511443977553465,True
cyp2c9_substrate_carbonmangels,AUPRC,trimole_hybrid,flaml_automl,101;202;303;404;505,101;202;303;404;505,135,0.4337916436260892,0.388586303340579,0.04520534028551021,-0.02821155905024601,0.14417391064272092,0.2273772622737726,10000,0.25191437690763296,False
cyp2c9_substrate_carbonmangels,AUPRC,trimole_hybrid,global_single,101;202;303;404;505,101;202;303;404;505,135,0.4337916436260892,0.34217832630344935,0.09161331732263983,-0.012326653616602944,0.24610354338808776,0.08099190080991901,10000,0.10140449369697177,False
cyp2c9_substrate_carbonmangels,AUPRC,trimole_hybrid,oof_stacking,101;202;303;404;505,101;202;303;404;505,135,0.4337916436260892,0.36832544847072823,0.06546619515536095,-0.01860548229125577,0.17109767734534354,0.1267873212678732,10000,0.15374210610435018,False
cyp2c9_substrate_carbonmangels,AUPRC,trimole_hybrid,per_task_single,101;202;303;404;505,101;202;303;404;505,135,0.4337916436260892,0.3692722207882201,0.0645194228378691,-0.014126056413595081,0.18191929971177456,0.09859014098590141,10000,0.12049906120499061,False
cyp2c9_substrate_carbonmangels,AUPRC,trimole_hybrid,uniform_average,101;202;303;404;505,101;202;303;404;505,135,0.4337916436260892,0.3728149518278469,0.06097669179824228,-0.030929234377598612,0.17404133616285222,0.19538046195380462,10000,0.22454172493198443,False
cyp2c9_substrate_carbonmangels,AUPRC,trimole_hybrid,validation_top2_average,101;202;303;404;505,101;202;303;404;505,135,0.4337916436260892,0.39854763974429763,0.03524400388179155,-0.06066518791759536,0.15777398361012573,0.40775922407759224,10000,0.418632803386328,False
cyp2c9_substrate_carbonmangels,AUPRC,trimole_hybrid,validation_top3_average,101;202;303;404;505,101;202;303;404;505,135,0.4337916436260892,0.3728149518278469,0.06097669179824228,-0.028424978224380525,0.17660302021766583,0.18918108189181082,10000,0.21905177903262305,False
cyp2c9_veith,AUPRC,trimole_hybrid,flaml_automl,101;202;303;404;505,101;202;303;404;505,2419,0.7924603312313264,0.7294530106191107,0.0630073206122157,0.040964969692575674,0.08549792761998566,0.00019998000199980003,10000,0.00040522263563117373,True
cyp2c9_veith,AUPRC,trimole_hybrid,global_single,101;202;303;404;505,101;202;303;404;505,2419,0.7924603312313264,0.6831777082859917,0.10928262294533475,0.079921911383981,0.1381497777237867,0.00019998000199980003,10000,0.00040522263563117373,True
cyp2c9_veith,AUPRC,trimole_hybrid,oof_stacking,101;202;303;404;505,101;202;303;404;505,2419,0.7924603312313264,0.7567286357677394,0.03573169546358701,0.01296277765015405,0.05893627549123121,0.0025997400259974,10000,0.004259148553229783,True
cyp2c9_veith,AUPRC,trimole_hybrid,per_task_single,101;202;303;404;505,101;202;303;404;505,2419,0.7924603312313264,0.6831777082859917,0.10928262294533475,0.0801153363887652,0.1384658419412741,0.00019998000199980003,10000,0.00040522263563117373,True
cyp2c9_veith,AUPRC,trimole_hybrid,uniform_average,101;202;303;404;505,101;202;303;404;505,2419,0.7924603312313264,0.7609358624012753,0.03152446883005111,0.009143273464173356,0.053524796195675,0.0059994000599940004,10000,0.008883727011914193,True
cyp2c9_veith,AUPRC,trimole_hybrid,validation_top2_average,101;202;303;404;505,101;202;303;404;505,2419,0.7924603312313264,0.7453181382572245,0.04714219297410194,0.021692818962950812,0.073186506879045,0.00039996000399960006,10000,0.0007511443977553465,True
cyp2c9_veith,AUPRC,trimole_hybrid,validation_top3_average,101;202;303;404;505,101;202;303;404;505,2419,0.7924603312313264,0.7609358624012753,0.03152446883005111,0.00922863272835745,0.05380734074591017,0.004999500049995001,10000,0.007548264781365002,True
cyp2d6_substrate_carbonmangels,AUPRC,trimole_hybrid,flaml_automl,5;15;25;35;45,101;202;303;404;505,135,0.7477083497822772,0.5739522076465255,0.17375614213575163,0.07024403983999426,0.26904064633736446,0.0013998600139986002,10000,0.0023432439364759177,True
cyp2d6_substrate_carbonmangels,AUPRC,trimole_hybrid,global_single,5;15;25;35;45,101;202;303;404;505,135,0.7477083497822772,0.47101838058958806,0.2766899691926891,0.18755174468214736,0.36688995557755405,0.00019998000199980003,10000,0.00040522263563117373,True
cyp2d6_substrate_carbonmangels,AUPRC,trimole_hybrid,oof_stacking,5;15;25;35;45,101;202;303;404;505,135,0.7477083497822772,0.5874883148017519,0.16022003498052528,0.06429049232921899,0.24546156434260671,0.0013998600139986002,10000,0.0023432439364759177,True
cyp2d6_substrate_carbonmangels,AUPRC,trimole_hybrid,per_task_single,5;15;25;35;45,101;202;303;404;505,135,0.7477083497822772,0.5208769902622983,0.2268313595199789,0.1418950630568142,0.312624446901775,0.00019998000199980003,10000,0.00040522263563117373,True
cyp2d6_substrate_carbonmangels,AUPRC,trimole_hybrid,uniform_average,5;15;25;35;45,101;202;303;404;505,135,0.7477083497822772,0.5730487285565419,0.1746596212257353,0.08096035479615775,0.2644753056230925,0.0007999200079992001,10000,0.0014159503589870899,True
cyp2d6_substrate_carbonmangels,AUPRC,trimole_hybrid,validation_top2_average,5;15;25;35;45,101;202;303;404;505,135,0.7477083497822772,0.5552968277944652,0.19241152198781197,0.11349014322507503,0.26985086101323935,0.00019998000199980003,10000,0.00040522263563117373,True
cyp2d6_substrate_carbonmangels,AUPRC,trimole_hybrid,validation_top3_average,5;15;25;35;45,101;202;303;404;505,135,0.7477083497822772,0.5730487285565419,0.1746596212257353,0.08004348113818045,0.26316755517246226,0.0007999200079992001,10000,0.0014159503589870899,True
cyp2d6_veith,AUPRC,trimole_hybrid,flaml_automl,1;2;3;4;5,101;202;303;404;505,2626,0.7225503496933187,0.6885589533085443,0.03399139638477433,0.018643184434058654,0.04959361127630372,0.00019998000199980003,10000,0.00040522263563117373,True
cyp2d6_veith,AUPRC,trimole_hybrid,global_single,1;2;3;4;5,101;202;303;404;505,2626,0.7225503496933187,0.5251541228990313,0.19739622679428737,0.16464597520273938,0.23082510428329486,0.00019998000199980003,10000,0.00040522263563117373,True
cyp2d6_veith,AUPRC,trimole_hybrid,oof_stacking,1;2;3;4;5,101;202;303;404;505,2626,0.7225503496933187,0.6598767356488154,0.06267361404450322,0.03603526986817056,0.08916168233572493,0.00019998000199980003,10000,0.00040522263563117373,True
cyp2d6_veith,AUPRC,trimole_hybrid,per_task_single,1;2;3;4;5,101;202;303;404;505,2626,0.7225503496933187,0.5251541228990313,0.19739622679428737,0.16444395482961727,0.2308695399487116,0.00019998000199980003,10000,0.00040522263563117373,True
cyp2d6_veith,AUPRC,trimole_hybrid,uniform_average,1;2;3;4;5,101;202;303;404;505,2626,0.7225503496933187,0.6482221707217592,0.07432817897155941,0.04720462396710122,0.10134886473636485,0.00019998000199980003,10000,0.00040522263563117373,True
cyp2d6_veith,AUPRC,trimole_hybrid,validation_top2_average,1;2;3;4;5,101;202;303;404;505,2626,0.7225503496933187,0.6500381865658349,0.07251216312748376,0.046613804277453624,0.09925528951140015,0.00019998000199980003,10000,0.00040522263563117373,True
cyp2d6_veith,AUPRC,trimole_hybrid,validation_top3_average,1;2;3;4;5,101;202;303;404;505,2626,0.7225503496933187,0.6482221707217592,0.07432817897155941,0.04713000314337841,0.10138047375815797,0.00019998000199980003,10000,0.00040522263563117373,True
cyp3a4_substrate_carbonmangels,AUROC,trimole_hybrid,flaml_automl,1;2;3;4;5,101;202;303;404;505,135,0.6653481012658229,0.6570976491862568,0.008250452079566095,-0.056270508916778074,0.0732978851665554,0.7841215878412159,10000,0.7841215878412159,False
cyp3a4_substrate_carbonmangels,AUROC,trimole_hybrid,global_single,1;2;3;4;5,101;202;303;404;505,135,0.6653481012658229,0.6210443037974684,0.044303797468354444,-0.04262745041387979,0.12801230308079506,0.3013698630136986,10000,0.32857277652516437,False
cyp3a4_substrate_carbonmangels,AUROC,trimole_hybrid,oof_stacking,1;2;3;4;5,101;202;303;404;505,135,0.6653481012658229,0.6282775768535263,0.037070524412296635,-0.03683504488524773,0.11042226882548598,0.3157684231576842,10000,0.33855225588552257,False
cyp3a4_substrate_carbonmangels,AUROC,trimole_hybrid,per_task_single,1;2;3;4;5,101;202;303;404;505,135,0.6653481012658229,0.6210443037974684,0.044303797468354444,-0.039309247364953975,0.12687186708064838,0.30296970302969706,10000,0.32857277652516437,False
cyp3a4_substrate_carbonmangels,AUROC,trimole_hybrid,uniform_average,1;2;3;4;5,101;202;303;404;505,135,0.6653481012658229,0.6184448462929476,0.046903254972875286,-0.026473296461513682,0.11953808099401741,0.20677932206779323,10000,0.230976902309769,False
cyp3a4_substrate_carbonmangels,AUROC,trimole_hybrid,validation_top2_average,1;2;3;4;5,101;202;303;404;505,135,0.6653481012658229,0.621496383363472,0.04385171790235087,-0.032323930078360506,0.12115962660211893,0.258974102589741,10000,0.2848715128487151,False
cyp3a4_substrate_carbonmangels,AUROC,trimole_hybrid,validation_top3_average,1;2;3;4;5,101;202;303;404;505,135,0.6653481012658229,0.6184448462929476,0.046903254972875286,-0.0263552840123391,0.12161508704061885,0.206979302069793,10000,0.230976902309769,False
cyp3a4_veith,AUPRC,trimole_hybrid,flaml_automl,1;2;3;4;5,101;202;303;404;505,2467,0.8859402823062066,0.8603646362082978,0.025575646097908744,0.018241221006076145,0.03306114508912454,0.00019998000199980003,10000,0.00040522263563117373,True
cyp3a4_veith,AUPRC,trimole_hybrid,global_single,1;2;3;4;5,101;202;303;404;505,2467,0.8859402823062066,0.7651838120437308,0.12075647026247582,0.10156227486672383,0.140317630336992,0.00019998000199980003,10000,0.00040522263563117373,True
cyp3a4_veith,AUPRC,trimole_hybrid,oof_stacking,1;2;3;4;5,101;202;303;404;505,2467,0.8859402823062066,0.8342480059882073,0.05169227631799933,0.03882087321764304,0.06496474394109356,0.00019998000199980003,10000,0.00040522263563117373,True
cyp3a4_veith,AUPRC,trimole_hybrid,per_task_single,1;2;3;4;5,101;202;303;404;505,2467,0.8859402823062066,0.7651838120437308,0.12075647026247582,0.10128684253746421,0.13938230241847993,0.00019998000199980003,10000,0.00040522263563117373,True
cyp3a4_veith,AUPRC,trimole_hybrid,uniform_average,1;2;3;4;5,101;202;303;404;505,2467,0.8859402823062066,0.829802959797753,0.0561373225084536,0.04305799185093813,0.06966483378163861,0.00019998000199980003,10000,0.00040522263563117373,True
cyp3a4_veith,AUPRC,trimole_hybrid,validation_top2_average,1;2;3;4;5,101;202;303;404;505,2467,0.8859402823062066,0.8252926037982878,0.060647678507918745,0.04601891709577135,0.07580824423619766,0.00019998000199980003,10000,0.00040522263563117373,True
cyp3a4_veith,AUPRC,trimole_hybrid,validation_top3_average,1;2;3;4;5,101;202;303;404;505,2467,0.8859402823062066,0.829802959797753,0.0561373225084536,0.0431567599502409,0.06966814525953337,0.00019998000199980003,10000,0.00040522263563117373,True
dili,AUROC,trimole_hybrid,flaml_automl,1;2;3;4;5,101;202;303;404;505,96,0.9117391304347826,0.8852173913043477,0.026521739130434874,-0.013303769401330379,0.07017620840165363,0.20277972202779723,10000,0.230976902309769,False
dili,AUROC,trimole_hybrid,global_single,1;2;3;4;5,101;202;303;404;505,96,0.9117391304347826,0.7869565217391306,0.12478260869565205,0.04459065654315917,0.20653884613712448,0.0021997800219978004,10000,0.0036426464880393683,True
dili,AUROC,trimole_hybrid,oof_stacking,1;2;3;4;5,101;202;303;404;505,96,0.9117391304347826,0.8891304347826087,0.022608695652173938,-0.025493410130009466,0.0727746212121211,0.34936506349365065,10000,0.36600149508858637,False
dili,AUROC,trimole_hybrid,per_task_single,1;2;3;4;5,101;202;303;404;505,96,0.9117391304347826,0.7869565217391306,0.12478260869565205,0.04537202752025958,0.20913093208297825,0.0013998600139986002,10000,0.0023432439364759177,True
dili,AUROC,trimole_hybrid,uniform_average,1;2;3;4;5,101;202;303;404;505,96,0.9117391304347826,0.8710869565217391,0.04065217391304354,-0.0037528280411672646,0.08959790209790208,0.0791920807919208,10000,0.09996377411439183,False
dili,AUROC,trimole_hybrid,validation_top2_average,1;2;3;4;5,101;202;303;404;505,96,0.9117391304347826,0.8760869565217391,0.03565217391304354,-0.015071437919062765,0.0860324399884315,0.16178382161783822,10000,0.19018861472631363,False
dili,AUROC,trimole_hybrid,validation_top3_average,1;2;3;4;5,101;202;303;404;505,96,0.9117391304347826,0.8710869565217391,0.04065217391304354,-0.005682379133591228,0.09031909805145466,0.08439156084391561,10000,0.10421677832216779,False
half_life_obach,Spearman,trimole_hybrid,flaml_automl,1;2;3;4;5,101;202;303;404;505,135,0.4924114680920759,0.2506964849216157,0.2417149831704602,0.09559643606047391,0.3930322716052803,0.0029997000299970002,10000,0.004812018798120188,True
half_life_obach,Spearman,trimole_hybrid,global_single,1;2;3;4;5,101;202;303;404;505,135,0.4924114680920759,0.27932847973583586,0.21308298835624007,0.04527695014750523,0.38359798200668505,0.012198780121987801,10000,0.017722756026284165,True
half_life_obach,Spearman,trimole_hybrid,oof_stacking,1;2;3;4;5,101;202;303;404;505,135,0.4924114680920759,0.2479889965217587,0.2444224715703172,0.0687091238812042,0.41957342013826826,0.004999500049995001,10000,0.007548264781365002,True
half_life_obach,Spearman,trimole_hybrid,per_task_single,1;2;3;4;5,101;202;303;404;505,135,0.4924114680920759,0.27932847973583586,0.21308298835624007,0.04612762908957386,0.37846700377619574,0.012798720127987202,10000,0.01842058784775728,True
half_life_obach,Spearman,trimole_hybrid,uniform_average,1;2;3;4;5,101;202;303;404;505,135,0.4924114680920759,0.259284283840958,0.23312718425111795,0.04886192805540495,0.4213642148793396,0.013398660133986601,10000,0.019105496857721633,True
half_life_obach,Spearman,trimole_hybrid,validation_top2_average,1;2;3;4;5,101;202;303;404;505,135,0.4924114680920759,0.10889183812689496,0.38351962996518096,0.19177735420182127,0.5715919620222478,0.00019998000199980003,10000,0.00040522263563117373,True
half_life_obach,Spearman,trimole_hybrid,validation_top3_average,1;2;3;4;5,101;202;303;404;505,135,0.4924114680920759,0.259284283840958,0.23312718425111795,0.044458944298954,0.41844987730832484,0.017998200179982,10000,0.0254286497955709,True
herg,AUROC,trimole_hybrid,flaml_automl,101;202;303;404;505,101;202;303;404;505,132,0.8622974963181148,0.8522827687776142,0.01001472754050059,-0.024692342921301947,0.045713780519094686,0.5609439056094391,10000,0.5683247464727211,False
herg,AUROC,trimole_hybrid,global_single,101;202;303;404;505,101;202;303;404;505,132,0.8622974963181148,0.7269513991163477,0.13534609720176716,0.06538928468872246,0.20768403206760835,0.00019998000199980003,10000,0.00040522263563117373,True
herg,AUROC,trimole_hybrid,oof_stacking,101;202;303;404;505,101;202;303;404;505,132,0.8622974963181148,0.7952871870397643,0.0670103092783505,0.008264014434113945,0.13137339154411762,0.026597340265973404,10000,0.035929740359297406,True
herg,AUROC,trimole_hybrid,per_task_single,101;202;303;404;505,101;202;303;404;505,132,0.8622974963181148,0.7269513991163477,0.13534609720176716,0.06624609375000004,0.2096724911078978,0.00039996000399960006,10000,0.0007511443977553465,True
herg,AUROC,trimole_hybrid,uniform_average,101;202;303;404;505,101;202;303;404;505,132,0.8622974963181148,0.7932253313696613,0.06907216494845347,0.008289041832010458,0.13310185185185175,0.0263973602639736,10000,0.035929740359297406,True
herg,AUROC,trimole_hybrid,validation_top2_average,101;202;303;404;505,101;202;303;404;505,132,0.8622974963181148,0.7522827687776141,0.11001472754050068,0.036273390799618804,0.18589313698938603,0.0037996200379962005,10000,0.006032386452076442,True
herg,AUROC,trimole_hybrid,validation_top3_average,101;202;303;404;505,101;202;303;404;505,132,0.8622974963181148,0.7932253313696613,0.06907216494845347,0.008403092389160689,0.13560297936753907,0.025397460253974602,10000,0.03492150784921508,True
hia_hou,AUROC,trimole_hybrid,flaml_automl,1;2;3;4;5,101;202;303;404;505,117,0.994238683127572,0.9728395061728394,0.02139917695473259,0.002625232395055266,0.04691462383770084,0.0197980201979802,10000,0.027717228277172278,True
hia_hou,AUROC,trimole_hybrid,global_single,1;2;3;4;5,101;202;303;404;505,117,0.994238683127572,0.781275720164609,0.21296296296296302,0.1298692613970391,0.3047870229898473,0.00019998000199980003,10000,0.00040522263563117373,True
hia_hou,AUROC,trimole_hybrid,oof_stacking,1;2;3;4;5,101;202;303;404;505,117,0.994238683127572,0.9806584362139918,0.013580246913580174,-0.00044839132424186434,0.03397862773115726,0.06319368063193681,10000,0.08247310862134126,False
hia_hou,AUROC,trimole_hybrid,per_task_single,1;2;3;4;5,101;202;303;404;505,117,0.994238683127572,0.9469135802469135,0.0473251028806585,0.01825784864507597,0.08114961961115796,0.00019998000199980003,10000,0.00040522263563117373,True
hia_hou,AUROC,trimole_hybrid,uniform_average,1;2;3;4;5,101;202;303;404;505,117,0.994238683127572,0.96440329218107,0.029835390946502005,0.007836990595611382,0.0610825862841775,0.0027997200279972004,10000,0.0045384935190691455,True
hia_hou,AUROC,trimole_hybrid,validation_top2_average,1;2;3;4;5,101;202;303;404;505,117,0.994238683127572,0.95,0.044238683127572065,0.011724339257233965,0.08441271460737398,0.004399560043995601,10000,0.006843760068437601,True
hia_hou,AUROC,trimole_hybrid,validation_top3_average,1;2;3;4;5,101;202;303;404;505,117,0.994238683127572,0.96440329218107,0.029835390946502005,0.007407236098262932,0.06105457909343204,0.003999600039996,10000,0.006285085777136571,True
ld50_zhu,MAE,trimole_hybrid,flaml_automl,101;202;303;404;505,101;202;303;404;505,1478,0.6015166973667635,0.647455489310909,0.04593879194414552,0.03558156381513227,0.05623022059344412,0.00019998000199980003,10000,0.00040522263563117373,True
ld50_zhu,MAE,trimole_hybrid,global_single,101;202;303;404;505,101;202;303;404;505,1478,0.6015166973667635,0.6739934812759999,0.0724767839092364,0.05322573213659534,0.0926123508821644,0.00019998000199980003,10000,0.00040522263563117373,True
ld50_zhu,MAE,trimole_hybrid,oof_stacking,101;202;303;404;505,101;202;303;404;505,1478,0.6015166973667635,0.6084140149926648,0.006897317625901289,-0.010134544743020751,0.02388497895056034,0.43155684431556846,10000,0.44013082135495063,False
ld50_zhu,MAE,trimole_hybrid,per_task_single,101;202;303;404;505,101;202;303;404;505,1478,0.6015166973667635,0.7653379705278089,0.16382127316104544,0.14174173062394532,0.18634431066445306,0.00019998000199980003,10000,0.00040522263563117373,True
ld50_zhu,MAE,trimole_hybrid,uniform_average,101;202;303;404;505,101;202;303;404;505,1478,0.6015166973667635,0.6134245111354041,0.011907813768640585,-0.005032829916670905,0.02880189015996531,0.16878312168783122,10000,0.1969136419691364,False
ld50_zhu,MAE,trimole_hybrid,validation_top2_average,101;202;303;404;505,101;202;303;404;505,1478,0.6015166973667635,0.6787262188943055,0.07720952152754201,0.06092219204804239,0.09402350430050636,0.00019998000199980003,10000,0.00040522263563117373,True
ld50_zhu,MAE,trimole_hybrid,validation_top3_average,101;202;303;404;505,101;202;303;404;505,1478,0.6015166973667635,0.6134245111354041,0.011907813768640585,-0.00491389441254113,0.028515023186860555,0.1543845615438456,10000,0.18288632675194016,False
lipophilicity_astrazeneca,MAE,trimole_hybrid,flaml_automl,1;2;3;4;5,101;202;303;404;505,840,0.47004576132529885,0.6074920223193199,0.13744626099402102,0.11342352124071264,0.1615460228999425,0.00019998000199980003,10000,0.00040522263563117373,True
lipophilicity_astrazeneca,MAE,trimole_hybrid,global_single,1;2;3;4;5,101;202;303;404;505,840,0.47004576132529885,0.7503387817484993,0.2802930204232005,0.2434720971947937,0.31736227705764536,0.00019998000199980003,10000,0.00040522263563117373,True
lipophilicity_astrazeneca,MAE,trimole_hybrid,oof_stacking,1;2;3;4;5,101;202;303;404;505,840,0.47004576132529885,0.5723090284474419,0.10226326712214306,0.0769405604197415,0.12809522033473764,0.00019998000199980003,10000,0.00040522263563117373,True
lipophilicity_astrazeneca,MAE,trimole_hybrid,per_task_single,1;2;3;4;5,101;202;303;404;505,840,0.47004576132529885,0.7503387817484993,0.2802930204232005,0.24344615482725046,0.31747868850261407,0.00019998000199980003,10000,0.00040522263563117373,True
lipophilicity_astrazeneca,MAE,trimole_hybrid,uniform_average,1;2;3;4;5,101;202;303;404;505,840,0.47004576132529885,0.5906399495639498,0.12059418823865098,0.09512987883337645,0.14672690108053663,0.00019998000199980003,10000,0.00040522263563117373,True
lipophilicity_astrazeneca,MAE,trimole_hybrid,validation_top2_average,1;2;3;4;5,101;202;303;404;505,840,0.47004576132529885,0.5783100636260851,0.10826430230078621,0.08148367349419326,0.1351645975656938,0.00019998000199980003,10000,0.00040522263563117373,True
lipophilicity_astrazeneca,MAE,trimole_hybrid,validation_top3_average,1;2;3;4;5,101;202;303;404;505,840,0.47004576132529885,0.5906399495639498,0.12059418823865098,0.09437410917246208,0.1476936430096727,0.00019998000199980003,10000,0.00040522263563117373,True
pgp_broccatelli,AUROC,trimole_hybrid,flaml_automl,1;2;3;4;5,101;202;303;404;505,245,0.9393495067981871,0.9044921354305518,0.034857371367635226,0.013621386054421725,0.05797707541833134,0.0013998600139986002,10000,0.0023432439364759177,True
pgp_broccatelli,AUROC,trimole_hybrid,global_single,1;2;3;4;5,101;202;303;404;505,245,0.9393495067981871,0.8559717408691014,0.08337776592908563,0.04701833733493391,0.12109061748195671,0.00019998000199980003,10000,0.00040522263563117373,True
pgp_broccatelli,AUROC,trimole_hybrid,oof_stacking,1;2;3;4;5,101;202;303;404;505,245,0.9393495067981871,0.9204878699013597,0.018861636896827405,-0.0013012144668357345,0.04093680064206183,0.0665933406659334,10000,0.08546145385461454,False
pgp_broccatelli,AUROC,trimole_hybrid,per_task_single,1;2;3;4;5,101;202;303;404;505,245,0.9393495067981871,0.8559717408691014,0.08337776592908563,0.04698048018354338,0.12146955836449609,0.00019998000199980003,10000,0.00040522263563117373,True
pgp_broccatelli,AUROC,trimole_hybrid,uniform_average,1;2;3;4;5,101;202;303;404;505,245,0.9393495067981871,0.921620901093042,0.017728605705145117,-0.002199127680306237,0.03946710515793691,0.08459154084591541,10000,0.10421677832216779,False
pgp_broccatelli,AUROC,trimole_hybrid,validation_top2_average,1;2;3;4;5,101;202;303;404;505,245,0.9393495067981871,0.9279192215409224,0.011430285257264639,-0.005934251214247176,0.030134383059589938,0.20457954204579543,10000,0.230976902309769,False
pgp_broccatelli,AUROC,trimole_hybrid,validation_top3_average,1;2;3;4;5,101;202;303;404;505,245,0.9393495067981871,0.921620901093042,0.017728605705145117,-0.001700731374280537,0.03934096145489134,0.0781921807819218,10000,0.09951732099517321,False
ppbr_az,MAE,trimole_hybrid,flaml_automl,5;15;25;35;45,101;202;303;404;505,559,7.302493154145781,9.813731731772886,2.511238577627106,1.9228337379835378,3.123194623112639,0.00019998000199980003,10000,0.00040522263563117373,True
ppbr_az,MAE,trimole_hybrid,global_single,5;15;25;35;45,101;202;303;404;505,559,7.302493154145781,10.913706857752928,3.611213703607147,2.9165026319646032,4.316303006845402,0.00019998000199980003,10000,0.00040522263563117373,True
ppbr_az,MAE,trimole_hybrid,oof_stacking,5;15;25;35;45,101;202;303;404;505,559,7.302493154145781,9.723047479209626,2.4205543250638453,1.8334867674905704,3.0219397594361737,0.00019998000199980003,10000,0.00040522263563117373,True
ppbr_az,MAE,trimole_hybrid,per_task_single,5;15;25;35;45,101;202;303;404;505,559,7.302493154145781,10.913706857752928,3.611213703607147,2.9305675723904048,4.303758205544028,0.00019998000199980003,10000,0.00040522263563117373,True
ppbr_az,MAE,trimole_hybrid,uniform_average,5;15;25;35;45,101;202;303;404;505,559,7.302493154145781,10.859623091714184,3.557129937568403,2.8637107005786433,4.274693186392829,0.00019998000199980003,10000,0.00040522263563117373,True
ppbr_az,MAE,trimole_hybrid,validation_top2_average,5;15;25;35;45,101;202;303;404;505,559,7.302493154145781,11.706326236486008,4.403833082340228,3.6433543130610064,5.189733605826438,0.00019998000199980003,10000,0.00040522263563117373,True
ppbr_az,MAE,trimole_hybrid,validation_top3_average,5;15;25;35;45,101;202;303;404;505,559,7.302493154145781,10.859623091714184,3.557129937568403,2.861405250901428,4.265711599715034,0.00019998000199980003,10000,0.00040522263563117373,True
solubility_aqsoldb,MAE,trimole_hybrid,flaml_automl,1;2;3;4;5,101;202;303;404;505,1995,0.7384045027904576,0.8897844140261904,0.1513799112357328,0.13232920384637872,0.17082330125476783,0.00019998000199980003,10000,0.00040522263563117373,True
solubility_aqsoldb,MAE,trimole_hybrid,global_single,1;2;3;4;5,101;202;303;404;505,1995,0.7384045027904576,0.9068635531114875,0.16845905032102992,0.14203489054138196,0.1958905262987994,0.00019998000199980003,10000,0.00040522263563117373,True
solubility_aqsoldb,MAE,trimole_hybrid,oof_stacking,1;2;3;4;5,101;202;303;404;505,1995,0.7384045027904576,0.8174399354692102,0.07903543267875268,0.056794054322677395,0.10095637628647897,0.00019998000199980003,10000,0.00040522263563117373,True
solubility_aqsoldb,MAE,trimole_hybrid,per_task_single,1;2;3;4;5,101;202;303;404;505,1995,0.7384045027904576,0.9068635531114875,0.16845905032102992,0.14167886522214576,0.1952661632639814,0.00019998000199980003,10000,0.00040522263563117373,True
solubility_aqsoldb,MAE,trimole_hybrid,uniform_average,1;2;3;4;5,101;202;303;404;505,1995,0.7384045027904576,0.8405002501636062,0.10209574737314864,0.07959534049570414,0.1248032269958404,0.00019998000199980003,10000,0.00040522263563117373,True
solubility_aqsoldb,MAE,trimole_hybrid,validation_top2_average,1;2;3;4;5,101;202;303;404;505,1995,0.7384045027904576,0.9535463483841978,0.21514184559374028,0.1882302541351534,0.2420911871939226,0.00019998000199980003,10000,0.00040522263563117373,True
solubility_aqsoldb,MAE,trimole_hybrid,validation_top3_average,1;2;3;4;5,101;202;303;404;505,1995,0.7384045027904576,0.8405002501636062,0.10209574737314864,0.07940843918340619,0.12459940554584448,0.00019998000199980003,10000,0.00040522263563117373,True
vdss_lombardo,Spearman,trimole_hybrid,flaml_automl,1;2;3;4;5,101;202;303;404;505,226,0.6821077368058727,0.44041772796712103,0.24169000883875164,0.14283054308356835,0.3454916428002743,0.00019998000199980003,10000,0.00040522263563117373,True
vdss_lombardo,Spearman,trimole_hybrid,global_single,1;2;3;4;5,101;202;303;404;505,226,0.6821077368058727,0.215611963310039,0.46649577349583365,0.3299025056153753,0.6079769311482784,0.00019998000199980003,10000,0.00040522263563117373,True
vdss_lombardo,Spearman,trimole_hybrid,oof_stacking,1;2;3;4;5,101;202;303;404;505,226,0.6821077368058727,0.11792419648047832,0.5641835403253943,0.4140261605350032,0.7139957421975553,0.00019998000199980003,10000,0.00040522263563117373,True
vdss_lombardo,Spearman,trimole_hybrid,per_task_single,1;2;3;4;5,101;202;303;404;505,226,0.6821077368058727,0.215611963310039,0.46649577349583365,0.32646928256089525,0.6048197517128037,0.00019998000199980003,10000,0.00040522263563117373,True
vdss_lombardo,Spearman,trimole_hybrid,uniform_average,1;2;3;4;5,101;202;303;404;505,226,0.6821077368058727,0.06134349682816697,0.6207642399777057,0.46346031802830484,0.7666290343948317,0.00019998000199980003,10000,0.00040522263563117373,True
vdss_lombardo,Spearman,trimole_hybrid,validation_top2_average,1;2;3;4;5,101;202;303;404;505,226,0.6821077368058727,0.1438695366951644,0.5382382001107082,0.39292397478815133,0.6806903355675815,0.00019998000199980003,10000,0.00040522263563117373,True
vdss_lombardo,Spearman,trimole_hybrid,validation_top3_average,1;2;3;4;5,101;202;303;404;505,226,0.6821077368058727,0.06134349682816697,0.6207642399777057,0.4633698081574411,0.7681162482392305,0.00019998000199980003,10000,0.00040522263563117373,True
