task,variant,delta_margin_vs_full,direction_normalized_margin,selected_candidate
ames,full_v36_final,0.0,0.0009449999999999,ames_repeated_tabular_ensemble5seed_audit_v1
bbb_martins,full_v36_final,0.0,0.0037789999999999,pure_chem_multibackend_endpoint_v1
bioavailability_ma,full_v36_final,0.0,-0.2197519999999999,fixed_chemical_endpoint_5run_v1/top1_method_transfer_chem_lite_v1_summary.csv
caco2_wang,full_v36_final,0.0,-0.0276469999999999,fixed_chemical_endpoint_5run_v1/top1_method_transfer_chem_lite_v1_summary.csv
clearance_hepatocyte_az,full_v36_final,0.0,0.0160399999999999,clearance_pooled_family_xgb_v1_fp_only_valid_adjusted
clearance_microsome_az,full_v36_final,0.0,0.0128139999999999,clearance_microsome_kpgt_ept_seedbag_endpoint_v1
cyp2c9_substrate_carbonmangels,full_v36_final,0.0,-0.0306299999999999,fixed_chemical_endpoint_5run_v1/paper_main_chemical_prior_xl_v4_all22_32core_summary_rebuilt_from_json.csv
cyp2c9_veith,full_v36_final,0.0,-0.0684139999999999,fixed_chemical_endpoint_5run_v1/top1_method_transfer_chem_lite_v1_summary.csv
cyp2d6_substrate_carbonmangels,full_v36_final,0.0,0.0115309999999999,cyp2d6_ap_xl_descriptor_seedbag_endpoint_v1
cyp2d6_veith,full_v36_final,0.0,-0.070828,v29_rank_uplift_formula_seedwise
cyp3a4_substrate_carbonmangels,full_v36_final,0.0,0.0582489999999999,cyp_substrate_pooled_family_xgb_v1
cyp3a4_veith,full_v36_final,0.0,-0.0318789999999999,v29_rank_uplift_formula_seedwise
dili,full_v36_final,0.0,-0.0473909999999999,v29_rank_uplift_formula_seedwise
half_life_obach,full_v36_final,0.0,-0.0846099999999999,v29_rank_uplift_formula_seedwise
herg,full_v36_final,0.0,-0.016642,fixed_chemical_endpoint_5run_v1/paper_main_chemical_prior_xl_v4_all22_32core_summary_rebuilt_from_json.csv
hia_hou,full_v36_final,0.0,0.00128,hia_hou_true5run_seedvarying_endpoint_audit_v1
ld50_zhu,full_v36_final,0.0,-0.0510709999999999,fixed_chemical_endpoint_5run_v1/paper_main_chemical_prior_xl_v4_all22_32core_summary_rebuilt_from_json.csv
lipophilicity_astrazeneca,full_v36_final,0.0,-0.0168949999999999,v29_rank_uplift_formula_seedwise
pgp_broccatelli,full_v36_final,0.0,0.000363,pgp_frozen_blend_audit_v1
ppbr_az,full_v36_final,0.0,0.1093830000000002,ppbr_kpgt_fp_seedbag_endpoint_v1
solubility_aqsoldb,full_v36_final,0.0,0.002557,solubility_clean_selector_v2_valid_selected_fp_xgb_metric_xl
vdss_lombardo,full_v36_final,0.0,-0.0520049999999999,v29_rank_uplift_formula_seedwise
ames,no_chemistry_sidecar,-0.17606413293779,-0.17511913293779,deep_chemberta_kpgt_ridge_linear
bbb_martins,no_chemistry_sidecar,-0.1707277179487181,-0.1669487179487181,deep_chemberta_kpgt_ridge_linear
bioavailability_ma,no_chemistry_sidecar,-0.176421594945128,-0.3961735949451279,deep_chemberta_ridge_linear
caco2_wang,no_chemistry_sidecar,-0.0812834504471999,-0.1089304504471999,deep_ept_ridge_linear
clearance_hepatocyte_az,no_chemistry_sidecar,-0.298076793128441,-0.2820367931284411,deep_ept_ridge_linear
clearance_microsome_az,no_chemistry_sidecar,-0.2045699580580495,-0.1917559580580495,deep_kpgt_ridge_linear
cyp2c9_substrate_carbonmangels,no_chemistry_sidecar,-0.1286361600903749,-0.1592661600903749,deep_chemberta_kpgt_ridge_linear
cyp2c9_veith,no_chemistry_sidecar,-0.250991887132014,-0.319405887132014,deep_chemberta_kpgt_ept_ridge_linear
cyp2d6_substrate_carbonmangels,no_chemistry_sidecar,-0.2566183728065819,-0.2450873728065819,deep_chemberta_kpgt_ridge_linear
cyp2d6_veith,no_chemistry_sidecar,-0.366845053191781,-0.437673053191781,deep_kpgt_ept_ridge_linear
cyp3a4_substrate_carbonmangels,no_chemistry_sidecar,-0.1188972820976492,-0.0606482820976492,deep_chemberta_kpgt_ept_ridge_linear
cyp3a4_veith,no_chemistry_sidecar,-0.2271113572637525,-0.2589903572637525,deep_kpgt_ept_ridge_linear
dili,no_chemistry_sidecar,-0.1424350869565217,-0.1898260869565217,deep_kpgt_ridge_linear
half_life_obach,no_chemistry_sidecar,-0.1596339234327696,-0.2442439234327695,deep_ept_ridge_linear
herg,no_chemistry_sidecar,-0.1279235375552282,-0.1445655375552282,deep_kpgt_ept_ridge_linear
hia_hou,no_chemistry_sidecar,-0.0876133333333334,-0.0863333333333333,deep_kpgt_ept_ridge_linear
ld50_zhu,no_chemistry_sidecar,-0.1012871480560509,-0.1523581480560509,deep_ept_ridge_linear
lipophilicity_astrazeneca,no_chemistry_sidecar,-0.0843413431113106,-0.1012363431113106,deep_kpgt_ept_ridge_linear
pgp_broccatelli,no_chemistry_sidecar,-0.1381630533191147,-0.1378000533191147,deep_ept_ridge_linear
ppbr_az,no_chemistry_sidecar,-2.621638878968826,-2.512255878968825,deep_ept_ridge_linear
solubility_aqsoldb,no_chemistry_sidecar,-0.1909922167590724,-0.1884352167590723,deep_ept_ridge_linear
vdss_lombardo,no_chemistry_sidecar,-0.5161980642476728,-0.5682030642476728,deep_ept_ridge_linear
ames,no_ept_or_no_3d,-0.0167040514793711,-0.0157590514793711,chem_fp_chemberta_kpgt_xgb
bbb_martins,no_ept_or_no_3d,-0.009822464665416,-0.006043464665416,chem_fp_chemberta_kpgt_xgb
bioavailability_ma,no_ept_or_no_3d,-0.077951358829398,-0.297703358829398,chem_fp_chemberta_kpgt_xgb
caco2_wang,no_ept_or_no_3d,-0.0428443979323167,-0.0704913979323167,chem_fp_chemberta_kpgt_xgb
clearance_hepatocyte_az,no_ept_or_no_3d,-0.0933751748873461,-0.0773351748873462,chem_fp_chemberta_kpgt_xgb
clearance_microsome_az,no_ept_or_no_3d,-0.2045699580580495,-0.1917559580580495,deep_kpgt_ridge_linear
cyp2c9_substrate_carbonmangels,no_ept_or_no_3d,-0.0065205820327503,-0.0371505820327503,chem_fp_chemberta_kpgt_xgb
cyp2c9_veith,no_ept_or_no_3d,-0.0195640057234203,-0.0879780057234203,chem_fp_chemberta_kpgt_xgb
cyp2d6_substrate_carbonmangels,no_ept_or_no_3d,-0.0454250487727733,-0.0338940487727733,chem_fp_chemberta_kpgt_xgb
cyp2d6_veith,no_ept_or_no_3d,-0.0230338475350484,-0.0938618475350484,chem_fp_chemberta_kpgt_xgb
cyp3a4_substrate_carbonmangels,no_ept_or_no_3d,-0.0547019837251356,0.0035470162748643,chem_fp_xgb
cyp3a4_veith,no_ept_or_no_3d,-0.0228288073844667,-0.0547078073844667,chem_fp_chemberta_kpgt_xgb
dili,no_ept_or_no_3d,-0.0420003043478262,-0.0893913043478261,chem_fp_xgb
half_life_obach,no_ept_or_no_3d,-0.0895155775649456,-0.1741255775649456,chem_fp_chemberta_kpgt_xgb
herg,no_ept_or_no_3d,-0.0493668365243004,-0.0660088365243004,chem_fp_chemberta_kpgt_xgb
hia_hou,no_ept_or_no_3d,-0.0434158024691359,-0.0421358024691358,chem_fp_chemberta_kpgt_xgb
ld50_zhu,no_ept_or_no_3d,-0.0254745688031342,-0.0765455688031342,chem_fp_chemberta_kpgt_xgb
lipophilicity_astrazeneca,no_ept_or_no_3d,-0.088581431330045,-0.105476431330045,deep_kpgt_ridge_linear
pgp_broccatelli,no_ept_or_no_3d,-0.0073979240202611,-0.0070349240202611,chem_fp_chemberta_kpgt_xgb
ppbr_az,no_ept_or_no_3d,-1.531188945872408,-1.421805945872408,chem_fp_chemberta_kpgt_xgb
solubility_aqsoldb,no_ept_or_no_3d,-0.1281615093254535,-0.1256045093254535,chem_fp_chemberta_kpgt_xgb
vdss_lombardo,no_ept_or_no_3d,-0.2039086660049737,-0.2559136660049736,chem_fp_xgb
ames,no_prediction_level_ensemble,-0.0167040514793711,-0.0157590514793711,chem_fp_chemberta_kpgt_xgb
bbb_martins,no_prediction_level_ensemble,-0.0229713076923077,-0.0191923076923077,chem_fp_chemberta_kpgt_ept_xgb
bioavailability_ma,no_prediction_level_ensemble,-0.077951358829398,-0.297703358829398,chem_fp_chemberta_kpgt_xgb
caco2_wang,no_prediction_level_ensemble,-0.0816611944549426,-0.1093081944549426,chem_fp_chemberta_kpgt_ept_xgb
clearance_hepatocyte_az,no_prediction_level_ensemble,-0.3517204712229832,-0.3356804712229833,chem_fp_chemberta_kpgt_ept_xgb
clearance_microsome_az,no_prediction_level_ensemble,-0.2045699580580495,-0.1917559580580495,deep_kpgt_ridge_linear
cyp2c9_substrate_carbonmangels,no_prediction_level_ensemble,-0.0116172702407486,-0.0422472702407486,chem_fp_chemberta_kpgt_ept_xgb
cyp2c9_veith,no_prediction_level_ensemble,-0.0195640057234203,-0.0879780057234203,chem_fp_chemberta_kpgt_xgb
cyp2d6_substrate_carbonmangels,no_prediction_level_ensemble,-0.0454250487727733,-0.0338940487727733,chem_fp_chemberta_kpgt_xgb
cyp2d6_veith,no_prediction_level_ensemble,-0.0230338475350484,-0.0938618475350484,chem_fp_chemberta_kpgt_xgb
cyp3a4_substrate_carbonmangels,no_prediction_level_ensemble,-0.0547019837251356,0.0035470162748643,chem_fp_xgb
cyp3a4_veith,no_prediction_level_ensemble,-0.0228288073844667,-0.0547078073844667,chem_fp_chemberta_kpgt_xgb
dili,no_prediction_level_ensemble,-0.0420003043478262,-0.0893913043478261,chem_fp_xgb
half_life_obach,no_prediction_level_ensemble,-0.0895155775649456,-0.1741255775649456,chem_fp_chemberta_kpgt_xgb
herg,no_prediction_level_ensemble,-0.0468631546391752,-0.0635051546391752,chem_fp_chemberta_kpgt_ept_xgb
hia_hou,no_prediction_level_ensemble,-0.0434158024691359,-0.0421358024691358,chem_fp_chemberta_kpgt_xgb
ld50_zhu,no_prediction_level_ensemble,-0.0162074960295092,-0.0672784960295092,chem_fp_chemberta_kpgt_ept_xgb
lipophilicity_astrazeneca,no_prediction_level_ensemble,-0.0843413431113106,-0.1012363431113106,deep_kpgt_ept_ridge_linear
pgp_broccatelli,no_prediction_level_ensemble,-0.009077476139696,-0.008714476139696,chem_fp_chemberta_kpgt_ept_xgb
ppbr_az,no_prediction_level_ensemble,-1.864394191161672,-1.755011191161672,chem_fp_chemberta_kpgt_ept_xgb
solubility_aqsoldb,no_prediction_level_ensemble,-0.0997589154940069,-0.0972019154940069,chem_fp_chemberta_kpgt_ept_xgb
vdss_lombardo,no_prediction_level_ensemble,-0.2039086660049737,-0.2559136660049736,chem_fp_xgb
ames,no_seedbag_single_seed,-0.0168372046642777,-0.0158922046642777,chem_fp_chemberta_kpgt_xgb
bbb_martins,no_seedbag_single_seed,-0.025339975609756,-0.0215609756097561,chem_fp_chemberta_kpgt_ept_xgb
bioavailability_ma,no_seedbag_single_seed,-0.0764215949451279,-0.2961735949451278,chem_fp_chemberta_kpgt_xgb
caco2_wang,no_seedbag_single_seed,-0.0684225007222605,-0.0960695007222605,chem_fp_chemberta_kpgt_ept_xgb
clearance_hepatocyte_az,no_seedbag_single_seed,-0.3732077450175489,-0.3571677450175489,chem_fp_chemberta_kpgt_ept_xgb
clearance_microsome_az,no_seedbag_single_seed,-0.2046081930324425,-0.1917941930324425,deep_kpgt_ridge_linear
cyp2c9_substrate_carbonmangels,no_seedbag_single_seed,0.0083316156517738,-0.0222983843482261,chem_fp_chemberta_kpgt_ept_xgb
cyp2c9_veith,no_seedbag_single_seed,-0.0205162302797955,-0.0889302302797955,chem_fp_chemberta_kpgt_xgb
cyp2d6_substrate_carbonmangels,no_seedbag_single_seed,-0.049006976650722,-0.0374759766507221,chem_fp_chemberta_kpgt_xgb
cyp2d6_veith,no_seedbag_single_seed,-0.0183359780864731,-0.0891639780864731,chem_fp_chemberta_kpgt_xgb
cyp3a4_substrate_carbonmangels,no_seedbag_single_seed,-0.0517634665461121,0.0064855334538878,chem_fp_xgb
cyp3a4_veith,no_seedbag_single_seed,-0.0218176605683542,-0.0536966605683542,chem_fp_chemberta_kpgt_xgb
dili,no_seedbag_single_seed,-0.0507829130434782,-0.0981739130434782,chem_fp_xgb
half_life_obach,no_seedbag_single_seed,-0.0717674912055053,-0.1563774912055052,chem_fp_chemberta_kpgt_xgb
herg,no_seedbag_single_seed,-0.0584979116347569,-0.0751399116347569,chem_fp_chemberta_kpgt_ept_xgb
hia_hou,no_seedbag_single_seed,-0.0486009876543209,-0.0473209876543209,chem_fp_chemberta_kpgt_xgb
ld50_zhu,no_seedbag_single_seed,-0.0187416123432215,-0.0698126123432215,chem_fp_chemberta_kpgt_ept_xgb
lipophilicity_astrazeneca,no_seedbag_single_seed,-0.0843413431113106,-0.1012363431113106,deep_kpgt_ept_ridge_linear
pgp_broccatelli,no_seedbag_single_seed,-0.0110102940549187,-0.0106472940549187,chem_fp_chemberta_kpgt_ept_xgb
ppbr_az,no_seedbag_single_seed,-1.788141898412606,-1.678758898412606,chem_fp_chemberta_kpgt_ept_xgb
solubility_aqsoldb,no_seedbag_single_seed,-0.0975418801021843,-0.0949848801021843,chem_fp_chemberta_kpgt_ept_xgb
vdss_lombardo,no_seedbag_single_seed,-0.1811644889304938,-0.2331694889304938,chem_fp_xgb
ames,no_task_adaptive_selection,-0.0267062054279504,-0.0257612054279504,chem_fp_chemberta_kpgt_ept_xgb
bbb_martins,no_task_adaptive_selection,-0.0229713076923077,-0.0191923076923077,chem_fp_chemberta_kpgt_ept_xgb
bioavailability_ma,no_task_adaptive_selection,-0.0753574113734618,-0.2951094113734618,chem_fp_chemberta_kpgt_ept_xgb
caco2_wang,no_task_adaptive_selection,-0.0816611944549426,-0.1093081944549426,chem_fp_chemberta_kpgt_ept_xgb
clearance_hepatocyte_az,no_task_adaptive_selection,-0.3517204712229832,-0.3356804712229833,chem_fp_chemberta_kpgt_ept_xgb
clearance_microsome_az,no_task_adaptive_selection,-0.0473562922086657,-0.0345422922086657,chem_fp_chemberta_kpgt_ept_xgb
cyp2c9_substrate_carbonmangels,no_task_adaptive_selection,-0.0116172702407486,-0.0422472702407486,chem_fp_chemberta_kpgt_ept_xgb
cyp2c9_veith,no_task_adaptive_selection,-0.0391341418571991,-0.107548141857199,chem_fp_chemberta_kpgt_ept_xgb
cyp2d6_substrate_carbonmangels,no_task_adaptive_selection,-0.0579938170152952,-0.0464628170152953,chem_fp_chemberta_kpgt_ept_xgb
cyp2d6_veith,no_task_adaptive_selection,-0.0308318863945729,-0.1016598863945729,chem_fp_chemberta_kpgt_ept_xgb
cyp3a4_substrate_carbonmangels,no_task_adaptive_selection,-0.0569397775768536,0.0013092224231463,chem_fp_chemberta_kpgt_ept_xgb
cyp3a4_veith,no_task_adaptive_selection,-0.0242226443143144,-0.0561016443143144,chem_fp_chemberta_kpgt_ept_xgb
dili,no_task_adaptive_selection,-0.0053046521739129,-0.0526956521739129,chem_fp_chemberta_kpgt_ept_xgb
half_life_obach,no_task_adaptive_selection,-0.106292916821198,-0.190902916821198,chem_fp_chemberta_kpgt_ept_xgb
herg,no_task_adaptive_selection,-0.0468631546391752,-0.0635051546391752,chem_fp_chemberta_kpgt_ept_xgb
hia_hou,no_task_adaptive_selection,-0.0242388477366255,-0.0229588477366254,chem_fp_chemberta_kpgt_ept_xgb
ld50_zhu,no_task_adaptive_selection,-0.0162074960295092,-0.0672784960295092,chem_fp_chemberta_kpgt_ept_xgb
lipophilicity_astrazeneca,no_task_adaptive_selection,-0.1274690692421201,-0.1443640692421201,chem_fp_chemberta_kpgt_ept_xgb
pgp_broccatelli,no_task_adaptive_selection,-0.009077476139696,-0.008714476139696,chem_fp_chemberta_kpgt_ept_xgb
ppbr_az,no_task_adaptive_selection,-1.864394191161672,-1.755011191161672,chem_fp_chemberta_kpgt_ept_xgb
solubility_aqsoldb,no_task_adaptive_selection,-0.0997589154940069,-0.0972019154940069,chem_fp_chemberta_kpgt_ept_xgb
vdss_lombardo,no_task_adaptive_selection,-0.2413566154502046,-0.2933616154502045,chem_fp_chemberta_kpgt_ept_xgb
