task,metric,full_v36_final,no_task_adaptive_selection,no_chemistry_sidecar,no_ept_or_no_3d,no_prediction_level_ensemble,no_seedbag_single_seed
ames,AUROC,repeated tabular ensemble; xgboost_500; 5 formal seeds with internal repeated scaffold fold-bag,Morgan fingerprint + ChemBERTa+KPGT+EPT embeddings + fixed XGBoost head,ChemBERTa+KPGT embeddings + target-standardized Ridge/linear head,Morgan fingerprint + ChemBERTa+KPGT embeddings + fixed XGBoost head,Morgan fingerprint + ChemBERTa+KPGT embeddings + fixed XGBoost head,Morgan fingerprint + ChemBERTa+KPGT embeddings + fixed XGBoost head
bbb_martins,AUROC,ExtraTrees over chemical descriptors/fingerprints,Morgan fingerprint + ChemBERTa+KPGT+EPT embeddings + fixed XGBoost head,ChemBERTa+KPGT embeddings + target-standardized Ridge/linear head,Morgan fingerprint + ChemBERTa+KPGT embeddings + fixed XGBoost head,Morgan fingerprint + ChemBERTa+KPGT+EPT embeddings + fixed XGBoost head,Morgan fingerprint + ChemBERTa+KPGT+EPT embeddings + fixed XGBoost head
bioavailability_ma,AUROC,"Canonical backup uses chem fixed chemical endpoint: kpgt/chem_core_pair_torsion/extratrees/topk=all; formal seeds=101,202,303,404,505.",Morgan fingerprint + ChemBERTa+KPGT+EPT embeddings + fixed XGBoost head,ChemBERTa embedding + target-standardized Ridge/linear head,Morgan fingerprint + ChemBERTa+KPGT embeddings + fixed XGBoost head,Morgan fingerprint + ChemBERTa+KPGT embeddings + fixed XGBoost head,Morgan fingerprint + ChemBERTa+KPGT embeddings + fixed XGBoost head
caco2_wang,MAE,"Canonical backup uses chem fixed chemical endpoint: chemberta_kpgt/chem_core_pair_torsion/extratrees/topk=512; formal seeds=101,202,303,404,505.",Morgan fingerprint + ChemBERTa+KPGT+EPT embeddings + fixed XGBoost head,EPT/3D embedding + target-standardized Ridge/linear head,Morgan fingerprint + ChemBERTa+KPGT embeddings + fixed XGBoost head,Morgan fingerprint + ChemBERTa+KPGT+EPT embeddings + fixed XGBoost head,Morgan fingerprint + ChemBERTa+KPGT+EPT embeddings + fixed XGBoost head
clearance_hepatocyte_az,Spearman,clearance family-transfer XGB; fingerprint-only; valid_adjusted selector,Morgan fingerprint + ChemBERTa+KPGT+EPT embeddings + fixed XGBoost head,EPT/3D embedding + target-standardized Ridge/linear head,Morgan fingerprint + ChemBERTa+KPGT embeddings + fixed XGBoost head,Morgan fingerprint + ChemBERTa+KPGT+EPT embeddings + fixed XGBoost head,Morgan fingerprint + ChemBERTa+KPGT+EPT embeddings + fixed XGBoost head
clearance_microsome_az,Spearman,KPGT+EPT seedbag_5x5; equal seed-bag average,Morgan fingerprint + ChemBERTa+KPGT+EPT embeddings + fixed XGBoost head,KPGT embedding + target-standardized Ridge/linear head,KPGT embedding + target-standardized Ridge/linear head,KPGT embedding + target-standardized Ridge/linear head,KPGT embedding + target-standardized Ridge/linear head
cyp2c9_substrate_carbonmangels,AUPRC,"Canonical backup uses xl fixed chemical endpoint: xl_v4_kpgt/embed_chem_xl_full_chemical_prior/xgb/topk=1024; formal seeds=101,202,303,404,505.",Morgan fingerprint + ChemBERTa+KPGT+EPT embeddings + fixed XGBoost head,ChemBERTa+KPGT embeddings + target-standardized Ridge/linear head,Morgan fingerprint + ChemBERTa+KPGT embeddings + fixed XGBoost head,Morgan fingerprint + ChemBERTa+KPGT+EPT embeddings + fixed XGBoost head,Morgan fingerprint + ChemBERTa+KPGT+EPT embeddings + fixed XGBoost head
cyp2c9_veith,AUPRC,"Canonical backup uses chem fixed chemical endpoint: kpgt_ept/chem_wide_chem/xgb/topk=all; formal seeds=101,202,303,404,505.",Morgan fingerprint + ChemBERTa+KPGT+EPT embeddings + fixed XGBoost head,ChemBERTa+KPGT+EPT embeddings + target-standardized Ridge/linear head,Morgan fingerprint + ChemBERTa+KPGT embeddings + fixed XGBoost head,Morgan fingerprint + ChemBERTa+KPGT embeddings + fixed XGBoost head,Morgan fingerprint + ChemBERTa+KPGT embeddings + fixed XGBoost head
cyp2d6_substrate_carbonmangels,AUPRC,zscore(0.8*AP_surrogate_seedbag + 0.1*XL + 0.1*descriptor_sidecar_v2),Morgan fingerprint + ChemBERTa+KPGT+EPT embeddings + fixed XGBoost head,ChemBERTa+KPGT embeddings + target-standardized Ridge/linear head,Morgan fingerprint + ChemBERTa+KPGT embeddings + fixed XGBoost head,Morgan fingerprint + ChemBERTa+KPGT embeddings + fixed XGBoost head,Morgan fingerprint + ChemBERTa+KPGT embeddings + fixed XGBoost head
cyp2d6_veith,AUPRC,rank(0.4*K+E CE seedbag + 0.3*K+E FP/base_pred sidecar + 0.2*K+E AP + 0.1*tabular FP),Morgan fingerprint + ChemBERTa+KPGT+EPT embeddings + fixed XGBoost head,KPGT+EPT embeddings + target-standardized Ridge/linear head,Morgan fingerprint + ChemBERTa+KPGT embeddings + fixed XGBoost head,Morgan fingerprint + ChemBERTa+KPGT embeddings + fixed XGBoost head,Morgan fingerprint + ChemBERTa+KPGT embeddings + fixed XGBoost head
cyp3a4_substrate_carbonmangels,AUROC,CYP substrate family-transfer pooled XGB; fingerprint-only; task one-hot,Morgan fingerprint + ChemBERTa+KPGT+EPT embeddings + fixed XGBoost head,ChemBERTa+KPGT+EPT embeddings + target-standardized Ridge/linear head,Morgan fingerprint + fixed XGBoost head,Morgan fingerprint + fixed XGBoost head,Morgan fingerprint + fixed XGBoost head
cyp3a4_veith,AUPRC,logit(0.2*XL_K+E + 0.3*K+E CE seedbag + 0.3*K+E AP + 0.2*tabular FP),Morgan fingerprint + ChemBERTa+KPGT+EPT embeddings + fixed XGBoost head,KPGT+EPT embeddings + target-standardized Ridge/linear head,Morgan fingerprint + ChemBERTa+KPGT embeddings + fixed XGBoost head,Morgan fingerprint + ChemBERTa+KPGT embeddings + fixed XGBoost head,Morgan fingerprint + ChemBERTa+KPGT embeddings + fixed XGBoost head
dili,AUROC,raw(0.6*XL_K+E + 0.2*K+E CE seedbag + 0.2*K+E descriptor sidecar),Morgan fingerprint + ChemBERTa+KPGT+EPT embeddings + fixed XGBoost head,KPGT embedding + target-standardized Ridge/linear head,Morgan fingerprint + fixed XGBoost head,Morgan fingerprint + fixed XGBoost head,Morgan fingerprint + fixed XGBoost head
half_life_obach,Spearman,zscore(0.5*C+K metric_auto + 0.1*C+K Spearman seedbag + 0.4*C+K descriptor sidecar),Morgan fingerprint + ChemBERTa+KPGT+EPT embeddings + fixed XGBoost head,EPT/3D embedding + target-standardized Ridge/linear head,Morgan fingerprint + ChemBERTa+KPGT embeddings + fixed XGBoost head,Morgan fingerprint + ChemBERTa+KPGT embeddings + fixed XGBoost head,Morgan fingerprint + ChemBERTa+KPGT embeddings + fixed XGBoost head
herg,AUROC,"Canonical backup uses xl fixed chemical endpoint: xl_v4_ept/embed_chem_xl_morgan_family/extratrees/topk=all; formal seeds=101,202,303,404,505.",Morgan fingerprint + ChemBERTa+KPGT+EPT embeddings + fixed XGBoost head,KPGT+EPT embeddings + target-standardized Ridge/linear head,Morgan fingerprint + ChemBERTa+KPGT embeddings + fixed XGBoost head,Morgan fingerprint + ChemBERTa+KPGT+EPT embeddings + fixed XGBoost head,Morgan fingerprint + ChemBERTa+KPGT+EPT embeddings + fixed XGBoost head
hia_hou,AUROC,rank(0.1*selected_gated_5seed + 0.5*official_sidecar_bagged + 0.4*chem_logreg_trainonly); valid-only saturated-valid tie-break; true seed-varying 5-run final scores,Morgan fingerprint + ChemBERTa+KPGT+EPT embeddings + fixed XGBoost head,KPGT+EPT embeddings + target-standardized Ridge/linear head,Morgan fingerprint + ChemBERTa+KPGT embeddings + fixed XGBoost head,Morgan fingerprint + ChemBERTa+KPGT embeddings + fixed XGBoost head,Morgan fingerprint + ChemBERTa+KPGT embeddings + fixed XGBoost head
ld50_zhu,MAE,"Canonical backup uses xl fixed chemical endpoint: xl_v4_chemberta_kpgt/chem_xl_full_chemical_prior/xgb/topk=4096; formal seeds=101,202,303,404,505.",Morgan fingerprint + ChemBERTa+KPGT+EPT embeddings + fixed XGBoost head,EPT/3D embedding + target-standardized Ridge/linear head,Morgan fingerprint + ChemBERTa+KPGT embeddings + fixed XGBoost head,Morgan fingerprint + ChemBERTa+KPGT+EPT embeddings + fixed XGBoost head,Morgan fingerprint + ChemBERTa+KPGT+EPT embeddings + fixed XGBoost head
lipophilicity_astrazeneca,MAE,raw(0.2*XL_K + 0.1*tabular FP + 0.3*K metric_auto + 0.4*K SmoothL1 seedbag),Morgan fingerprint + ChemBERTa+KPGT+EPT embeddings + fixed XGBoost head,KPGT+EPT embeddings + target-standardized Ridge/linear head,KPGT embedding + target-standardized Ridge/linear head,KPGT+EPT embeddings + target-standardized Ridge/linear head,KPGT+EPT embeddings + target-standardized Ridge/linear head
pgp_broccatelli,AUROC,logit(0.65*layerwise_selected_gated + 0.25*aux_K+E + 0.10*aux_K),Morgan fingerprint + ChemBERTa+KPGT+EPT embeddings + fixed XGBoost head,EPT/3D embedding + target-standardized Ridge/linear head,Morgan fingerprint + ChemBERTa+KPGT embeddings + fixed XGBoost head,Morgan fingerprint + ChemBERTa+KPGT+EPT embeddings + fixed XGBoost head,Morgan fingerprint + ChemBERTa+KPGT+EPT embeddings + fixed XGBoost head
ppbr_az,MAE,0.7*KPGT_seedbag + 0.3*fp_only,Morgan fingerprint + ChemBERTa+KPGT+EPT embeddings + fixed XGBoost head,EPT/3D embedding + target-standardized Ridge/linear head,Morgan fingerprint + ChemBERTa+KPGT embeddings + fixed XGBoost head,Morgan fingerprint + ChemBERTa+KPGT+EPT embeddings + fixed XGBoost head,Morgan fingerprint + ChemBERTa+KPGT+EPT embeddings + fixed XGBoost head
solubility_aqsoldb,MAE,0.3*FP-XGB + 0.3*metric_auto(K+E) + 0.4*XL_v4,Morgan fingerprint + ChemBERTa+KPGT+EPT embeddings + fixed XGBoost head,EPT/3D embedding + target-standardized Ridge/linear head,Morgan fingerprint + ChemBERTa+KPGT embeddings + fixed XGBoost head,Morgan fingerprint + ChemBERTa+KPGT+EPT embeddings + fixed XGBoost head,Morgan fingerprint + ChemBERTa+KPGT+EPT embeddings + fixed XGBoost head
vdss_lombardo,Spearman,rank(0.9*KPGT+EPT Spearman seedbag + 0.1*KPGT+EPT descriptor sidecar),Morgan fingerprint + ChemBERTa+KPGT+EPT embeddings + fixed XGBoost head,EPT/3D embedding + target-standardized Ridge/linear head,Morgan fingerprint + fixed XGBoost head,Morgan fingerprint + fixed XGBoost head,Morgan fingerprint + fixed XGBoost head
