task,metric,reference_model,comparator_model,reference_seeds,comparator_seeds,reference_seed_count,comparator_seed_count,paired_seed_ids,n_samples,reference_score,comparator_score,improvement,ci95_lower,ci95_upper,p_value_two_sided,bootstrap_replicates_valid,resampling_mode,seed_resampling,reference_seed_uncertainty_available,comparator_seed_uncertainty_available,p_value_bh_fdr,significant_fdr_0_05
ames,AUROC,common_pool_taskwise_selector,common_pool_automl,101;202;303;404;505,101;202;303;404;505,5,5,True,1457,0.8485500009790675,0.8465174567741682,0.0020325442048992,-0.0074634807479708,0.0159596916111811,0.5703429657034297,10000,hierarchical_seed_and_sample,paired,True,True,0.924555965456086,False
ames,AUROC,common_pool_taskwise_selector,global_single,101;202;303;404;505,101;202;303;404;505,5,5,True,1457,0.8485500009790675,0.8474221151775049,0.0011278858015626,-0.0148421870580843,0.0154978127299356,0.958104189581042,10000,hierarchical_seed_and_sample,paired,True,True,1.0,False
ames,AUROC,common_pool_taskwise_selector,per_task_single,101;202;303;404;505,101;202;303;404;505,5,5,True,1457,0.8485500009790675,0.8578100217352993,-0.0092600207562317,-0.0207954170418083,0.0010736586672451,0.0757924207579242,10000,hierarchical_seed_and_sample,paired,True,True,0.2202270339003835,False
ames,AUROC,common_pool_taskwise_selector,uniform_candidate_average,101;202;303;404;505,101;202;303;404;505,5,5,True,1457,0.8485500009790675,0.8407938279582525,0.0077561730208149,-0.0032500039782766,0.0186920079399131,0.1813818618138186,10000,hierarchical_seed_and_sample,paired,True,True,0.4734374020225096,False
ames,AUROC,common_pool_taskwise_selector,validation_stacking,101;202;303;404;505,101;202;303;404;505,5,5,True,1457,0.8485500009790675,0.8485500009790675,0.0,0.0,0.0,1.0,10000,hierarchical_seed_and_sample,paired,True,True,1.0,False
ames,AUROC,common_pool_taskwise_selector,validation_top2_average,101;202;303;404;505,101;202;303;404;505,5,5,True,1457,0.8485500009790675,0.8514049619142728,-0.0028549609352053,-0.0117530532855657,0.0037373400626997,0.3057694230576942,10000,hierarchical_seed_and_sample,paired,True,True,0.6522197095358957,False
ames,AUROC,common_pool_taskwise_selector,validation_top3_average,101;202;303;404;505,101;202;303;404;505,5,5,True,1457,0.8485500009790675,0.8593236601460768,-0.0107736591670092,-0.0212621462603954,-0.0030567748513364,0.0071992800719928,10000,hierarchical_seed_and_sample,paired,True,True,0.036956304369563,True
bbb_martins,AUROC,common_pool_taskwise_selector,common_pool_automl,101;202;303;404;505,101;202;303;404;505,5,5,True,406,0.9215134459036896,0.8925695747342088,0.0289438711694808,0.01215403136159,0.0527396975419401,0.000999900009999,10000,hierarchical_seed_and_sample,paired,True,True,0.0061593840615938,True
bbb_martins,AUROC,common_pool_taskwise_selector,global_single,101;202;303;404;505,101;202;303;404;505,5,5,True,406,0.9215134459036896,0.9062304565353348,0.0152829893683549,0.0030862339562947,0.0300973849992431,0.008999100089991,10000,hierarchical_seed_and_sample,paired,True,True,0.0433081691830816,True
bbb_martins,AUROC,common_pool_taskwise_selector,per_task_single,101;202;303;404;505,101;202;303;404;505,5,5,True,406,0.9215134459036896,0.9062304565353348,0.0152829893683549,0.0030583983903722,0.029917856725202,0.0095990400959904,10000,hierarchical_seed_and_sample,paired,True,True,0.0434780051406624,True
bbb_martins,AUROC,common_pool_taskwise_selector,uniform_candidate_average,101;202;303;404;505,101;202;303;404;505,5,5,True,406,0.9215134459036896,0.9044715447154472,0.0170419011882424,0.0026610194881228,0.0346387305697066,0.01999800019998,10000,hierarchical_seed_and_sample,paired,True,True,0.0751144397755346,False
bbb_martins,AUROC,common_pool_taskwise_selector,validation_stacking,101;202;303;404;505,101;202;303;404;505,5,5,True,406,0.9215134459036896,0.8677689180737961,0.0537445278298935,0.0201480212655796,0.1137428094263127,0.0015998400159984,10000,hierarchical_seed_and_sample,paired,True,True,0.0091250134245834,True
bbb_martins,AUROC,common_pool_taskwise_selector,validation_top2_average,101;202;303;404;505,101;202;303;404;505,5,5,True,406,0.9215134459036896,0.9215134459036896,0.0,0.0,0.0,1.0,10000,hierarchical_seed_and_sample,paired,True,True,1.0,False
bbb_martins,AUROC,common_pool_taskwise_selector,validation_top3_average,101;202;303;404;505,101;202;303;404;505,5,5,True,406,0.9215134459036896,0.908966541588493,0.0125469043151966,0.0010394797062316,0.0247811347844582,0.028997100289971,10000,hierarchical_seed_and_sample,paired,True,True,0.0977467470644239,False
bioavailability_ma,AUROC,common_pool_taskwise_selector,common_pool_automl,101;202;303;404;505,101;202;303;404;505,5,5,True,128,0.6425008313934153,0.6558031260392416,-0.0133022946458263,-0.0926612636032316,0.0728110599078341,0.8177182281771823,10000,hierarchical_seed_and_sample,paired,True,True,1.0,False
bioavailability_ma,AUROC,common_pool_taskwise_selector,global_single,101;202;303;404;505,101;202;303;404;505,5,5,True,128,0.6425008313934153,0.6484868639840372,-0.0059860325906219,-0.0250800656290674,0.0178572852586011,0.8145185481451854,10000,hierarchical_seed_and_sample,paired,True,True,1.0,False
bioavailability_ma,AUROC,common_pool_taskwise_selector,per_task_single,101;202;303;404;505,101;202;303;404;505,5,5,True,128,0.6425008313934153,0.6425008313934153,0.0,0.0,0.0,1.0,10000,hierarchical_seed_and_sample,paired,True,True,1.0,False
bioavailability_ma,AUROC,common_pool_taskwise_selector,uniform_candidate_average,101;202;303;404;505,101;202;303;404;505,5,5,True,128,0.6425008313934153,0.6857332889923512,-0.0432324575989359,-0.124492534994767,0.0470219435736677,0.3641635836416358,10000,hierarchical_seed_and_sample,paired,True,True,0.7283271672832716,False
bioavailability_ma,AUROC,common_pool_taskwise_selector,validation_stacking,101;202;303;404;505,101;202;303;404;505,5,5,True,128,0.6425008313934153,0.6278683072830064,0.0146325241104089,-0.0832464389814662,0.1122112211221122,0.7689231076892311,10000,hierarchical_seed_and_sample,paired,True,True,1.0,False
bioavailability_ma,AUROC,common_pool_taskwise_selector,validation_top2_average,101;202;303;404;505,101;202;303;404;505,5,5,True,128,0.6425008313934153,0.6444961755902894,-0.001995344196874,-0.0143941495609911,0.0132040475444796,0.9935006499350064,10000,hierarchical_seed_and_sample,paired,True,True,1.0,False
bioavailability_ma,AUROC,common_pool_taskwise_selector,validation_top3_average,101;202;303;404;505,101;202;303;404;505,5,5,True,128,0.6425008313934153,0.6677751912204855,-0.0252743598270701,-0.0792287578315125,0.0264082871012483,0.3905609439056094,10000,hierarchical_seed_and_sample,paired,True,True,0.7387505151923831,False
caco2_wang,MAE,common_pool_taskwise_selector,common_pool_automl,101;202;303;404;505,101;202;303;404;505,5,5,True,182,0.3338120063071694,0.3341994563025293,0.0003874499953598,-0.0056442540491297,0.0070213199587894,0.8101189881011899,10000,hierarchical_seed_and_sample,paired,True,True,1.0,False
caco2_wang,MAE,common_pool_taskwise_selector,global_single,101;202;303;404;505,101;202;303;404;505,5,5,True,182,0.3338120063071694,0.3611222047252748,0.0273101984181053,-0.0053848552075483,0.0613599776230436,0.1063893610638936,10000,hierarchical_seed_and_sample,paired,True,True,0.2978902109789021,False
caco2_wang,MAE,common_pool_taskwise_selector,per_task_single,101;202;303;404;505,101;202;303;404;505,5,5,True,182,0.3338120063071694,0.3611222047252748,0.0273101984181053,-0.0048520422252608,0.0609052007381221,0.094990500949905,10000,hierarchical_seed_and_sample,paired,True,True,0.2708988360423217,False
caco2_wang,MAE,common_pool_taskwise_selector,uniform_candidate_average,101;202;303;404;505,101;202;303;404;505,5,5,True,182,0.3338120063071694,0.3499005351404152,0.0160885288332457,-0.0210512833540212,0.0538474235242084,0.4043595640435956,10000,hierarchical_seed_and_sample,paired,True,True,0.7502575043700449,False
caco2_wang,MAE,common_pool_taskwise_selector,validation_stacking,101;202;303;404;505,101;202;303;404;505,5,5,True,182,0.3338120063071694,0.3338120063071694,0.0,0.0,0.0,1.0,10000,hierarchical_seed_and_sample,paired,True,True,1.0,False
caco2_wang,MAE,common_pool_taskwise_selector,validation_top2_average,101;202;303;404;505,101;202;303;404;505,5,5,True,182,0.3338120063071694,0.3229968230219781,-0.0108151832851913,-0.0427420772938041,0.0208372358385174,0.4991500849915009,10000,hierarchical_seed_and_sample,paired,True,True,0.8541012565410127,False
caco2_wang,MAE,common_pool_taskwise_selector,validation_top3_average,101;202;303;404;505,101;202;303;404;505,5,5,True,182,0.3338120063071694,0.2989629413919413,-0.0348490649152281,-0.0700748771581219,-0.0034185798772126,0.0283971602839716,10000,hierarchical_seed_and_sample,paired,True,True,0.0977467470644239,False
clearance_hepatocyte_az,Spearman,common_pool_taskwise_selector,common_pool_automl,101;202;303;404;505,101;202;303;404;505,5,5,True,243,0.3539675041980926,0.4728055534791486,-0.118838049281056,-0.1697217839563616,-0.0702750007145228,0.0001999800019998,10000,hierarchical_seed_and_sample,paired,True,True,0.0021997800219978,True
clearance_hepatocyte_az,Spearman,common_pool_taskwise_selector,global_single,101;202;303;404;505,101;202;303;404;505,5,5,True,243,0.3539675041980926,0.2036048420292887,0.1503626621688038,0.095090072873423,0.2082825670070965,0.0001999800019998,10000,hierarchical_seed_and_sample,paired,True,True,0.0021997800219978,True
clearance_hepatocyte_az,Spearman,common_pool_taskwise_selector,per_task_single,101;202;303;404;505,101;202;303;404;505,5,5,True,243,0.3539675041980926,0.2036048420292887,0.1503626621688038,0.0950765426381064,0.2084312260894094,0.0001999800019998,10000,hierarchical_seed_and_sample,paired,True,True,0.0021997800219978,True
clearance_hepatocyte_az,Spearman,common_pool_taskwise_selector,uniform_candidate_average,101;202;303;404;505,101;202;303;404;505,5,5,True,243,0.3539675041980926,0.4955735992307671,-0.1416060950326745,-0.2047326518459579,-0.0838237170122393,0.0001999800019998,10000,hierarchical_seed_and_sample,paired,True,True,0.0021997800219978,True
clearance_hepatocyte_az,Spearman,common_pool_taskwise_selector,validation_stacking,101;202;303;404;505,101;202;303;404;505,5,5,True,243,0.3539675041980926,0.3960938430357688,-0.0421263388376761,-0.1070287232240206,0.024559725255538,0.2103789621037896,10000,hierarchical_seed_and_sample,paired,True,True,0.5050694930506948,False
clearance_hepatocyte_az,Spearman,common_pool_taskwise_selector,validation_top2_average,101;202;303;404;505,101;202;303;404;505,5,5,True,243,0.3539675041980926,0.2417673209590128,0.1122001832390797,0.0609035996839324,0.1593647615784099,0.0003999600039996,10000,hierarchical_seed_and_sample,paired,True,True,0.0041062560410625,True
clearance_hepatocyte_az,Spearman,common_pool_taskwise_selector,validation_top3_average,101;202;303;404;505,101;202;303;404;505,5,5,True,243,0.3539675041980926,0.3539675041980926,0.0,0.0,0.0,1.0,10000,hierarchical_seed_and_sample,paired,True,True,1.0,False
clearance_microsome_az,Spearman,common_pool_taskwise_selector,common_pool_automl,101;202;303;404;505,101;202;303;404;505,5,5,True,221,0.5613260763710792,0.5609369218934567,0.0003891544776225,-0.0242462111422099,0.0260521079121151,0.9605039496050396,10000,hierarchical_seed_and_sample,paired,True,True,1.0,False
clearance_microsome_az,Spearman,common_pool_taskwise_selector,global_single,101;202;303;404;505,101;202;303;404;505,5,5,True,221,0.5613260763710792,0.6072144906418555,-0.0458884142707762,-0.1081857801860122,0.02432142581263,0.2065793420657934,10000,hierarchical_seed_and_sample,paired,True,True,0.5050694930506948,False
clearance_microsome_az,Spearman,common_pool_taskwise_selector,per_task_single,101;202;303;404;505,101;202;303;404;505,5,5,True,221,0.5613260763710792,0.4386393642664775,0.1226867121046016,0.0652613082399738,0.1863544517422879,0.0001999800019998,10000,hierarchical_seed_and_sample,paired,True,True,0.0021997800219978,True
clearance_microsome_az,Spearman,common_pool_taskwise_selector,uniform_candidate_average,101;202;303;404;505,101;202;303;404;505,5,5,True,221,0.5613260763710792,0.6280754430773287,-0.0667493667062494,-0.1118594908596403,-0.027034716584602,0.0005999400059994,10000,hierarchical_seed_and_sample,paired,True,True,0.0046195380461953,True
clearance_microsome_az,Spearman,common_pool_taskwise_selector,validation_stacking,101;202;303;404;505,101;202;303;404;505,5,5,True,221,0.5613260763710792,0.4601430716455905,0.1011830047254887,0.0449107994242439,0.1621976930518137,0.0005999400059994,10000,hierarchical_seed_and_sample,paired,True,True,0.0046195380461953,True
clearance_microsome_az,Spearman,common_pool_taskwise_selector,validation_top2_average,101;202;303;404;505,101;202;303;404;505,5,5,True,221,0.5613260763710792,0.458610517419691,0.1027155589513882,0.0538103942791434,0.1550160903043722,0.0001999800019998,10000,hierarchical_seed_and_sample,paired,True,True,0.0021997800219978,True
clearance_microsome_az,Spearman,common_pool_taskwise_selector,validation_top3_average,101;202;303;404;505,101;202;303;404;505,5,5,True,221,0.5613260763710792,0.5613260763710792,0.0,0.0,0.0,1.0,10000,hierarchical_seed_and_sample,paired,True,True,1.0,False
cyp2c9_substrate_carbonmangels,AUPRC,common_pool_taskwise_selector,common_pool_automl,101;202;303;404;505,101;202;303;404;505,5,5,True,135,0.4237101064659848,0.3939204773835902,0.0297896290823945,-0.0764650128231454,0.1784118018243598,0.4223577642235776,10000,hierarchical_seed_and_sample,paired,True,True,0.7652128904756583,False
cyp2c9_substrate_carbonmangels,AUPRC,common_pool_taskwise_selector,global_single,101;202;303;404;505,101;202;303;404;505,5,5,True,135,0.4237101064659848,0.4254741662640048,-0.00176405979802,-0.0217224459045222,0.032625221908979,0.8753124687531247,10000,hierarchical_seed_and_sample,paired,True,True,1.0,False
cyp2c9_substrate_carbonmangels,AUPRC,common_pool_taskwise_selector,per_task_single,101;202;303;404;505,101;202;303;404;505,5,5,True,135,0.4237101064659848,0.4254741662640048,-0.00176405979802,-0.0217848363890902,0.0330204130507966,0.8663133686631337,10000,hierarchical_seed_and_sample,paired,True,True,1.0,False
cyp2c9_substrate_carbonmangels,AUPRC,common_pool_taskwise_selector,uniform_candidate_average,101;202;303;404;505,101;202;303;404;505,5,5,True,135,0.4237101064659848,0.4078577450530279,0.0158523614129568,-0.0483492746432717,0.1125377335828337,0.5113488651134886,10000,hierarchical_seed_and_sample,paired,True,True,0.8653596178843653,False
cyp2c9_substrate_carbonmangels,AUPRC,common_pool_taskwise_selector,validation_stacking,101;202;303;404;505,101;202;303;404;505,5,5,True,135,0.4237101064659848,0.3985871552298742,0.0251229512361106,-0.0744483517350329,0.1657296252975089,0.485951404859514,10000,hierarchical_seed_and_sample,paired,True,True,0.840859734251294,False
cyp2c9_substrate_carbonmangels,AUPRC,common_pool_taskwise_selector,validation_top2_average,101;202;303;404;505,101;202;303;404;505,5,5,True,135,0.4237101064659848,0.4237101064659848,0.0,0.0,0.0,1.0,10000,hierarchical_seed_and_sample,paired,True,True,1.0,False
cyp2c9_substrate_carbonmangels,AUPRC,common_pool_taskwise_selector,validation_top3_average,101;202;303;404;505,101;202;303;404;505,5,5,True,135,0.4237101064659848,0.4434382879679935,-0.0197281815020087,-0.0553040870188306,0.0584007399564796,0.948905109489051,10000,hierarchical_seed_and_sample,paired,True,True,1.0,False
cyp2c9_veith,AUPRC,common_pool_taskwise_selector,common_pool_automl,101;202;303;404;505,101;202;303;404;505,5,5,True,2419,0.7772851023267352,0.7873296367336925,-0.0100445344069572,-0.0180452733108286,-0.0010709007725922,0.0281971802819718,10000,hierarchical_seed_and_sample,paired,True,True,0.0977467470644239,False
cyp2c9_veith,AUPRC,common_pool_taskwise_selector,global_single,101;202;303;404;505,101;202;303;404;505,5,5,True,2419,0.7772851023267352,0.7535146531235783,0.0237704492031568,0.0136706855129301,0.0344772065018562,0.0001999800019998,10000,hierarchical_seed_and_sample,paired,True,True,0.0021997800219978,True
cyp2c9_veith,AUPRC,common_pool_taskwise_selector,per_task_single,101;202;303;404;505,101;202;303;404;505,5,5,True,2419,0.7772851023267352,0.774898532346017,0.0023865699807181,-0.0069464778080468,0.0133774883870602,0.5695430456954305,10000,hierarchical_seed_and_sample,paired,True,True,0.924555965456086,False
cyp2c9_veith,AUPRC,common_pool_taskwise_selector,uniform_candidate_average,101;202;303;404;505,101;202;303;404;505,5,5,True,2419,0.7772851023267352,0.7735617134114103,0.0037233889153248,-0.010931253008815,0.0232716194939173,0.4821517848215178,10000,hierarchical_seed_and_sample,paired,True,True,0.840859734251294,False
cyp2c9_veith,AUPRC,common_pool_taskwise_selector,validation_stacking,101;202;303;404;505,101;202;303;404;505,5,5,True,2419,0.7772851023267352,0.7868965304793734,-0.0096114281526381,-0.0170007754189656,-0.0004217939917338,0.0411958804119588,10000,hierarchical_seed_and_sample,paired,True,True,0.1294727670090134,False
cyp2c9_veith,AUPRC,common_pool_taskwise_selector,validation_top2_average,101;202;303;404;505,101;202;303;404;505,5,5,True,2419,0.7772851023267352,0.7772851023267352,0.0,0.0,0.0,1.0,10000,hierarchical_seed_and_sample,paired,True,True,1.0,False
cyp2c9_veith,AUPRC,common_pool_taskwise_selector,validation_top3_average,101;202;303;404;505,101;202;303;404;505,5,5,True,2419,0.7772851023267352,0.7773150287532995,-2.9926426564297337e-05,-0.0070162570480965,0.0070942673538469,0.996100389961004,10000,hierarchical_seed_and_sample,paired,True,True,1.0,False
cyp2d6_substrate_carbonmangels,AUPRC,common_pool_taskwise_selector,common_pool_automl,101;202;303;404;505,101;202;303;404;505,5,5,True,135,0.692349090357385,0.6641912694320997,0.0281578209252852,-0.0309063255338932,0.1187207680446277,0.3001699830016998,10000,hierarchical_seed_and_sample,paired,True,True,0.6510729208769264,False
cyp2d6_substrate_carbonmangels,AUPRC,common_pool_taskwise_selector,global_single,101;202;303;404;505,101;202;303;404;505,5,5,True,135,0.692349090357385,0.6855568995580184,0.0067921907993666,-0.0165755625397832,0.0267266794869926,0.3743625637436256,10000,hierarchical_seed_and_sample,paired,True,True,0.7297700609685867,False
cyp2d6_substrate_carbonmangels,AUPRC,common_pool_taskwise_selector,per_task_single,101;202;303;404;505,101;202;303;404;505,5,5,True,135,0.692349090357385,0.7026971077664207,-0.0103480174090356,-0.0322479970473027,0.0117694906253201,0.3557644235576442,10000,hierarchical_seed_and_sample,paired,True,True,0.7283271672832716,False
cyp2d6_substrate_carbonmangels,AUPRC,common_pool_taskwise_selector,uniform_candidate_average,101;202;303;404;505,101;202;303;404;505,5,5,True,135,0.692349090357385,0.688510573157628,0.003838517199757,-0.0561968723795921,0.0683284936828352,0.7409259074092591,10000,hierarchical_seed_and_sample,paired,True,True,1.0,False
cyp2d6_substrate_carbonmangels,AUPRC,common_pool_taskwise_selector,validation_stacking,101;202;303;404;505,101;202;303;404;505,5,5,True,135,0.692349090357385,0.5868355366705379,0.1055135536868471,0.0035823989279956,0.2002295834505069,0.0403959604039596,10000,hierarchical_seed_and_sample,paired,True,True,0.1294727670090134,False
cyp2d6_substrate_carbonmangels,AUPRC,common_pool_taskwise_selector,validation_top2_average,101;202;303;404;505,101;202;303;404;505,5,5,True,135,0.692349090357385,0.692349090357385,0.0,0.0,0.0,1.0,10000,hierarchical_seed_and_sample,paired,True,True,1.0,False
cyp2d6_substrate_carbonmangels,AUPRC,common_pool_taskwise_selector,validation_top3_average,101;202;303;404;505,101;202;303;404;505,5,5,True,135,0.692349090357385,0.6848944997919517,0.0074545905654332,-0.0242932508958838,0.0464594399789449,0.5335466453354665,10000,hierarchical_seed_and_sample,paired,True,True,0.8835073481899123,False
cyp2d6_veith,AUPRC,common_pool_taskwise_selector,common_pool_automl,101;202;303;404;505,101;202;303;404;505,5,5,True,2626,0.7116298351477092,0.7107540599395047,0.0008757752082044,-0.0006367338439046,0.0018795636485572,0.2911708829117088,10000,hierarchical_seed_and_sample,paired,True,True,0.6405759424057594,False
cyp2d6_veith,AUPRC,common_pool_taskwise_selector,global_single,101;202;303;404;505,101;202;303;404;505,5,5,True,2626,0.7116298351477092,0.6932964175178312,0.0183334176298779,-0.0003204594678222,0.0378924631047193,0.0533946605339466,10000,hierarchical_seed_and_sample,paired,True,True,0.1581303408120726,False
cyp2d6_veith,AUPRC,common_pool_taskwise_selector,per_task_single,101;202;303;404;505,101;202;303;404;505,5,5,True,2626,0.7116298351477092,0.7021090148125569,0.0095208203351522,-0.0046772743075453,0.0240133325126858,0.1761823817618238,10000,hierarchical_seed_and_sample,paired,True,True,0.4677945998503598,False
cyp2d6_veith,AUPRC,common_pool_taskwise_selector,uniform_candidate_average,101;202;303;404;505,101;202;303;404;505,5,5,True,2626,0.7116298351477092,0.6677446655740824,0.0438851695736267,0.028486010282777,0.0634888107053271,0.0001999800019998,10000,hierarchical_seed_and_sample,paired,True,True,0.0021997800219978,True
cyp2d6_veith,AUPRC,common_pool_taskwise_selector,validation_stacking,101;202;303;404;505,101;202;303;404;505,5,5,True,2626,0.7116298351477092,0.7116298351477092,0.0,0.0,0.0,1.0,10000,hierarchical_seed_and_sample,paired,True,True,1.0,False
cyp2d6_veith,AUPRC,common_pool_taskwise_selector,validation_top2_average,101;202;303;404;505,101;202;303;404;505,5,5,True,2626,0.7116298351477092,0.716394164312052,-0.0047643291643428,-0.0155405969245262,0.0062198381603067,0.3911608839116088,10000,hierarchical_seed_and_sample,paired,True,True,0.7387505151923831,False
cyp2d6_veith,AUPRC,common_pool_taskwise_selector,validation_top3_average,101;202;303;404;505,101;202;303;404;505,5,5,True,2626,0.7116298351477092,0.7111798285648362,0.0004500065828729,-0.0092742360275465,0.0086845824490893,0.9445055494450556,10000,hierarchical_seed_and_sample,paired,True,True,1.0,False
cyp3a4_substrate_carbonmangels,AUROC,common_pool_taskwise_selector,common_pool_automl,101;202;303;404;505,101;202;303;404;505,5,5,True,135,0.6716772151898734,0.679249547920434,-0.0075723327305605,-0.0476937033394366,0.0363458017480022,0.6991300869913009,10000,hierarchical_seed_and_sample,paired,True,True,1.0,False
cyp3a4_substrate_carbonmangels,AUROC,common_pool_taskwise_selector,global_single,101;202;303;404;505,101;202;303;404;505,5,5,True,135,0.6716772151898734,0.6713381555153708,0.0003390596745026,-0.0816867524348342,0.0813158870366594,0.986101389861014,10000,hierarchical_seed_and_sample,paired,True,True,1.0,False
cyp3a4_substrate_carbonmangels,AUROC,common_pool_taskwise_selector,per_task_single,101;202;303;404;505,101;202;303;404;505,5,5,True,135,0.6716772151898734,0.6716772151898734,0.0,0.0,0.0,1.0,10000,hierarchical_seed_and_sample,paired,True,True,1.0,False
cyp3a4_substrate_carbonmangels,AUROC,common_pool_taskwise_selector,uniform_candidate_average,101;202;303;404;505,101;202;303;404;505,5,5,True,135,0.6716772151898734,0.671112115732369,0.0005650994575044,-0.0730995771440121,0.0749891422161367,0.9805019498050196,10000,hierarchical_seed_and_sample,paired,True,True,1.0,False
cyp3a4_substrate_carbonmangels,AUROC,common_pool_taskwise_selector,validation_stacking,101;202;303;404;505,101;202;303;404;505,5,5,True,135,0.6716772151898734,0.6722423146473779,-0.0005650994575044,-0.032642408123791,0.0444229497354496,0.9985001499850016,10000,hierarchical_seed_and_sample,paired,True,True,1.0,False
cyp3a4_substrate_carbonmangels,AUROC,common_pool_taskwise_selector,validation_top2_average,101;202;303;404;505,101;202;303;404;505,5,5,True,135,0.6716772151898734,0.6878390596745027,-0.0161618444846292,-0.0674091318038686,0.0337391812865496,0.5293470652934706,10000,hierarchical_seed_and_sample,paired,True,True,0.8835073481899123,False
cyp3a4_substrate_carbonmangels,AUROC,common_pool_taskwise_selector,validation_top3_average,101;202;303;404;505,101;202;303;404;505,5,5,True,135,0.6716772151898734,0.6837703435804702,-0.0120931283905967,-0.0745056953013763,0.0476959164003004,0.6939306069393061,10000,hierarchical_seed_and_sample,paired,True,True,1.0,False
cyp3a4_veith,AUPRC,common_pool_taskwise_selector,common_pool_automl,101;202;303;404;505,101;202;303;404;505,5,5,True,2467,0.8693306504347899,0.8758619251751429,-0.006531274740353,-0.0098426713697505,-0.0026213627053404,0.0005999400059994,10000,hierarchical_seed_and_sample,paired,True,True,0.0046195380461953,True
cyp3a4_veith,AUPRC,common_pool_taskwise_selector,global_single,101;202;303;404;505,101;202;303;404;505,5,5,True,2467,0.8693306504347899,0.8619869708150919,0.0073436796196979,0.0015830258511295,0.013754976737705,0.012998700129987,10000,hierarchical_seed_and_sample,paired,True,True,0.0571942805719428,False
cyp3a4_veith,AUPRC,common_pool_taskwise_selector,per_task_single,101;202;303;404;505,101;202;303;404;505,5,5,True,2467,0.8693306504347899,0.8641451117815533,0.0051855386532365,0.0004944896574996,0.0109417883935447,0.0291970802919708,10000,hierarchical_seed_and_sample,paired,True,True,0.0977467470644239,False
cyp3a4_veith,AUPRC,common_pool_taskwise_selector,uniform_candidate_average,101;202;303;404;505,101;202;303;404;505,5,5,True,2467,0.8693306504347899,0.8644376706272318,0.004892979807558,-0.0035246196153608,0.0169495392308964,0.2131786821317868,10000,hierarchical_seed_and_sample,paired,True,True,0.5050694930506948,False
cyp3a4_veith,AUPRC,common_pool_taskwise_selector,validation_stacking,101;202;303;404;505,101;202;303;404;505,5,5,True,2467,0.8693306504347899,0.8754994837531365,-0.0061688333183466,-0.0095260816580355,-0.0022067897554803,0.0013998600139986,10000,hierarchical_seed_and_sample,paired,True,True,0.0082914785444532,True
cyp3a4_veith,AUPRC,common_pool_taskwise_selector,validation_top2_average,101;202;303;404;505,101;202;303;404;505,5,5,True,2467,0.8693306504347899,0.8695112713005089,-0.000180620865719,-0.0038579781307582,0.0039062134873428,0.9893010698930108,10000,hierarchical_seed_and_sample,paired,True,True,1.0,False
cyp3a4_veith,AUPRC,common_pool_taskwise_selector,validation_top3_average,101;202;303;404;505,101;202;303;404;505,5,5,True,2467,0.8693306504347899,0.8693306504347899,0.0,0.0,0.0,1.0,10000,hierarchical_seed_and_sample,paired,True,True,1.0,False
dili,AUROC,common_pool_taskwise_selector,common_pool_automl,101;202;303;404;505,101;202;303;404;505,5,5,True,96,0.9004347826086957,0.91,-0.0095652173913043,-0.0268962880291006,0.01,0.415958404159584,10000,hierarchical_seed_and_sample,paired,True,True,0.762590407625904,False
dili,AUROC,common_pool_taskwise_selector,global_single,101;202;303;404;505,101;202;303;404;505,5,5,True,96,0.9004347826086957,0.9043478260869564,-0.0039130434782608,-0.0425354173522743,0.0321333754147836,0.775922407759224,10000,hierarchical_seed_and_sample,paired,True,True,1.0,False
dili,AUROC,common_pool_taskwise_selector,per_task_single,101;202;303;404;505,101;202;303;404;505,5,5,True,96,0.9004347826086957,0.8665217391304347,0.0339130434782609,-0.0256535710902717,0.0982142857142855,0.2867713228677132,10000,hierarchical_seed_and_sample,paired,True,True,0.6400403437917078,False
dili,AUROC,common_pool_taskwise_selector,uniform_candidate_average,101;202;303;404;505,101;202;303;404;505,5,5,True,96,0.9004347826086957,0.9004347826086957,0.0,0.0,0.0,1.0,10000,hierarchical_seed_and_sample,paired,True,True,1.0,False
dili,AUROC,common_pool_taskwise_selector,validation_stacking,101;202;303;404;505,101;202;303;404;505,5,5,True,96,0.9004347826086957,0.9117391304347826,-0.0113043478260869,-0.038613426941641,0.0326291627762215,0.7901209879012099,10000,hierarchical_seed_and_sample,paired,True,True,1.0,False
dili,AUROC,common_pool_taskwise_selector,validation_top2_average,101;202;303;404;505,101;202;303;404;505,5,5,True,96,0.9004347826086957,0.9039130434782608,-0.0034782608695651,-0.0455937387885424,0.0351059722990632,0.833916608339166,10000,hierarchical_seed_and_sample,paired,True,True,1.0,False
dili,AUROC,common_pool_taskwise_selector,validation_top3_average,101;202;303;404;505,101;202;303;404;505,5,5,True,96,0.9004347826086957,0.9065217391304348,-0.006086956521739,-0.0431050840803507,0.029193899782135,0.7303269673032696,10000,hierarchical_seed_and_sample,paired,True,True,1.0,False
half_life_obach,Spearman,common_pool_taskwise_selector,common_pool_automl,101;202;303;404;505,101;202;303;404;505,5,5,True,135,0.4343398153790071,0.1047234844174344,0.3296163309615726,0.1680120326280536,0.4758013674634055,0.0001999800019998,10000,hierarchical_seed_and_sample,paired,True,True,0.0021997800219978,True
half_life_obach,Spearman,common_pool_taskwise_selector,global_single,101;202;303;404;505,101;202;303;404;505,5,5,True,135,0.4343398153790071,0.4260494399927364,0.0082903753862706,-0.0574891461853534,0.0871800695528228,0.6101389861013898,10000,hierarchical_seed_and_sample,paired,True,True,0.946776609467766,False
half_life_obach,Spearman,common_pool_taskwise_selector,per_task_single,101;202;303;404;505,101;202;303;404;505,5,5,True,135,0.4343398153790071,0.4343398153790071,0.0,0.0,0.0,1.0,10000,hierarchical_seed_and_sample,paired,True,True,1.0,False
half_life_obach,Spearman,common_pool_taskwise_selector,uniform_candidate_average,101;202;303;404;505,101;202;303;404;505,5,5,True,135,0.4343398153790071,0.2600745393130851,0.174265276065922,0.0115122921523134,0.3272582875626925,0.0343965603439656,10000,hierarchical_seed_and_sample,paired,True,True,0.1127036232546958,False
half_life_obach,Spearman,common_pool_taskwise_selector,validation_stacking,101;202;303;404;505,101;202;303;404;505,5,5,True,135,0.4343398153790071,0.0680107518049129,0.3663290635740941,0.1604886293472924,0.5648997094716296,0.0005999400059994,10000,hierarchical_seed_and_sample,paired,True,True,0.0046195380461953,True
half_life_obach,Spearman,common_pool_taskwise_selector,validation_top2_average,101;202;303;404;505,101;202;303;404;505,5,5,True,135,0.4343398153790071,0.4388252523708731,-0.0044854369918659,-0.0394516868083377,0.0394296972007146,0.9463053694630535,10000,hierarchical_seed_and_sample,paired,True,True,1.0,False
half_life_obach,Spearman,common_pool_taskwise_selector,validation_top3_average,101;202;303;404;505,101;202;303;404;505,5,5,True,135,0.4343398153790071,0.4263916084145487,0.0079482069644584,-0.132455915983766,0.1341748257899421,0.9531046895310468,10000,hierarchical_seed_and_sample,paired,True,True,1.0,False
herg,AUROC,common_pool_taskwise_selector,common_pool_automl,101;202;303;404;505,101;202;303;404;505,5,5,True,132,0.8167893961708395,0.801178203240059,0.0156111929307805,-0.027027027027027,0.0614711509603841,0.4445555444455554,10000,hierarchical_seed_and_sample,paired,True,True,0.7960645795885527,False
herg,AUROC,common_pool_taskwise_selector,global_single,101;202;303;404;505,101;202;303;404;505,5,5,True,132,0.8167893961708395,0.8167893961708395,0.0,0.0,0.0,1.0,10000,hierarchical_seed_and_sample,paired,True,True,1.0,False
herg,AUROC,common_pool_taskwise_selector,per_task_single,101;202;303;404;505,101;202;303;404;505,5,5,True,132,0.8167893961708395,0.8167893961708395,0.0,0.0,0.0,1.0,10000,hierarchical_seed_and_sample,paired,True,True,1.0,False
herg,AUROC,common_pool_taskwise_selector,uniform_candidate_average,101;202;303;404;505,101;202;303;404;505,5,5,True,132,0.8167893961708395,0.8,0.0167893961708394,-0.0431220821661998,0.0701065818751562,0.6343365663433657,10000,hierarchical_seed_and_sample,paired,True,True,0.9577238354595912,False
herg,AUROC,common_pool_taskwise_selector,validation_stacking,101;202;303;404;505,101;202;303;404;505,5,5,True,132,0.8167893961708395,0.7855670103092784,0.031222385861561,-0.0295209362096865,0.1089441998103187,0.3091690830916908,10000,hierarchical_seed_and_sample,paired,True,True,0.6522197095358957,False
herg,AUROC,common_pool_taskwise_selector,validation_top2_average,101;202;303;404;505,101;202;303;404;505,5,5,True,132,0.8167893961708395,0.8197349042709867,-0.0029455081001472,-0.0313932980599647,0.0209550235403195,0.7475252474752525,10000,hierarchical_seed_and_sample,paired,True,True,1.0,False
herg,AUROC,common_pool_taskwise_selector,validation_top3_average,101;202;303;404;505,101;202;303;404;505,5,5,True,132,0.8167893961708395,0.8076583210603829,0.0091310751104565,-0.0270110235988522,0.0475893902754331,0.620937906209379,10000,hierarchical_seed_and_sample,paired,True,True,0.946776609467766,False
hia_hou,AUROC,common_pool_taskwise_selector,common_pool_automl,101;202;303;404;505,101;202;303;404;505,5,5,True,117,0.968724279835391,0.9814814814814816,-0.0127572016460905,-0.0348748359699642,0.0029778726708075,0.1577842215778422,10000,hierarchical_seed_and_sample,paired,True,True,0.4262942126839947,False
hia_hou,AUROC,common_pool_taskwise_selector,global_single,101;202;303;404;505,101;202;303;404;505,5,5,True,117,0.968724279835391,0.97201646090535,-0.0032921810699588,-0.0149903502691128,0.0140295747739567,0.7517248275172482,10000,hierarchical_seed_and_sample,paired,True,True,1.0,False
hia_hou,AUROC,common_pool_taskwise_selector,per_task_single,101;202;303;404;505,101;202;303;404;505,5,5,True,117,0.968724279835391,0.9530864197530864,0.0156378600823046,0.0016110199254154,0.0401946673869423,0.0207979202079792,10000,hierarchical_seed_and_sample,paired,True,True,0.0762590407625904,False
hia_hou,AUROC,common_pool_taskwise_selector,uniform_candidate_average,101;202;303;404;505,101;202;303;404;505,5,5,True,117,0.968724279835391,0.9835390946502056,-0.0148148148148147,-0.0403292181069957,0.0094043887147335,0.2637736226377362,10000,hierarchical_seed_and_sample,paired,True,True,0.6062856400927071,False
hia_hou,AUROC,common_pool_taskwise_selector,validation_stacking,101;202;303;404;505,101;202;303;404;505,5,5,True,117,0.968724279835391,0.9790123456790124,-0.0102880658436212,-0.0344827586206896,0.0122570628605112,0.3933606639336066,10000,hierarchical_seed_and_sample,paired,True,True,0.7387505151923831,False
hia_hou,AUROC,common_pool_taskwise_selector,validation_top2_average,101;202;303;404;505,101;202;303;404;505,5,5,True,117,0.968724279835391,0.968724279835391,0.0,0.0,0.0,1.0,10000,hierarchical_seed_and_sample,paired,True,True,1.0,False
hia_hou,AUROC,common_pool_taskwise_selector,validation_top3_average,101;202;303;404;505,101;202;303;404;505,5,5,True,117,0.968724279835391,0.977366255144033,-0.0086419753086419,-0.0376984126984126,0.0148915882967607,0.583941605839416,10000,hierarchical_seed_and_sample,paired,True,True,0.927082549477011,False
ld50_zhu,MAE,common_pool_taskwise_selector,common_pool_automl,101;202;303;404;505,101;202;303;404;505,5,5,True,1478,0.6241115173976876,0.6215000019085917,-0.0026115154890958,-0.011581097061625,0.0068400054733915,0.6153384661533846,10000,hierarchical_seed_and_sample,paired,True,True,0.946776609467766,False
ld50_zhu,MAE,common_pool_taskwise_selector,global_single,101;202;303;404;505,101;202;303;404;505,5,5,True,1478,0.6241115173976876,0.6157324120433016,-0.0083791053543859,-0.0206858576093014,0.0043466118510306,0.2111788821117888,10000,hierarchical_seed_and_sample,paired,True,True,0.5050694930506948,False
ld50_zhu,MAE,common_pool_taskwise_selector,per_task_single,101;202;303;404;505,101;202;303;404;505,5,5,True,1478,0.6241115173976876,0.6157324120433016,-0.0083791053543859,-0.0206161581473088,0.0043831837188763,0.1993800619938006,10000,hierarchical_seed_and_sample,paired,True,True,0.5050694930506948,False
ld50_zhu,MAE,common_pool_taskwise_selector,uniform_candidate_average,101;202;303;404;505,101;202;303;404;505,5,5,True,1478,0.6241115173976876,0.6175528904800406,-0.0065586269176469,-0.0227428043518385,0.0082793737843699,0.3703629637036296,10000,hierarchical_seed_and_sample,paired,True,True,0.7297700609685867,False
ld50_zhu,MAE,common_pool_taskwise_selector,validation_stacking,101;202;303;404;505,101;202;303;404;505,5,5,True,1478,0.6241115173976876,0.6241115173976876,0.0,0.0,0.0,1.0,10000,hierarchical_seed_and_sample,paired,True,True,1.0,False
ld50_zhu,MAE,common_pool_taskwise_selector,validation_top2_average,101;202;303;404;505,101;202;303;404;505,5,5,True,1478,0.6241115173976876,0.619729412158322,-0.0043821052393655,-0.0170653643777566,0.0077314142678997,0.4787521247875212,10000,hierarchical_seed_and_sample,paired,True,True,0.840859734251294,False
ld50_zhu,MAE,common_pool_taskwise_selector,validation_top3_average,101;202;303;404;505,101;202;303;404;505,5,5,True,1478,0.6241115173976876,0.6282075671087055,0.0040960497110179,-0.0101226639060765,0.0178218444429324,0.5937406259374063,10000,hierarchical_seed_and_sample,paired,True,True,0.933020983615924,False
lipophilicity_astrazeneca,MAE,common_pool_taskwise_selector,common_pool_automl,101;202;303;404;505,101;202;303;404;505,5,5,True,840,0.5118611156493673,0.514798829260995,0.0029377136116276,0.0011892566688122,0.0045309151355351,0.0007999200079992,10000,hierarchical_seed_and_sample,paired,True,True,0.0053559861405163,True
lipophilicity_astrazeneca,MAE,common_pool_taskwise_selector,global_single,101;202;303;404;505,101;202;303;404;505,5,5,True,840,0.5118611156493673,0.5953312633490953,0.0834701476997279,0.061532069499853,0.1067439106326145,0.0001999800019998,10000,hierarchical_seed_and_sample,paired,True,True,0.0021997800219978,True
lipophilicity_astrazeneca,MAE,common_pool_taskwise_selector,per_task_single,101;202;303;404;505,101;202;303;404;505,5,5,True,840,0.5118611156493673,0.5572363429341667,0.0453752272847993,0.0207786800094606,0.069054423850189,0.0001999800019998,10000,hierarchical_seed_and_sample,paired,True,True,0.0021997800219978,True
lipophilicity_astrazeneca,MAE,common_pool_taskwise_selector,uniform_candidate_average,101;202;303;404;505,101;202;303;404;505,5,5,True,840,0.5118611156493673,0.5317590590232805,0.0198979433739131,0.0068938593721773,0.031819857768998,0.002999700029997,10000,hierarchical_seed_and_sample,paired,True,True,0.0164983501649835,True
lipophilicity_astrazeneca,MAE,common_pool_taskwise_selector,validation_stacking,101;202;303;404;505,101;202;303;404;505,5,5,True,840,0.5118611156493673,0.5118611156493673,0.0,0.0,0.0,1.0,10000,hierarchical_seed_and_sample,paired,True,True,1.0,False
lipophilicity_astrazeneca,MAE,common_pool_taskwise_selector,validation_top2_average,101;202;303;404;505,101;202;303;404;505,5,5,True,840,0.5118611156493673,0.5563194900861309,0.0444583744367635,0.0190768493630679,0.0680010428269483,0.000999900009999,10000,hierarchical_seed_and_sample,paired,True,True,0.0061593840615938,True
lipophilicity_astrazeneca,MAE,common_pool_taskwise_selector,validation_top3_average,101;202;303;404;505,101;202;303;404;505,5,5,True,840,0.5118611156493673,0.5103705619771428,-0.0014905536722245,-0.0146288807089002,0.0106974016459697,0.7847215278472153,10000,hierarchical_seed_and_sample,paired,True,True,1.0,False
pgp_broccatelli,AUROC,common_pool_taskwise_selector,common_pool_automl,101;202;303;404;505,101;202;303;404;505,5,5,True,245,0.9290189282857904,0.9264529458810984,0.002565982404692,-0.0097763492701219,0.01997871585483,0.5783421657834217,10000,hierarchical_seed_and_sample,paired,True,True,0.927082549477011,False
pgp_broccatelli,AUROC,common_pool_taskwise_selector,global_single,101;202;303;404;505,101;202;303;404;505,5,5,True,245,0.9290189282857904,0.9290189282857904,0.0,0.0,0.0,1.0,10000,hierarchical_seed_and_sample,paired,True,True,1.0,False
pgp_broccatelli,AUROC,common_pool_taskwise_selector,per_task_single,101;202;303;404;505,101;202;303;404;505,5,5,True,245,0.9290189282857904,0.9290189282857904,0.0,0.0,0.0,1.0,10000,hierarchical_seed_and_sample,paired,True,True,1.0,False
pgp_broccatelli,AUROC,common_pool_taskwise_selector,uniform_candidate_average,101;202;303;404;505,101;202;303;404;505,5,5,True,245,0.9290189282857904,0.940615835777126,-0.0115969074913355,-0.0298477564102562,0.0072174905391668,0.2443755624437556,10000,hierarchical_seed_and_sample,paired,True,True,0.5702096457020965,False
pgp_broccatelli,AUROC,common_pool_taskwise_selector,validation_stacking,101;202;303;404;505,101;202;303;404;505,5,5,True,245,0.9290189282857904,0.9390829112236736,-0.0100639829378832,-0.0266560930946201,0.0115983967856259,0.363963603639636,10000,hierarchical_seed_and_sample,paired,True,True,0.7283271672832716,False
pgp_broccatelli,AUROC,common_pool_taskwise_selector,validation_top2_average,101;202;303;404;505,101;202;303;404;505,5,5,True,245,0.9290189282857904,0.9337509997334044,-0.0047320714476138,-0.0118515508600839,0.0020813482925763,0.2067793220677932,10000,hierarchical_seed_and_sample,paired,True,True,0.5050694930506948,False
pgp_broccatelli,AUROC,common_pool_taskwise_selector,validation_top3_average,101;202;303;404;505,101;202;303;404;505,5,5,True,245,0.9290189282857904,0.9366835510530526,-0.007664622767262,-0.0216670918367347,0.0061016029943637,0.2745725427457254,10000,hierarchical_seed_and_sample,paired,True,True,0.6218260526888487,False
ppbr_az,MAE,common_pool_taskwise_selector,common_pool_automl,101;202;303;404;505,101;202;303;404;505,5,5,True,559,9.862777859441348,9.037654616345506,-0.8251232430958417,-1.2027755839731962,-0.3907731192397315,0.0005999400059994,10000,hierarchical_seed_and_sample,paired,True,True,0.0046195380461953,True
ppbr_az,MAE,common_pool_taskwise_selector,global_single,101;202;303;404;505,101;202;303;404;505,5,5,True,559,9.862777859441348,9.16796651019678,-0.6948113492445689,-1.3805378152747168,-0.0213406644909946,0.0455954404559544,10000,hierarchical_seed_and_sample,paired,True,True,0.1376803496120976,False
ppbr_az,MAE,common_pool_taskwise_selector,per_task_single,101;202;303;404;505,101;202;303;404;505,5,5,True,559,9.862777859441348,9.16796651019678,-0.6948113492445689,-1.3696278692907966,-0.0254541911471971,0.0427957204279572,10000,hierarchical_seed_and_sample,paired,True,True,0.1318108189181082,False
ppbr_az,MAE,common_pool_taskwise_selector,uniform_candidate_average,101;202;303;404;505,101;202;303;404;505,5,5,True,559,9.862777859441348,8.802981545935202,-1.059796313506146,-1.5817894966491572,-0.5509695013780802,0.0001999800019998,10000,hierarchical_seed_and_sample,paired,True,True,0.0021997800219978,True
ppbr_az,MAE,common_pool_taskwise_selector,validation_stacking,101;202;303;404;505,101;202;303;404;505,5,5,True,559,9.862777859441348,9.862777859441348,0.0,0.0,0.0,1.0,10000,hierarchical_seed_and_sample,paired,True,True,1.0,False
ppbr_az,MAE,common_pool_taskwise_selector,validation_top2_average,101;202;303;404;505,101;202;303;404;505,5,5,True,559,9.862777859441348,8.496058164758498,-1.3667196946828497,-1.8902846995908733,-0.856681009205537,0.0001999800019998,10000,hierarchical_seed_and_sample,paired,True,True,0.0021997800219978,True
ppbr_az,MAE,common_pool_taskwise_selector,validation_top3_average,101;202;303;404;505,101;202;303;404;505,5,5,True,559,9.862777859441348,8.686872900894455,-1.1759049585468926,-1.6388982434505244,-0.7076190185265527,0.0001999800019998,10000,hierarchical_seed_and_sample,paired,True,True,0.0021997800219978,True
solubility_aqsoldb,MAE,common_pool_taskwise_selector,common_pool_automl,101;202;303;404;505,101;202;303;404;505,5,5,True,1995,0.8168066090324121,0.8294653361421908,0.0126587271097786,-0.0031206612071913,0.0306143404715105,0.1091890810918908,10000,hierarchical_seed_and_sample,paired,True,True,0.3002699730026997,False
solubility_aqsoldb,MAE,common_pool_taskwise_selector,global_single,101;202;303;404;505,101;202;303;404;505,5,5,True,1995,0.8168066090324121,0.8331114188894957,0.0163048098570836,0.0041591252262052,0.0290753167050966,0.0093990600939906,10000,hierarchical_seed_and_sample,paired,True,True,0.0434780051406624,True
solubility_aqsoldb,MAE,common_pool_taskwise_selector,per_task_single,101;202;303;404;505,101;202;303;404;505,5,5,True,1995,0.8168066090324121,0.8331114188894957,0.0163048098570836,0.0046699886750633,0.0294102625483733,0.007999200079992,10000,hierarchical_seed_and_sample,paired,True,True,0.0397379616877021,True
solubility_aqsoldb,MAE,common_pool_taskwise_selector,uniform_candidate_average,101;202;303;404;505,101;202;303;404;505,5,5,True,1995,0.8168066090324121,0.7943062952358075,-0.0225003137966045,-0.0419817650197885,-0.0036000158961179,0.018998100189981,10000,hierarchical_seed_and_sample,paired,True,True,0.0731426857314268,False
solubility_aqsoldb,MAE,common_pool_taskwise_selector,validation_stacking,101;202;303;404;505,101;202;303;404;505,5,5,True,1995,0.8168066090324121,0.8364095905052009,0.0196029814727888,0.0082528711286473,0.032224899550267,0.0007999200079992,10000,hierarchical_seed_and_sample,paired,True,True,0.0053559861405163,True
solubility_aqsoldb,MAE,common_pool_taskwise_selector,validation_top2_average,101;202;303;404;505,101;202;303;404;505,5,5,True,1995,0.8168066090324121,0.8168066090324121,0.0,0.0,0.0,1.0,10000,hierarchical_seed_and_sample,paired,True,True,1.0,False
solubility_aqsoldb,MAE,common_pool_taskwise_selector,validation_top3_average,101;202;303;404;505,101;202;303;404;505,5,5,True,1995,0.8168066090324121,0.8218227584707475,0.0050161494383353,-0.0048772880188417,0.0138195888917393,0.3327667233276672,10000,hierarchical_seed_and_sample,paired,True,True,0.6925145323305507,False
vdss_lombardo,Spearman,common_pool_taskwise_selector,common_pool_automl,101;202;303;404;505,101;202;303;404;505,5,5,True,226,0.3007340967260675,0.2293352860174623,0.0713988107086051,0.0114578123396721,0.135612342341574,0.018998100189981,10000,hierarchical_seed_and_sample,paired,True,True,0.0731426857314268,False
vdss_lombardo,Spearman,common_pool_taskwise_selector,global_single,101;202;303;404;505,101;202;303;404;505,5,5,True,226,0.3007340967260675,0.4315571100771646,-0.1308230133510971,-0.2203981386410997,-0.0405785626385395,0.0053994600539946,10000,hierarchical_seed_and_sample,paired,True,True,0.0286729947694885,True
vdss_lombardo,Spearman,common_pool_taskwise_selector,per_task_single,101;202;303;404;505,101;202;303;404;505,5,5,True,226,0.3007340967260675,0.457052873859845,-0.1563187771337775,-0.2820347504540384,-0.0356897687613528,0.013998600139986,10000,hierarchical_seed_and_sample,paired,True,True,0.059882900598829,False
vdss_lombardo,Spearman,common_pool_taskwise_selector,uniform_candidate_average,101;202;303;404;505,101;202;303;404;505,5,5,True,226,0.3007340967260675,0.1198143438862206,0.1809197528398468,0.0300699982436226,0.3319218431611492,0.0175982401759824,10000,hierarchical_seed_and_sample,paired,True,True,0.0721296291423489,False
vdss_lombardo,Spearman,common_pool_taskwise_selector,validation_stacking,101;202;303;404;505,101;202;303;404;505,5,5,True,226,0.3007340967260675,0.2293352860174623,0.0713988107086051,0.0119363918013724,0.1360205031111533,0.0177982201779822,10000,hierarchical_seed_and_sample,paired,True,True,0.0721296291423489,False
vdss_lombardo,Spearman,common_pool_taskwise_selector,validation_top2_average,101;202;303;404;505,101;202;303;404;505,5,5,True,226,0.3007340967260675,0.4470744173898407,-0.1463403206637732,-0.2342244089375923,-0.0558679244625912,0.0007999200079992,10000,hierarchical_seed_and_sample,paired,True,True,0.0053559861405163,True
vdss_lombardo,Spearman,common_pool_taskwise_selector,validation_top3_average,101;202;303;404;505,101;202;303;404;505,5,5,True,226,0.3007340967260675,0.3007340967260675,0.0,0.0,0.0,1.0,10000,hierarchical_seed_and_sample,paired,True,True,1.0,False
