task,variant,metric,direction,score_mean,score_std,top1_ref,direction_normalized_margin,full_margin,delta_margin_vs_full,diagnostic_margin_ge_0,selected_candidate
ames,full_v36_final,AUROC,max,0.871945,0.000583,0.871,0.0009449999999999,0.0009449999999999,0.0,True,ames_repeated_tabular_ensemble5seed_audit_v1
bbb_martins,full_v36_final,AUROC,max,0.927779,0.000477,0.924,0.0037789999999999,0.0037789999999999,0.0,True,pure_chem_multibackend_endpoint_v1
bioavailability_ma,full_v36_final,AUROC,max,0.722248,0.004048,0.942,-0.2197519999999999,-0.2197519999999999,0.0,False,fixed_chemical_endpoint_5run_v1/top1_method_transfer_chem_lite_v1_summary.csv
caco2_wang,full_v36_final,MAE,min,0.283647,0.00229,0.256,-0.0276469999999999,-0.0276469999999999,0.0,False,fixed_chemical_endpoint_5run_v1/top1_method_transfer_chem_lite_v1_summary.csv
clearance_hepatocyte_az,full_v36_final,Spearman,max,0.55204,0.00965,0.536,0.0160399999999999,0.0160399999999999,0.0,True,clearance_pooled_family_xgb_v1_fp_only_valid_adjusted
clearance_microsome_az,full_v36_final,Spearman,max,0.642814,0.005773,0.63,0.0128139999999999,0.0128139999999999,0.0,True,clearance_microsome_kpgt_ept_seedbag_endpoint_v1
cyp2c9_substrate_carbonmangels,full_v36_final,AUPRC,max,0.44337,0.023358,0.474,-0.0306299999999999,-0.0306299999999999,0.0,False,fixed_chemical_endpoint_5run_v1/paper_main_chemical_prior_xl_v4_all22_32core_summary_rebuilt_from_json.csv
cyp2c9_veith,full_v36_final,AUPRC,max,0.790586,0.002608,0.859,-0.0684139999999999,-0.0684139999999999,0.0,False,fixed_chemical_endpoint_5run_v1/top1_method_transfer_chem_lite_v1_summary.csv
cyp2d6_substrate_carbonmangels,full_v36_final,AUPRC,max,0.747531,0.00961,0.736,0.0115309999999999,0.0115309999999999,0.0,True,cyp2d6_ap_xl_descriptor_seedbag_endpoint_v1
cyp2d6_veith,full_v36_final,AUPRC,max,0.719172,0.005514,0.79,-0.070828,-0.070828,0.0,False,v29_rank_uplift_formula_seedwise
cyp3a4_substrate_carbonmangels,full_v36_final,AUROC,max,0.725249,0.00476,0.667,0.0582489999999999,0.0582489999999999,0.0,True,cyp_substrate_pooled_family_xgb_v1
cyp3a4_veith,full_v36_final,AUPRC,max,0.884121,0.003206,0.916,-0.0318789999999999,-0.0318789999999999,0.0,False,v29_rank_uplift_formula_seedwise
dili,full_v36_final,AUROC,max,0.908609,0.00552,0.956,-0.0473909999999999,-0.0473909999999999,0.0,False,v29_rank_uplift_formula_seedwise
half_life_obach,full_v36_final,Spearman,max,0.49139,0.009785,0.576,-0.0846099999999999,-0.0846099999999999,0.0,False,v29_rank_uplift_formula_seedwise
herg,full_v36_final,AUROC,max,0.863358,0.002334,0.88,-0.016642,-0.016642,0.0,False,fixed_chemical_endpoint_5run_v1/paper_main_chemical_prior_xl_v4_all22_32core_summary_rebuilt_from_json.csv
hia_hou,full_v36_final,AUROC,max,0.99428,0.001736,0.993,0.00128,0.00128,0.0,True,hia_hou_true5run_seedvarying_endpoint_audit_v1
ld50_zhu,full_v36_final,MAE,min,0.603071,0.003837,0.552,-0.0510709999999999,-0.0510709999999999,0.0,False,fixed_chemical_endpoint_5run_v1/paper_main_chemical_prior_xl_v4_all22_32core_summary_rebuilt_from_json.csv
lipophilicity_astrazeneca,full_v36_final,MAE,min,0.472895,0.006499,0.456,-0.0168949999999999,-0.0168949999999999,0.0,False,v29_rank_uplift_formula_seedwise
pgp_broccatelli,full_v36_final,AUROC,max,0.938363,0.003565,0.938,0.000363,0.000363,0.0,True,pgp_frozen_blend_audit_v1
ppbr_az,full_v36_final,MAE,min,7.330617,0.098555,7.44,0.1093830000000002,0.1093830000000002,0.0,True,ppbr_kpgt_fp_seedbag_endpoint_v1
solubility_aqsoldb,full_v36_final,MAE,min,0.738443,0.000456,0.741,0.002557,0.002557,0.0,True,solubility_clean_selector_v2_valid_selected_fp_xgb_metric_xl
vdss_lombardo,full_v36_final,Spearman,max,0.660995,0.004668,0.713,-0.0520049999999999,-0.0520049999999999,0.0,False,v29_rank_uplift_formula_seedwise
ames,no_chemistry_sidecar,AUROC,max,0.69588086706221,0.0070153603451831,0.871,-0.17511913293779,0.0009449999999999,-0.17606413293779,False,deep_chemberta_kpgt_ridge_linear
bbb_martins,no_chemistry_sidecar,AUROC,max,0.7570512820512819,0.0213106691893121,0.924,-0.1669487179487181,0.0037789999999999,-0.1707277179487181,False,deep_chemberta_kpgt_ridge_linear
bioavailability_ma,no_chemistry_sidecar,AUROC,max,0.545826405054872,0.0499195635831966,0.942,-0.3961735949451279,-0.2197519999999999,-0.176421594945128,False,deep_chemberta_ridge_linear
caco2_wang,no_chemistry_sidecar,MAE,min,0.3649304504471999,0.0,0.256,-0.1089304504471999,-0.0276469999999999,-0.0812834504471999,False,deep_ept_ridge_linear
clearance_hepatocyte_az,no_chemistry_sidecar,Spearman,max,0.2539632068715589,0.0,0.536,-0.2820367931284411,0.0160399999999999,-0.298076793128441,False,deep_ept_ridge_linear
clearance_microsome_az,no_chemistry_sidecar,Spearman,max,0.4382440419419504,5.235539490165512e-05,0.63,-0.1917559580580495,0.0128139999999999,-0.2045699580580495,False,deep_kpgt_ridge_linear
cyp2c9_substrate_carbonmangels,no_chemistry_sidecar,AUPRC,max,0.314733839909625,0.0180864596755884,0.474,-0.1592661600903749,-0.0306299999999999,-0.1286361600903749,False,deep_chemberta_kpgt_ridge_linear
cyp2c9_veith,no_chemistry_sidecar,AUPRC,max,0.539594112867986,0.0034995913072678,0.859,-0.319405887132014,-0.0684139999999999,-0.250991887132014,False,deep_chemberta_kpgt_ept_ridge_linear
cyp2d6_substrate_carbonmangels,no_chemistry_sidecar,AUPRC,max,0.490912627193418,0.0226940162726799,0.736,-0.2450873728065819,0.0115309999999999,-0.2566183728065819,False,deep_chemberta_kpgt_ridge_linear
cyp2d6_veith,no_chemistry_sidecar,AUPRC,max,0.352326946808219,0.0128635021097552,0.79,-0.437673053191781,-0.070828,-0.366845053191781,False,deep_kpgt_ept_ridge_linear
cyp3a4_substrate_carbonmangels,no_chemistry_sidecar,AUROC,max,0.6063517179023508,0.02288576059705,0.667,-0.0606482820976492,0.0582489999999999,-0.1188972820976492,False,deep_chemberta_kpgt_ept_ridge_linear
cyp3a4_veith,no_chemistry_sidecar,AUPRC,max,0.6570096427362475,0.0072884686473624,0.916,-0.2589903572637525,-0.0318789999999999,-0.2271113572637525,False,deep_kpgt_ept_ridge_linear
dili,no_chemistry_sidecar,AUROC,max,0.7661739130434783,0.0279504692887142,0.956,-0.1898260869565217,-0.0473909999999999,-0.1424350869565217,False,deep_kpgt_ridge_linear
half_life_obach,no_chemistry_sidecar,Spearman,max,0.3317560765672304,0.0,0.576,-0.2442439234327695,-0.0846099999999999,-0.1596339234327696,False,deep_ept_ridge_linear
herg,no_chemistry_sidecar,AUROC,max,0.7354344624447717,0.0243344698601934,0.88,-0.1445655375552282,-0.016642,-0.1279235375552282,False,deep_kpgt_ept_ridge_linear
hia_hou,no_chemistry_sidecar,AUROC,max,0.9066666666666666,0.0188670898177037,0.993,-0.0863333333333333,0.00128,-0.0876133333333334,False,deep_kpgt_ept_ridge_linear
ld50_zhu,no_chemistry_sidecar,MAE,min,0.704358148056051,0.0,0.552,-0.1523581480560509,-0.0510709999999999,-0.1012871480560509,False,deep_ept_ridge_linear
lipophilicity_astrazeneca,no_chemistry_sidecar,MAE,min,0.5572363431113107,0.0,0.456,-0.1012363431113106,-0.0168949999999999,-0.0843413431113106,False,deep_kpgt_ept_ridge_linear
pgp_broccatelli,no_chemistry_sidecar,AUROC,max,0.8001999466808852,0.0353137938024883,0.938,-0.1378000533191147,0.000363,-0.1381630533191147,False,deep_ept_ridge_linear
ppbr_az,no_chemistry_sidecar,MAE,min,9.952255878968826,0.0,7.44,-2.512255878968825,0.1093830000000002,-2.621638878968826,False,deep_ept_ridge_linear
solubility_aqsoldb,no_chemistry_sidecar,MAE,min,0.9294352167590724,0.0,0.741,-0.1884352167590723,0.002557,-0.1909922167590724,False,deep_ept_ridge_linear
vdss_lombardo,no_chemistry_sidecar,Spearman,max,0.1447969357523272,0.0,0.713,-0.5682030642476728,-0.0520049999999999,-0.5161980642476728,False,deep_ept_ridge_linear
ames,no_ept_or_no_3d,AUROC,max,0.8552409485206288,0.0018591938264062,0.871,-0.0157590514793711,0.0009449999999999,-0.0167040514793711,False,chem_fp_chemberta_kpgt_xgb
bbb_martins,no_ept_or_no_3d,AUROC,max,0.917956535334584,0.0045760094993455,0.924,-0.006043464665416,0.0037789999999999,-0.009822464665416,False,chem_fp_chemberta_kpgt_xgb
bioavailability_ma,no_ept_or_no_3d,AUROC,max,0.6442966411706019,0.0089407848427836,0.942,-0.297703358829398,-0.2197519999999999,-0.077951358829398,False,chem_fp_chemberta_kpgt_xgb
caco2_wang,no_ept_or_no_3d,MAE,min,0.3264913979323167,0.0084875913789111,0.256,-0.0704913979323167,-0.0276469999999999,-0.0428443979323167,False,chem_fp_chemberta_kpgt_xgb
clearance_hepatocyte_az,no_ept_or_no_3d,Spearman,max,0.4586648251126538,0.0146235841763766,0.536,-0.0773351748873462,0.0160399999999999,-0.0933751748873461,False,chem_fp_chemberta_kpgt_xgb
clearance_microsome_az,no_ept_or_no_3d,Spearman,max,0.4382440419419504,5.235539490165512e-05,0.63,-0.1917559580580495,0.0128139999999999,-0.2045699580580495,False,deep_kpgt_ridge_linear
cyp2c9_substrate_carbonmangels,no_ept_or_no_3d,AUPRC,max,0.4368494179672496,0.018633426367039,0.474,-0.0371505820327503,-0.0306299999999999,-0.0065205820327503,False,chem_fp_chemberta_kpgt_xgb
cyp2c9_veith,no_ept_or_no_3d,AUPRC,max,0.7710219942765797,0.0023590094440746,0.859,-0.0879780057234203,-0.0684139999999999,-0.0195640057234203,False,chem_fp_chemberta_kpgt_xgb
cyp2d6_substrate_carbonmangels,no_ept_or_no_3d,AUPRC,max,0.7021059512272266,0.0133283670343022,0.736,-0.0338940487727733,0.0115309999999999,-0.0454250487727733,False,chem_fp_chemberta_kpgt_xgb
cyp2d6_veith,no_ept_or_no_3d,AUPRC,max,0.6961381524649516,0.0036931380719961,0.79,-0.0938618475350484,-0.070828,-0.0230338475350484,False,chem_fp_chemberta_kpgt_xgb
cyp3a4_substrate_carbonmangels,no_ept_or_no_3d,AUROC,max,0.6705470162748643,0.0067111360033017,0.667,0.0035470162748643,0.0582489999999999,-0.0547019837251356,True,chem_fp_xgb
cyp3a4_veith,no_ept_or_no_3d,AUPRC,max,0.8612921926155332,0.0011695924276257,0.916,-0.0547078073844667,-0.0318789999999999,-0.0228288073844667,False,chem_fp_chemberta_kpgt_xgb
dili,no_ept_or_no_3d,AUROC,max,0.8666086956521738,0.0067314121299144,0.956,-0.0893913043478261,-0.0473909999999999,-0.0420003043478262,False,chem_fp_xgb
half_life_obach,no_ept_or_no_3d,Spearman,max,0.4018744224350543,0.0322303826400825,0.576,-0.1741255775649456,-0.0846099999999999,-0.0895155775649456,False,chem_fp_chemberta_kpgt_xgb
herg,no_ept_or_no_3d,AUROC,max,0.8139911634756996,0.0093214977310437,0.88,-0.0660088365243004,-0.016642,-0.0493668365243004,False,chem_fp_chemberta_kpgt_xgb
hia_hou,no_ept_or_no_3d,AUROC,max,0.9508641975308642,0.0042528430231321,0.993,-0.0421358024691358,0.00128,-0.0434158024691359,False,chem_fp_chemberta_kpgt_xgb
ld50_zhu,no_ept_or_no_3d,MAE,min,0.6285455688031343,0.0051829316939143,0.552,-0.0765455688031342,-0.0510709999999999,-0.0254745688031342,False,chem_fp_chemberta_kpgt_xgb
lipophilicity_astrazeneca,no_ept_or_no_3d,MAE,min,0.5614764313300451,0.0,0.456,-0.105476431330045,-0.0168949999999999,-0.088581431330045,False,deep_kpgt_ridge_linear
pgp_broccatelli,no_ept_or_no_3d,AUROC,max,0.9309650759797388,0.0022682176461591,0.938,-0.0070349240202611,0.000363,-0.0073979240202611,False,chem_fp_chemberta_kpgt_xgb
ppbr_az,no_ept_or_no_3d,MAE,min,8.861805945872408,0.11970866586955,7.44,-1.421805945872408,0.1093830000000002,-1.531188945872408,False,chem_fp_chemberta_kpgt_xgb
solubility_aqsoldb,no_ept_or_no_3d,MAE,min,0.8666045093254535,0.0033285437734012,0.741,-0.1256045093254535,0.002557,-0.1281615093254535,False,chem_fp_chemberta_kpgt_xgb
vdss_lombardo,no_ept_or_no_3d,Spearman,max,0.4570863339950263,0.0131220791005511,0.713,-0.2559136660049736,-0.0520049999999999,-0.2039086660049737,False,chem_fp_xgb
ames,no_prediction_level_ensemble,AUROC,max,0.8552409485206288,0.0018591938264062,0.871,-0.0157590514793711,0.0009449999999999,-0.0167040514793711,False,chem_fp_chemberta_kpgt_xgb
bbb_martins,no_prediction_level_ensemble,AUROC,max,0.9048076923076924,0.0020873298602146,0.924,-0.0191923076923077,0.0037789999999999,-0.0229713076923077,False,chem_fp_chemberta_kpgt_ept_xgb
bioavailability_ma,no_prediction_level_ensemble,AUROC,max,0.6442966411706019,0.0089407848427836,0.942,-0.297703358829398,-0.2197519999999999,-0.077951358829398,False,chem_fp_chemberta_kpgt_xgb
caco2_wang,no_prediction_level_ensemble,MAE,min,0.3653081944549426,0.022378045376126,0.256,-0.1093081944549426,-0.0276469999999999,-0.0816611944549426,False,chem_fp_chemberta_kpgt_ept_xgb
clearance_hepatocyte_az,no_prediction_level_ensemble,Spearman,max,0.2003195287770167,0.0182003793867156,0.536,-0.3356804712229833,0.0160399999999999,-0.3517204712229832,False,chem_fp_chemberta_kpgt_ept_xgb
clearance_microsome_az,no_prediction_level_ensemble,Spearman,max,0.4382440419419504,5.235539490165512e-05,0.63,-0.1917559580580495,0.0128139999999999,-0.2045699580580495,False,deep_kpgt_ridge_linear
cyp2c9_substrate_carbonmangels,no_prediction_level_ensemble,AUPRC,max,0.4317527297592513,0.0189350356041419,0.474,-0.0422472702407486,-0.0306299999999999,-0.0116172702407486,False,chem_fp_chemberta_kpgt_ept_xgb
cyp2c9_veith,no_prediction_level_ensemble,AUPRC,max,0.7710219942765797,0.0023590094440746,0.859,-0.0879780057234203,-0.0684139999999999,-0.0195640057234203,False,chem_fp_chemberta_kpgt_xgb
cyp2d6_substrate_carbonmangels,no_prediction_level_ensemble,AUPRC,max,0.7021059512272266,0.0133283670343022,0.736,-0.0338940487727733,0.0115309999999999,-0.0454250487727733,False,chem_fp_chemberta_kpgt_xgb
cyp2d6_veith,no_prediction_level_ensemble,AUPRC,max,0.6961381524649516,0.0036931380719961,0.79,-0.0938618475350484,-0.070828,-0.0230338475350484,False,chem_fp_chemberta_kpgt_xgb
cyp3a4_substrate_carbonmangels,no_prediction_level_ensemble,AUROC,max,0.6705470162748643,0.0067111360033017,0.667,0.0035470162748643,0.0582489999999999,-0.0547019837251356,True,chem_fp_xgb
cyp3a4_veith,no_prediction_level_ensemble,AUPRC,max,0.8612921926155332,0.0011695924276257,0.916,-0.0547078073844667,-0.0318789999999999,-0.0228288073844667,False,chem_fp_chemberta_kpgt_xgb
dili,no_prediction_level_ensemble,AUROC,max,0.8666086956521738,0.0067314121299144,0.956,-0.0893913043478261,-0.0473909999999999,-0.0420003043478262,False,chem_fp_xgb
half_life_obach,no_prediction_level_ensemble,Spearman,max,0.4018744224350543,0.0322303826400825,0.576,-0.1741255775649456,-0.0846099999999999,-0.0895155775649456,False,chem_fp_chemberta_kpgt_xgb
herg,no_prediction_level_ensemble,AUROC,max,0.8164948453608247,0.0092138393635446,0.88,-0.0635051546391752,-0.016642,-0.0468631546391752,False,chem_fp_chemberta_kpgt_ept_xgb
hia_hou,no_prediction_level_ensemble,AUROC,max,0.9508641975308642,0.0042528430231321,0.993,-0.0421358024691358,0.00128,-0.0434158024691359,False,chem_fp_chemberta_kpgt_xgb
ld50_zhu,no_prediction_level_ensemble,MAE,min,0.6192784960295092,0.0028953504959784,0.552,-0.0672784960295092,-0.0510709999999999,-0.0162074960295092,False,chem_fp_chemberta_kpgt_ept_xgb
lipophilicity_astrazeneca,no_prediction_level_ensemble,MAE,min,0.5572363431113107,0.0,0.456,-0.1012363431113106,-0.0168949999999999,-0.0843413431113106,False,deep_kpgt_ept_ridge_linear
pgp_broccatelli,no_prediction_level_ensemble,AUROC,max,0.929285523860304,0.0023260368390582,0.938,-0.008714476139696,0.000363,-0.009077476139696,False,chem_fp_chemberta_kpgt_ept_xgb
ppbr_az,no_prediction_level_ensemble,MAE,min,9.195011191161672,0.1124528344322945,7.44,-1.755011191161672,0.1093830000000002,-1.864394191161672,False,chem_fp_chemberta_kpgt_ept_xgb
solubility_aqsoldb,no_prediction_level_ensemble,MAE,min,0.8382019154940069,0.0030341993428967,0.741,-0.0972019154940069,0.002557,-0.0997589154940069,False,chem_fp_chemberta_kpgt_ept_xgb
vdss_lombardo,no_prediction_level_ensemble,Spearman,max,0.4570863339950263,0.0131220791005511,0.713,-0.2559136660049736,-0.0520049999999999,-0.2039086660049737,False,chem_fp_xgb
ames,no_seedbag_single_seed,AUROC,max,0.8551077953357222,,0.871,-0.0158922046642777,0.0009449999999999,-0.0168372046642777,False,chem_fp_chemberta_kpgt_xgb
bbb_martins,no_seedbag_single_seed,AUROC,max,0.902439024390244,,0.924,-0.0215609756097561,0.0037789999999999,-0.025339975609756,False,chem_fp_chemberta_kpgt_ept_xgb
bioavailability_ma,no_seedbag_single_seed,AUROC,max,0.6458264050548721,,0.942,-0.2961735949451278,-0.2197519999999999,-0.0764215949451279,False,chem_fp_chemberta_kpgt_xgb
caco2_wang,no_seedbag_single_seed,MAE,min,0.3520695007222605,,0.256,-0.0960695007222605,-0.0276469999999999,-0.0684225007222605,False,chem_fp_chemberta_kpgt_ept_xgb
clearance_hepatocyte_az,no_seedbag_single_seed,Spearman,max,0.1788322549824511,,0.536,-0.3571677450175489,0.0160399999999999,-0.3732077450175489,False,chem_fp_chemberta_kpgt_ept_xgb
clearance_microsome_az,no_seedbag_single_seed,Spearman,max,0.4382058069675574,,0.63,-0.1917941930324425,0.0128139999999999,-0.2046081930324425,False,deep_kpgt_ridge_linear
cyp2c9_substrate_carbonmangels,no_seedbag_single_seed,AUPRC,max,0.4517016156517738,,0.474,-0.0222983843482261,-0.0306299999999999,0.0083316156517738,False,chem_fp_chemberta_kpgt_ept_xgb
cyp2c9_veith,no_seedbag_single_seed,AUPRC,max,0.7700697697202045,,0.859,-0.0889302302797955,-0.0684139999999999,-0.0205162302797955,False,chem_fp_chemberta_kpgt_xgb
cyp2d6_substrate_carbonmangels,no_seedbag_single_seed,AUPRC,max,0.6985240233492779,,0.736,-0.0374759766507221,0.0115309999999999,-0.049006976650722,False,chem_fp_chemberta_kpgt_xgb
cyp2d6_veith,no_seedbag_single_seed,AUPRC,max,0.7008360219135269,,0.79,-0.0891639780864731,-0.070828,-0.0183359780864731,False,chem_fp_chemberta_kpgt_xgb
cyp3a4_substrate_carbonmangels,no_seedbag_single_seed,AUROC,max,0.6734855334538878,,0.667,0.0064855334538878,0.0582489999999999,-0.0517634665461121,True,chem_fp_xgb
cyp3a4_veith,no_seedbag_single_seed,AUPRC,max,0.8623033394316458,,0.916,-0.0536966605683542,-0.0318789999999999,-0.0218176605683542,False,chem_fp_chemberta_kpgt_xgb
dili,no_seedbag_single_seed,AUROC,max,0.8578260869565217,,0.956,-0.0981739130434782,-0.0473909999999999,-0.0507829130434782,False,chem_fp_xgb
half_life_obach,no_seedbag_single_seed,Spearman,max,0.4196225087944947,,0.576,-0.1563774912055052,-0.0846099999999999,-0.0717674912055053,False,chem_fp_chemberta_kpgt_xgb
herg,no_seedbag_single_seed,AUROC,max,0.804860088365243,,0.88,-0.0751399116347569,-0.016642,-0.0584979116347569,False,chem_fp_chemberta_kpgt_ept_xgb
hia_hou,no_seedbag_single_seed,AUROC,max,0.9456790123456792,,0.993,-0.0473209876543209,0.00128,-0.0486009876543209,False,chem_fp_chemberta_kpgt_xgb
ld50_zhu,no_seedbag_single_seed,MAE,min,0.6218126123432216,,0.552,-0.0698126123432215,-0.0510709999999999,-0.0187416123432215,False,chem_fp_chemberta_kpgt_ept_xgb
lipophilicity_astrazeneca,no_seedbag_single_seed,MAE,min,0.5572363431113107,,0.456,-0.1012363431113106,-0.0168949999999999,-0.0843413431113106,False,deep_kpgt_ept_ridge_linear
pgp_broccatelli,no_seedbag_single_seed,AUROC,max,0.9273527059450812,,0.938,-0.0106472940549187,0.000363,-0.0110102940549187,False,chem_fp_chemberta_kpgt_ept_xgb
ppbr_az,no_seedbag_single_seed,MAE,min,9.118758898412606,,7.44,-1.678758898412606,0.1093830000000002,-1.788141898412606,False,chem_fp_chemberta_kpgt_ept_xgb
solubility_aqsoldb,no_seedbag_single_seed,MAE,min,0.8359848801021843,,0.741,-0.0949848801021843,0.002557,-0.0975418801021843,False,chem_fp_chemberta_kpgt_ept_xgb
vdss_lombardo,no_seedbag_single_seed,Spearman,max,0.4798305110695061,,0.713,-0.2331694889304938,-0.0520049999999999,-0.1811644889304938,False,chem_fp_xgb
ames,no_task_adaptive_selection,AUROC,max,0.8452387945720495,0.0012877146454772,0.871,-0.0257612054279504,0.0009449999999999,-0.0267062054279504,False,chem_fp_chemberta_kpgt_ept_xgb
bbb_martins,no_task_adaptive_selection,AUROC,max,0.9048076923076924,0.0020873298602146,0.924,-0.0191923076923077,0.0037789999999999,-0.0229713076923077,False,chem_fp_chemberta_kpgt_ept_xgb
bioavailability_ma,no_task_adaptive_selection,AUROC,max,0.6468905886265381,0.0021085290966607,0.942,-0.2951094113734618,-0.2197519999999999,-0.0753574113734618,False,chem_fp_chemberta_kpgt_ept_xgb
caco2_wang,no_task_adaptive_selection,MAE,min,0.3653081944549426,0.022378045376126,0.256,-0.1093081944549426,-0.0276469999999999,-0.0816611944549426,False,chem_fp_chemberta_kpgt_ept_xgb
clearance_hepatocyte_az,no_task_adaptive_selection,Spearman,max,0.2003195287770167,0.0182003793867156,0.536,-0.3356804712229833,0.0160399999999999,-0.3517204712229832,False,chem_fp_chemberta_kpgt_ept_xgb
clearance_microsome_az,no_task_adaptive_selection,Spearman,max,0.5954577077913342,0.010876724540037,0.63,-0.0345422922086657,0.0128139999999999,-0.0473562922086657,False,chem_fp_chemberta_kpgt_ept_xgb
cyp2c9_substrate_carbonmangels,no_task_adaptive_selection,AUPRC,max,0.4317527297592513,0.0189350356041419,0.474,-0.0422472702407486,-0.0306299999999999,-0.0116172702407486,False,chem_fp_chemberta_kpgt_ept_xgb
cyp2c9_veith,no_task_adaptive_selection,AUPRC,max,0.7514518581428009,0.0026764089122952,0.859,-0.107548141857199,-0.0684139999999999,-0.0391341418571991,False,chem_fp_chemberta_kpgt_ept_xgb
cyp2d6_substrate_carbonmangels,no_task_adaptive_selection,AUPRC,max,0.6895371829847047,0.0098959213690674,0.736,-0.0464628170152953,0.0115309999999999,-0.0579938170152952,False,chem_fp_chemberta_kpgt_ept_xgb
cyp2d6_veith,no_task_adaptive_selection,AUPRC,max,0.6883401136054271,0.0035028651929721,0.79,-0.1016598863945729,-0.070828,-0.0308318863945729,False,chem_fp_chemberta_kpgt_ept_xgb
cyp3a4_substrate_carbonmangels,no_task_adaptive_selection,AUROC,max,0.6683092224231464,0.0057907669069584,0.667,0.0013092224231463,0.0582489999999999,-0.0569397775768536,True,chem_fp_chemberta_kpgt_ept_xgb
cyp3a4_veith,no_task_adaptive_selection,AUPRC,max,0.8598983556856856,0.0010748184248036,0.916,-0.0561016443143144,-0.0318789999999999,-0.0242226443143144,False,chem_fp_chemberta_kpgt_ept_xgb
dili,no_task_adaptive_selection,AUROC,max,0.903304347826087,0.0100922025338811,0.956,-0.0526956521739129,-0.0473909999999999,-0.0053046521739129,False,chem_fp_chemberta_kpgt_ept_xgb
half_life_obach,no_task_adaptive_selection,Spearman,max,0.3850970831788019,0.0292139793668846,0.576,-0.190902916821198,-0.0846099999999999,-0.106292916821198,False,chem_fp_chemberta_kpgt_ept_xgb
herg,no_task_adaptive_selection,AUROC,max,0.8164948453608247,0.0092138393635446,0.88,-0.0635051546391752,-0.016642,-0.0468631546391752,False,chem_fp_chemberta_kpgt_ept_xgb
hia_hou,no_task_adaptive_selection,AUROC,max,0.9700411522633744,0.005360862245097,0.993,-0.0229588477366254,0.00128,-0.0242388477366255,False,chem_fp_chemberta_kpgt_ept_xgb
ld50_zhu,no_task_adaptive_selection,MAE,min,0.6192784960295092,0.0028953504959784,0.552,-0.0672784960295092,-0.0510709999999999,-0.0162074960295092,False,chem_fp_chemberta_kpgt_ept_xgb
lipophilicity_astrazeneca,no_task_adaptive_selection,MAE,min,0.6003640692421202,0.0040253661808435,0.456,-0.1443640692421201,-0.0168949999999999,-0.1274690692421201,False,chem_fp_chemberta_kpgt_ept_xgb
pgp_broccatelli,no_task_adaptive_selection,AUROC,max,0.929285523860304,0.0023260368390582,0.938,-0.008714476139696,0.000363,-0.009077476139696,False,chem_fp_chemberta_kpgt_ept_xgb
ppbr_az,no_task_adaptive_selection,MAE,min,9.195011191161672,0.1124528344322945,7.44,-1.755011191161672,0.1093830000000002,-1.864394191161672,False,chem_fp_chemberta_kpgt_ept_xgb
solubility_aqsoldb,no_task_adaptive_selection,MAE,min,0.8382019154940069,0.0030341993428967,0.741,-0.0972019154940069,0.002557,-0.0997589154940069,False,chem_fp_chemberta_kpgt_ept_xgb
vdss_lombardo,no_task_adaptive_selection,Spearman,max,0.4196383845497954,0.0242071053173631,0.713,-0.2933616154502045,-0.0520049999999999,-0.2413566154502046,False,chem_fp_chemberta_kpgt_ept_xgb
