record_type,task,metric,reference_model,comparator_model,reference_seeds,comparator_seeds,n_samples,reference_score,comparator_score,improvement,ci95_lower,ci95_upper,p_value_two_sided,bootstrap_replicates_valid,p_value_bh_fdr,significant_fdr_0_05,descriptor,group,threshold_task_median,positive_n,prevalence,metric_valid,validity_reason,bootstrap_replicates_requested
property_subgroup,ames,AUROC,trimole_hybrid,per_task_single,1;2;3;4;5,101;202;303;404;505,729,0.8714986548504511,0.8034182623832885,0.0680803924671625,0.0434578210261321,0.0939598903253941,0.0001999800019998,10000.0,0.0004030366194149,True,molecular_weight,low_or_equal_median,257.336,445.0,0.6104252400548696,True,valid,10000.0
property_subgroup,ames,AUROC,trimole_hybrid,per_task_single,1;2;3;4;5,101;202;303;404;505,728,0.8739972820811495,0.826853038245001,0.0471442438361484,0.0255364647461337,0.0688938904500297,0.0001999800019998,10000.0,0.0004030366194149,True,molecular_weight,above_median,257.336,425.0,0.5837912087912088,True,valid,10000.0
property_subgroup,ames,AUROC,trimole_hybrid,per_task_single,1;2;3;4;5,101;202;303;404;505,730,0.8671162790697674,0.8010155038759689,0.0661007751937985,0.0413849200855568,0.0914055361207557,0.0001999800019998,10000.0,0.0004030366194149,True,clogp,low_or_equal_median,2.748000000000001,430.0,0.589041095890411,True,valid,10000.0
property_subgroup,ames,AUROC,trimole_hybrid,per_task_single,1;2;3;4;5,101;202;303;404;505,727,0.877541970224897,0.8293751979727588,0.0481667722521381,0.0260460064807398,0.0701901595555997,0.0001999800019998,10000.0,0.0004030366194149,True,clogp,above_median,2.748000000000001,440.0,0.6052269601100413,True,valid,10000.0
property_subgroup,ames,AUROC,trimole_hybrid,per_task_single,1;2;3;4;5,101;202;303;404;505,752,0.9008610947058352,0.8467783683677115,0.0540827263381237,0.0323662056358904,0.0769491935417294,0.0001999800019998,10000.0,0.0004030366194149,True,tpsa,low_or_equal_median,52.04,441.0,0.586436170212766,True,valid,10000.0
property_subgroup,ames,AUROC,trimole_hybrid,per_task_single,1;2;3;4;5,101;202;303;404;505,705,0.8414327218675045,0.7830267558528428,0.0584059660146617,0.0330537990590068,0.0831172936795791,0.0001999800019998,10000.0,0.0004030366194149,True,tpsa,above_median,52.04,429.0,0.6085106382978723,True,valid,10000.0
property_subgroup,bbb_martins,AUROC,trimole_hybrid,per_task_single,1,101;202;303;404;505,203,0.9120567375886526,0.87322695035461,0.0388297872340426,-0.040608309977198,0.1379468818566561,0.3953604639536046,10000.0,0.4337849548378495,False,molecular_weight,low_or_equal_median,285.517,188.0,0.9261083743842364,True,valid,10000.0
property_subgroup,bbb_martins,AUROC,trimole_hybrid,per_task_single,1,101;202;303;404;505,203,0.9242630385487528,0.8287414965986394,0.0955215419501135,0.0544562597172559,0.1387988865540036,0.0001999800019998,10000.0,0.0004030366194149,True,molecular_weight,above_median,285.517,140.0,0.6896551724137931,True,valid,10000.0
property_subgroup,bbb_martins,AUROC,trimole_hybrid,per_task_single,1,101;202;303;404;505,203,0.9458509142053446,0.8733473980309423,0.0725035161744023,0.0305199285408753,0.1183866686618085,0.0001999800019998,10000.0,0.0004030366194149,True,clogp,low_or_equal_median,2.04185,158.0,0.7783251231527094,True,valid,10000.0
property_subgroup,bbb_martins,AUROC,trimole_hybrid,per_task_single,1,101;202;303;404;505,203,0.9080213903743316,0.8077540106951873,0.1002673796791442,0.036091588970509,0.1697863418094509,0.001999800019998,10000.0,0.0035886822276676,True,clogp,above_median,2.04185,170.0,0.8374384236453202,True,valid,10000.0
property_subgroup,bbb_martins,AUROC,trimole_hybrid,per_task_single,1,101;202;303;404;505,203,0.8321243523316062,0.6093264248704664,0.2227979274611398,0.0249971655328798,0.3922834717365967,0.0256,9999.0,0.0372622222222222,True,tpsa,low_or_equal_median,52.625,193.0,0.9507389162561576,True,valid,10000.0
property_subgroup,bbb_martins,AUROC,trimole_hybrid,per_task_single,1,101;202;303;404;505,203,0.9133986928104576,0.839760348583878,0.0736383442265794,0.0340869174294019,0.1145416652050117,0.0003999600039996,10000.0,0.0007820113511036,True,tpsa,above_median,52.625,135.0,0.6650246305418719,True,valid,10000.0
property_subgroup,bioavailability_ma,AUROC,trimole_hybrid,per_task_single,101;202;303;404;505,101;202;303;404;505,64,0.6718750000000001,0.4799107142857143,0.1919642857142858,0.0119961769921795,0.3796610169491524,0.039003900390039,9998.0,0.0532240724072407,False,molecular_weight,low_or_equal_median,347.82750000000004,56.0,0.875,True,valid,10000.0
property_subgroup,bioavailability_ma,AUROC,trimole_hybrid,per_task_single,101;202;303;404;505,101;202;303;404;505,64,0.6839872746553552,0.6405090137857901,0.0434782608695651,-0.0907263861536131,0.18326553897421,0.5577442255774423,10000.0,0.5798769329416265,False,molecular_weight,above_median,347.82750000000004,41.0,0.640625,True,valid,10000.0
property_subgroup,bioavailability_ma,AUROC,trimole_hybrid,per_task_single,101;202;303;404;505,101;202;303;404;505,64,0.6571428571428571,0.5238095238095238,0.1333333333333333,-0.0214907438858694,0.2934918648310387,0.091990800919908,10000.0,0.1169980089369703,False,clogp,low_or_equal_median,2.8474500000000016,49.0,0.765625,True,valid,10000.0
property_subgroup,bioavailability_ma,AUROC,trimole_hybrid,per_task_single,101;202;303;404;505,101;202;303;404;505,64,0.8033854166666666,0.7161458333333333,0.0872395833333333,-0.0388089278264496,0.2180817031841749,0.1827817218278172,10000.0,0.2176764141767641,False,clogp,above_median,2.8474500000000016,48.0,0.75,True,valid,10000.0
property_subgroup,bioavailability_ma,AUROC,trimole_hybrid,per_task_single,101;202;303;404;505,101;202;303;404;505,64,0.6796296296296296,0.6296296296296297,0.0499999999999999,-0.1091969987228608,0.2208413461538461,0.5625437456254374,10000.0,0.5802616588734827,False,tpsa,low_or_equal_median,65.49000000000001,54.0,0.84375,True,valid,10000.0
property_subgroup,bioavailability_ma,AUROC,trimole_hybrid,per_task_single,101;202;303;404;505,101;202;303;404;505,64,0.7209302325581396,0.606312292358804,0.1146179401993355,-0.0259741981242512,0.2528510551948051,0.1073892610738926,10000.0,0.1339808876255231,False,tpsa,above_median,65.49000000000001,43.0,0.671875,True,valid,10000.0
property_subgroup,caco2_wang,MAE,trimole_hybrid,per_task_single,101;202;303;404;505,101;202;303;404;505,92,0.2740886457455179,0.3458635658381587,0.0717749200926408,0.0206909855242357,0.1227066160510784,0.0061993800619938,10000.0,0.0100261578780393,True,molecular_weight,low_or_equal_median,448.38000000000017,,,True,valid,10000.0
property_subgroup,caco2_wang,MAE,trimole_hybrid,per_task_single,101;202;303;404;505,101;202;303;404;505,90,0.290646814332411,0.3218287293128797,0.0311819149804687,-0.0192092441164296,0.0828103428959384,0.2273772622737726,10000.0,0.263596649184639,False,molecular_weight,above_median,448.38000000000017,,,True,valid,10000.0
property_subgroup,caco2_wang,MAE,trimole_hybrid,per_task_single,101;202;303;404;505,101;202;303;404;505,91,0.2942302148039095,0.3081401528589941,0.0139099380550846,-0.0304201718170367,0.0572488672008354,0.5301469853014699,10000.0,0.5555940405959404,False,clogp,low_or_equal_median,2.167,,,True,valid,10000.0
property_subgroup,caco2_wang,MAE,trimole_hybrid,per_task_single,101;202;303;404;505,101;202;303;404;505,91,0.2703232873774602,0.3598162613747398,0.0894929739972795,0.034076164308064,0.1439179063258227,0.0017998200179982,10000.0,0.0032746725327467,True,clogp,above_median,2.167,,,True,valid,10000.0
property_subgroup,caco2_wang,MAE,trimole_hybrid,per_task_single,101;202;303;404;505,101;202;303;404;505,91,0.2855294169904436,0.3340333221326891,0.0485039051422455,-0.0010930585739,0.0965043809874952,0.0553944605539446,10000.0,0.0740476972710892,False,tpsa,low_or_equal_median,112.28,,,True,valid,10000.0
property_subgroup,caco2_wang,MAE,trimole_hybrid,per_task_single,101;202;303;404;505,101;202;303;404;505,91,0.2790240851909261,0.3339230921010447,0.0548990069101186,0.0040790059069488,0.1076625725280475,0.0345965403459654,10000.0,0.0477068082665417,True,tpsa,above_median,112.28,,,True,valid,10000.0
property_subgroup,clearance_hepatocyte_az,Spearman,trimole_hybrid,per_task_single,1;2;3;4;5,101;202;303;404;505,122,0.1491928987236923,0.2596434208531714,-0.1104505221294791,-0.2805843136938036,0.0633195080300884,0.20997900209979,10000.0,0.2456004399560044,False,molecular_weight,low_or_equal_median,405.5020000000002,,,True,valid,10000.0
property_subgroup,clearance_hepatocyte_az,Spearman,trimole_hybrid,per_task_single,1;2;3;4;5,101;202;303;404;505,121,0.4510411141671142,0.374522533849882,0.0765185803172321,-0.1189772561609612,0.2783473375689197,0.4557544245575442,10000.0,0.4814824969115991,False,molecular_weight,above_median,405.5020000000002,,,True,valid,10000.0
property_subgroup,clearance_hepatocyte_az,Spearman,trimole_hybrid,per_task_single,1;2;3;4;5,101;202;303;404;505,122,0.0766887781358869,0.2488799636012637,-0.1721911854653767,-0.3506922558311879,0.011900472793668,0.0643935606439356,10000.0,0.0843555644435556,False,clogp,low_or_equal_median,3.215300000000001,,,True,valid,10000.0
property_subgroup,clearance_hepatocyte_az,Spearman,trimole_hybrid,per_task_single,1;2;3;4;5,101;202;303;404;505,121,0.5182309603591719,0.3944712191160356,0.1237597412431362,-0.050488891576391,0.299113993145491,0.1771822817718228,10000.0,0.2129438432303558,False,clogp,above_median,3.215300000000001,,,True,valid,10000.0
property_subgroup,clearance_hepatocyte_az,Spearman,trimole_hybrid,per_task_single,1;2;3;4;5,101;202;303;404;505,122,0.3958573664447206,0.3505392839672221,0.0453180824774984,-0.114911729720735,0.2019845381038376,0.5757424257574243,10000.0,0.589236388861114,False,tpsa,low_or_equal_median,77.17,,,True,valid,10000.0
property_subgroup,clearance_hepatocyte_az,Spearman,trimole_hybrid,per_task_single,1;2;3;4;5,101;202;303;404;505,121,0.1998941919479965,0.3208626886682305,-0.1209684967202339,-0.3230353156525938,0.0854983915880286,0.2583741625837416,10000.0,0.29432187216061,False,tpsa,above_median,77.17,,,True,valid,10000.0
property_subgroup,clearance_microsome_az,Spearman,trimole_hybrid,per_task_single,5;15;25;35;45,101;202;303;404;505,111,0.5373014977392051,0.3320668176219425,0.2052346801172625,0.0454066622810201,0.3623027008067774,0.0145985401459854,10000.0,0.0217319177173191,True,molecular_weight,low_or_equal_median,424.54100000000017,,,True,valid,10000.0
property_subgroup,clearance_microsome_az,Spearman,trimole_hybrid,per_task_single,5;15;25;35;45,101;202;303;404;505,110,0.7574213449964959,0.3194956827605928,0.437925662235903,0.2673006241469762,0.6208685229910282,0.0001999800019998,10000.0,0.0004030366194149,True,molecular_weight,above_median,424.54100000000017,,,True,valid,10000.0
property_subgroup,clearance_microsome_az,Spearman,trimole_hybrid,per_task_single,5;15;25;35;45,101;202;303;404;505,111,0.51423702198126,0.3674169760225662,0.1468200459586937,-0.0117006513002431,0.3049908312815628,0.071992800719928,10000.0,0.093376800933768,False,clogp,low_or_equal_median,3.8472000000000026,,,True,valid,10000.0
property_subgroup,clearance_microsome_az,Spearman,trimole_hybrid,per_task_single,5;15;25;35;45,101;202;303;404;505,110,0.7611529835941837,0.2974604783257145,0.4636925052684691,0.2942096334777936,0.6428900736328296,0.0001999800019998,10000.0,0.0004030366194149,True,clogp,above_median,3.8472000000000026,,,True,valid,10000.0
property_subgroup,clearance_microsome_az,Spearman,trimole_hybrid,per_task_single,5;15;25;35;45,101;202;303;404;505,111,0.6168263411436026,0.2236080646014504,0.3932182765421521,0.2301895249415649,0.5612159067543372,0.0001999800019998,10000.0,0.0004030366194149,True,tpsa,low_or_equal_median,76.80000000000001,,,True,valid,10000.0
property_subgroup,clearance_microsome_az,Spearman,trimole_hybrid,per_task_single,5;15;25;35;45,101;202;303;404;505,110,0.6712673358560852,0.4581096259714267,0.2131577098846584,0.0732414434548535,0.3621806532808328,0.0045995400459954,10000.0,0.0077248685387871,True,tpsa,above_median,76.80000000000001,,,True,valid,10000.0
property_subgroup,cyp2c9_substrate_carbonmangels,AUPRC,trimole_hybrid,per_task_single,101;202;303;404;505,101;202;303;404;505,68,0.3815138621915875,0.3355156877565841,0.0459981744350034,-0.0386818813666691,0.1950739241858943,0.2387761223877612,10000.0,0.2743830880069888,False,molecular_weight,low_or_equal_median,334.379,21.0,0.3088235294117647,True,valid,10000.0
property_subgroup,cyp2c9_substrate_carbonmangels,AUPRC,trimole_hybrid,per_task_single,101;202;303;404;505,101;202;303;404;505,67,0.572874258967451,0.4552318620799744,0.1176423968874765,-0.0287234808182994,0.2608452025702204,0.1131886811318868,10000.0,0.1398841247950676,False,molecular_weight,above_median,334.379,17.0,0.2537313432835821,True,valid,10000.0
property_subgroup,cyp2c9_substrate_carbonmangels,AUPRC,trimole_hybrid,per_task_single,101;202;303;404;505,101;202;303;404;505,68,0.4173986040827706,0.3882434977386541,0.0291551063441165,-0.0754204403707926,0.203816337024266,0.4403559644035596,10000.0,0.4728412404661173,False,clogp,low_or_equal_median,3.1783400000000013,17.0,0.25,True,valid,10000.0
property_subgroup,cyp2c9_substrate_carbonmangels,AUPRC,trimole_hybrid,per_task_single,101;202;303;404;505,101;202;303;404;505,67,0.5279511876762837,0.3720287451630735,0.1559224425132102,0.0187446619978185,0.3194426029091976,0.0281971802819718,10000.0,0.04043508692609,True,clogp,above_median,3.1783400000000013,21.0,0.3134328358208955,True,valid,10000.0
property_subgroup,cyp2c9_substrate_carbonmangels,AUPRC,trimole_hybrid,per_task_single,101;202;303;404;505,101;202;303;404;505,68,0.448674909289203,0.3699410393528041,0.0787338699363989,-0.0381059692656987,0.2362532279529121,0.195980401959804,10000.0,0.2312921860967056,False,tpsa,low_or_equal_median,57.690000000000005,22.0,0.3235294117647059,True,valid,10000.0
property_subgroup,cyp2c9_substrate_carbonmangels,AUPRC,trimole_hybrid,per_task_single,101;202;303;404;505,101;202;303;404;505,67,0.4611804664342615,0.3873015588267454,0.0738789076075161,-0.0337256120829681,0.2513637360287613,0.1503849615038496,10000.0,0.1824113884907805,False,tpsa,above_median,57.690000000000005,16.0,0.2388059701492537,True,valid,10000.0
property_subgroup,cyp2c9_veith,AUPRC,trimole_hybrid,per_task_single,101;202;303;404;505,101;202;303;404;505,1210,0.6820264017651616,0.5335536733296731,0.1484727284354885,0.0887700633466793,0.20652129457821,0.0001999800019998,10000.0,0.0004030366194149,True,molecular_weight,low_or_equal_median,342.786,239.0,0.1975206611570248,True,valid,10000.0
property_subgroup,cyp2c9_veith,AUPRC,trimole_hybrid,per_task_single,101;202;303;404;505,101;202;303;404;505,1209,0.8295457397343743,0.733067416556032,0.0964783231783422,0.0625446402715259,0.1308069296388954,0.0001999800019998,10000.0,0.0004030366194149,True,molecular_weight,above_median,342.786,531.0,0.4392059553349876,True,valid,10000.0
property_subgroup,cyp2c9_veith,AUPRC,trimole_hybrid,per_task_single,101;202;303;404;505,101;202;303;404;505,1210,0.5747652517095108,0.4207753279944487,0.153989923715062,0.0832057397187036,0.2175229085299897,0.0001999800019998,10000.0,0.0004030366194149,True,clogp,low_or_equal_median,2.994200000000002,183.0,0.1512396694214876,True,valid,10000.0
property_subgroup,cyp2c9_veith,AUPRC,trimole_hybrid,per_task_single,101;202;303;404;505,101;202;303;404;505,1209,0.8350810743270145,0.7472718322293556,0.0878092420976589,0.0559153056291338,0.1201431401952334,0.0001999800019998,10000.0,0.0004030366194149,True,clogp,above_median,2.994200000000002,587.0,0.4855252274607113,True,valid,10000.0
property_subgroup,cyp2c9_veith,AUPRC,trimole_hybrid,per_task_single,101;202;303;404;505,101;202;303;404;505,1211,0.7770490903239122,0.6634065473840698,0.1136425429398424,0.0739396968213982,0.1526664445004241,0.0001999800019998,10000.0,0.0004030366194149,True,tpsa,low_or_equal_median,68.19,396.0,0.3270024772914946,True,valid,10000.0
property_subgroup,cyp2c9_veith,AUPRC,trimole_hybrid,per_task_single,101;202;303;404;505,101;202;303;404;505,1208,0.8097214080138849,0.7041210794805642,0.1056003285333206,0.0635820465919417,0.1472877210920307,0.0001999800019998,10000.0,0.0004030366194149,True,tpsa,above_median,68.19,374.0,0.3096026490066225,True,valid,10000.0
property_subgroup,cyp2d6_substrate_carbonmangels,AUPRC,trimole_hybrid,per_task_single,5;15;25;35;45,101;202;303;404;505,68,0.7919429878776012,0.562755705305543,0.2291872825720582,0.1174414267711728,0.3455779930813575,0.0001999800019998,10000.0,0.0004030366194149,True,molecular_weight,low_or_equal_median,317.42900000000014,26.0,0.3823529411764705,True,valid,10000.0
property_subgroup,cyp2d6_substrate_carbonmangels,AUPRC,trimole_hybrid,per_task_single,5;15;25;35;45,101;202;303;404;505,67,0.7082127801803668,0.4368595223454056,0.2713532578349611,0.1167549091090418,0.4148501994976474,0.0013998600139986,10000.0,0.0025828403075185,True,molecular_weight,above_median,317.42900000000014,17.0,0.2537313432835821,True,valid,10000.0
property_subgroup,cyp2d6_substrate_carbonmangels,AUPRC,trimole_hybrid,per_task_single,5;15;25;35;45,101;202;303;404;505,68,0.7022224273728712,0.5092838874680307,0.1929385399048405,0.0476310405875837,0.3535270195190271,0.0117988201179882,10000.0,0.0179726213425169,True,clogp,low_or_equal_median,3.1938000000000004,17.0,0.25,True,valid,10000.0
property_subgroup,cyp2d6_substrate_carbonmangels,AUPRC,trimole_hybrid,per_task_single,5;15;25;35;45,101;202;303;404;505,67,0.7970950599903476,0.5446029620629198,0.2524920979274277,0.1408193950332922,0.3629905980241656,0.0001999800019998,10000.0,0.0004030366194149,True,clogp,above_median,3.1938000000000004,26.0,0.3880597014925373,True,valid,10000.0
property_subgroup,cyp2d6_substrate_carbonmangels,AUPRC,trimole_hybrid,per_task_single,5;15;25;35;45,101;202;303;404;505,68,0.8230823686549746,0.5842436795720292,0.2388386890829454,0.125779266382575,0.3509032773133203,0.0001999800019998,10000.0,0.0004030366194149,True,tpsa,low_or_equal_median,57.28,27.0,0.3970588235294117,True,valid,10000.0
property_subgroup,cyp2d6_substrate_carbonmangels,AUPRC,trimole_hybrid,per_task_single,5;15;25;35;45,101;202;303;404;505,67,0.6658853633299198,0.3870140504798098,0.2788713128501099,0.1149487420936099,0.4276895968937695,0.0027997200279972,10000.0,0.0049562611306436,True,tpsa,above_median,57.28,16.0,0.2388059701492537,True,valid,10000.0
property_subgroup,cyp2d6_veith,AUPRC,trimole_hybrid,per_task_single,1;2;3;4;5,101;202;303;404;505,1313,0.646368644571453,0.4656247620313496,0.1807438825401033,0.134610017922249,0.2262693415653186,0.0001999800019998,10000.0,0.0004030366194149,True,molecular_weight,low_or_equal_median,319.43000000000006,174.0,0.1325209444021325,True,valid,10000.0
property_subgroup,cyp2d6_veith,AUPRC,trimole_hybrid,per_task_single,1;2;3;4;5,101;202;303;404;505,1313,0.7714297691604284,0.5637086505117002,0.2077211186487282,0.1604012143199659,0.254079105147321,0.0001999800019998,10000.0,0.0004030366194149,True,molecular_weight,above_median,319.43000000000006,269.0,0.2048743335872049,True,valid,10000.0
property_subgroup,cyp2d6_veith,AUPRC,trimole_hybrid,per_task_single,1;2;3;4;5,101;202;303;404;505,1313,0.4553033828849507,0.2512091126826327,0.204094270202318,0.1402529822289838,0.2715714234782889,0.0001999800019998,10000.0,0.0004030366194149,True,clogp,low_or_equal_median,2.520170000000001,94.0,0.0715917745620716,True,valid,10000.0
property_subgroup,cyp2d6_veith,AUPRC,trimole_hybrid,per_task_single,1;2;3;4;5,101;202;303;404;505,1313,0.7829308861260345,0.6055393206707825,0.1773915654552519,0.1391887220090426,0.2157936582437025,0.0001999800019998,10000.0,0.0004030366194149,True,clogp,above_median,2.520170000000001,349.0,0.2658035034272658,True,valid,10000.0
property_subgroup,cyp2d6_veith,AUPRC,trimole_hybrid,per_task_single,1;2;3;4;5,101;202;303;404;505,1313,0.7713879971970603,0.5821179972457811,0.1892699999512792,0.1502539145666593,0.2286854076774152,0.0001999800019998,10000.0,0.0004030366194149,True,tpsa,low_or_equal_median,70.18,318.0,0.2421934501142422,True,valid,10000.0
property_subgroup,cyp2d6_veith,AUPRC,trimole_hybrid,per_task_single,1;2;3;4;5,101;202;303;404;505,1313,0.5893003587754797,0.3604387718176942,0.2288615869577854,0.1619642780092825,0.2941218520998814,0.0001999800019998,10000.0,0.0004030366194149,True,tpsa,above_median,70.18,125.0,0.0952018278750952,True,valid,10000.0
property_subgroup,cyp3a4_substrate_carbonmangels,AUROC,trimole_hybrid,per_task_single,1;2;3;4;5,101;202;303;404;505,68,0.6675438596491228,0.6162280701754387,0.051315789473684,-0.0651069972826087,0.1725404084397985,0.3973602639736026,10000.0,0.4337849548378495,False,molecular_weight,low_or_equal_median,336.47900000000004,38.0,0.5588235294117647,True,valid,10000.0
property_subgroup,cyp3a4_substrate_carbonmangels,AUROC,trimole_hybrid,per_task_single,1;2;3;4;5,101;202;303;404;505,67,0.6674484052532833,0.6121013133208255,0.0553470919324577,-0.0849815815654325,0.1928571428571428,0.4343565643435656,10000.0,0.4702538010661743,False,molecular_weight,above_median,336.47900000000004,41.0,0.6119402985074627,True,valid,10000.0
property_subgroup,cyp3a4_substrate_carbonmangels,AUROC,trimole_hybrid,per_task_single,1;2;3;4;5,101;202;303;404;505,68,0.7252604166666667,0.69921875,0.0260416666666667,-0.0937603614058355,0.1436646881764068,0.6637336266373363,10000.0,0.668839269919162,False,clogp,low_or_equal_median,3.5064400000000013,36.0,0.5294117647058824,True,valid,10000.0
property_subgroup,cyp3a4_substrate_carbonmangels,AUROC,trimole_hybrid,per_task_single,1;2;3;4;5,101;202;303;404;505,67,0.5455426356589148,0.4864341085271317,0.059108527131783,-0.07571875,0.1911771971634503,0.3823617638236176,10000.0,0.4244863649228297,False,clogp,above_median,3.5064400000000013,43.0,0.6417910447761194,True,valid,10000.0
property_subgroup,cyp3a4_substrate_carbonmangels,AUROC,trimole_hybrid,per_task_single,1;2;3;4;5,101;202;303;404;505,68,0.5381642512077294,0.5652173913043478,-0.0270531400966184,-0.1468628563465519,0.0933811581112578,0.650934906509349,10000.0,0.6610269205637576,False,tpsa,low_or_equal_median,49.33,45.0,0.6617647058823529,True,valid,10000.0
property_subgroup,cyp3a4_substrate_carbonmangels,AUROC,trimole_hybrid,per_task_single,1;2;3;4;5,101;202;303;404;505,67,0.7660427807486632,0.7139037433155081,0.052139037433155,-0.0568996415770608,0.1584835039198606,0.3353664633536646,10000.0,0.3768392391530077,False,tpsa,above_median,49.33,34.0,0.5074626865671642,True,valid,10000.0
property_subgroup,cyp3a4_veith,AUPRC,trimole_hybrid,per_task_single,1;2;3;4;5,101;202;303;404;505,1234,0.8453681230078817,0.6903047505224612,0.1550633724854204,0.1217133042823281,0.1881479676163197,0.0001999800019998,10000.0,0.0004030366194149,True,molecular_weight,low_or_equal_median,353.3740000000001,386.0,0.312803889789303,True,valid,10000.0
property_subgroup,cyp3a4_veith,AUPRC,trimole_hybrid,per_task_single,1;2;3;4;5,101;202;303;404;505,1233,0.902118561756316,0.7963842678239935,0.1057342939323225,0.0822327822239424,0.1293638488125106,0.0001999800019998,10000.0,0.0004030366194149,True,molecular_weight,above_median,353.3740000000001,696.0,0.5644768856447688,True,valid,10000.0
property_subgroup,cyp3a4_veith,AUPRC,trimole_hybrid,per_task_single,1;2;3;4;5,101;202;303;404;505,1235,0.8074747425382575,0.6246614236753945,0.182813318862863,0.1445254419573668,0.2184532932653973,0.0001999800019998,10000.0,0.0004030366194149,True,clogp,low_or_equal_median,3.159300000000001,338.0,0.2736842105263158,True,valid,10000.0
property_subgroup,cyp3a4_veith,AUPRC,trimole_hybrid,per_task_single,1;2;3;4;5,101;202;303;404;505,1232,0.9135392839696204,0.8133209905071654,0.1002182934624549,0.0785093036789228,0.1227864661925508,0.0001999800019998,10000.0,0.0004030366194149,True,clogp,above_median,3.159300000000001,744.0,0.6038961038961039,True,valid,10000.0
property_subgroup,cyp3a4_veith,AUPRC,trimole_hybrid,per_task_single,1;2;3;4;5,101;202;303;404;505,1240,0.8973430376927005,0.7468972394467134,0.1504457982459871,0.1208547592590783,0.1802004778058313,0.0001999800019998,10000.0,0.0004030366194149,True,tpsa,low_or_equal_median,69.72,547.0,0.4411290322580645,True,valid,10000.0
property_subgroup,cyp3a4_veith,AUPRC,trimole_hybrid,per_task_single,1;2;3;4;5,101;202;303;404;505,1227,0.8759210611714471,0.7827412421749187,0.0931798189965283,0.0685772937986947,0.1187687635493949,0.0001999800019998,10000.0,0.0004030366194149,True,tpsa,above_median,69.72,535.0,0.4360228198859006,True,valid,10000.0
property_subgroup,dili,AUROC,trimole_hybrid,per_task_single,1;2;3;4;5,101;202;303;404;505,48,0.8871527777777777,0.8376736111111112,0.0494791666666665,-0.0535714285714286,0.1530434782608696,0.3365663433656634,10000.0,0.3768392391530077,False,molecular_weight,low_or_equal_median,352.6240000000001,24.0,0.5,True,valid,10000.0
property_subgroup,dili,AUROC,trimole_hybrid,per_task_single,1;2;3;4;5,101;202;303;404;505,48,0.944055944055944,0.7430069930069931,0.2010489510489509,0.085063244047619,0.3287013649260024,0.0001999800019998,10000.0,0.0004030366194149,True,molecular_weight,above_median,352.6240000000001,26.0,0.5416666666666666,True,valid,10000.0
property_subgroup,dili,AUROC,trimole_hybrid,per_task_single,1;2;3;4;5,101;202;303;404;505,48,0.9375,0.8177083333333333,0.1197916666666667,0.0183542490118576,0.2305608974358973,0.0181981801819818,10000.0,0.0267860854364001,True,clogp,low_or_equal_median,2.891940000000001,24.0,0.5,True,valid,10000.0
property_subgroup,dili,AUROC,trimole_hybrid,per_task_single,1;2;3;4;5,101;202;303;404;505,48,0.8793706293706294,0.7718531468531469,0.1075174825174825,-0.0244755244755244,0.243006993006993,0.101989801019898,10000.0,0.1284679224385253,False,clogp,above_median,2.891940000000001,26.0,0.5416666666666666,True,valid,10000.0
property_subgroup,dili,AUROC,trimole_hybrid,per_task_single,1;2;3;4;5,101;202;303;404;505,48,0.8823529411764706,0.7694497153700189,0.1129032258064516,-0.0351984126984127,0.2713492816481431,0.1333866613338666,10000.0,0.1633051648106217,False,tpsa,low_or_equal_median,58.38,17.0,0.3541666666666667,True,valid,10000.0
property_subgroup,dili,AUROC,trimole_hybrid,per_task_single,1;2;3;4;5,101;202;303;404;505,48,0.9313131313131312,0.6909090909090909,0.2404040404040404,0.1076923076923077,0.378708767361111,0.0001999800019998,10000.0,0.0004030366194149,True,tpsa,above_median,58.38,33.0,0.6875,True,valid,10000.0
property_subgroup,half_life_obach,Spearman,trimole_hybrid,per_task_single,1;2;3;4;5,101;202;303;404;505,68,0.3640520059839267,0.2548272908878209,0.1092247150961058,-0.1617947541298794,0.3916362856087349,0.4497550244975502,10000.0,0.479007383814464,False,molecular_weight,low_or_equal_median,349.31600000000003,,,True,valid,10000.0
property_subgroup,half_life_obach,Spearman,trimole_hybrid,per_task_single,1;2;3;4;5,101;202;303;404;505,67,0.5999181880594336,0.3184408373973073,0.2814773506621263,0.0779852324558924,0.4874873818357115,0.0057994200579942,10000.0,0.0094965503449655,True,molecular_weight,above_median,349.31600000000003,,,True,valid,10000.0
property_subgroup,half_life_obach,Spearman,trimole_hybrid,per_task_single,1;2;3;4;5,101;202;303;404;505,68,0.4875047878283347,0.1931062196035146,0.2943985682248201,0.0278284189907415,0.5458544073880648,0.0293970602939706,10000.0,0.0409682436011718,True,clogp,low_or_equal_median,2.577500000000001,,,True,valid,10000.0
property_subgroup,half_life_obach,Spearman,trimole_hybrid,per_task_single,1;2;3;4;5,101;202;303;404;505,67,0.5027590752375221,0.271935342933728,0.230823732303794,-0.0102381591063403,0.4657079739161321,0.0595940405959404,10000.0,0.0788567607885676,False,clogp,above_median,2.577500000000001,,,True,valid,10000.0
property_subgroup,half_life_obach,Spearman,trimole_hybrid,per_task_single,1;2;3;4;5,101;202;303;404;505,68,0.3028261128836581,0.2540730939536995,0.0487530189299585,-0.2207558529935573,0.3125793940778125,0.7351264873512648,10000.0,0.7351264873512648,False,tpsa,low_or_equal_median,80.32,,,True,valid,10000.0
property_subgroup,half_life_obach,Spearman,trimole_hybrid,per_task_single,1;2;3;4;5,101;202;303;404;505,67,0.595351682877221,0.2691774262839603,0.3261742565932606,0.1072974857020034,0.5479770712435162,0.0041995800419958,10000.0,0.0072387498092296,True,tpsa,above_median,80.32,,,True,valid,10000.0
property_subgroup,herg,AUROC,trimole_hybrid,per_task_single,101;202;303;404;505,101;202;303;404;505,66,0.8235591506572295,0.7386248736097067,0.0849342770475227,0.0096056167664234,0.1620756137801592,0.0291970802919708,10000.0,0.0409682436011718,True,molecular_weight,low_or_equal_median,356.6005,43.0,0.6515151515151515,True,valid,10000.0
property_subgroup,herg,AUROC,trimole_hybrid,per_task_single,101;202;303;404;505,101;202;303;404;505,66,0.8858024691358025,0.6766975308641975,0.209104938271605,0.0555505952380952,0.363402419447311,0.0073992600739926,10000.0,0.0116783502372654,True,molecular_weight,above_median,356.6005,54.0,0.8181818181818182,True,valid,10000.0
property_subgroup,herg,AUROC,trimole_hybrid,per_task_single,101;202;303;404;505,101;202;303;404;505,66,0.8790243902439023,0.7873170731707316,0.0917073170731707,0.0237190464092141,0.1638034131751789,0.0051994800519948,10000.0,0.0086219226178647,True,clogp,low_or_equal_median,3.492950000000002,41.0,0.6212121212121212,True,valid,10000.0
property_subgroup,herg,AUROC,trimole_hybrid,per_task_single,101;202;303;404;505,101;202;303;404;505,66,0.7919642857142858,0.4821428571428571,0.3098214285714286,0.125,0.4639463241436924,0.002999700029997,10000.0,0.0052394760523947,True,clogp,above_median,3.492950000000002,56.0,0.8484848484848485,True,valid,10000.0
property_subgroup,herg,AUROC,trimole_hybrid,per_task_single,101;202;303;404;505,101;202;303;404;505,66,0.8090909090909091,0.6033057851239669,0.2057851239669421,0.0660629618226601,0.3430799220272903,0.0043995600439956,10000.0,0.0074849657891353,True,tpsa,low_or_equal_median,47.330000000000005,55.0,0.8333333333333334,True,valid,10000.0
property_subgroup,herg,AUROC,trimole_hybrid,per_task_single,101;202;303;404;505,101;202;303;404;505,66,0.8710317460317459,0.7698412698412699,0.101190476190476,0.0179156334986401,0.1915418532085199,0.0135986401359864,10000.0,0.0204761133082094,True,tpsa,above_median,47.330000000000005,42.0,0.6363636363636364,True,valid,10000.0
property_subgroup,hia_hou,AUROC,trimole_hybrid,per_task_single,1;2;3;4;5,101;202;303;404;505,59,0.9882943143812708,0.9255852842809364,0.0627090301003344,0.0217086834733892,0.1136363636363636,0.0007999200079992,10000.0,0.001518688710839,True,molecular_weight,low_or_equal_median,333.36300000000006,46.0,0.7796610169491526,True,valid,10000.0
property_subgroup,hia_hou,AUROC,trimole_hybrid,per_task_single,1;2;3;4;5,101;202;303;404;505,58,1.0,0.9691558441558442,0.0308441558441557,0.0,0.0743425269905532,0.087991200879912,10000.0,0.113008307012436,False,molecular_weight,above_median,333.36300000000006,44.0,0.7586206896551724,True,valid,10000.0
property_subgroup,hia_hou,AUROC,trimole_hybrid,per_task_single,1;2;3;4;5,101;202;303;404;505,59,0.9891304347826088,0.922705314009662,0.0664251207729468,0.0150375939849622,0.1262104309687261,0.0065993400659934,10000.0,0.0105428481542089,True,clogp,low_or_equal_median,1.9247,36.0,0.6101694915254238,True,valid,10000.0
property_subgroup,hia_hou,AUROC,trimole_hybrid,per_task_single,1;2;3;4;5,101;202;303;404;505,58,,,,,,,,,False,clogp,above_median,1.9247,54.0,0.9310344827586208,False,classification_group_below_minimum_class_count,10000.0
property_subgroup,hia_hou,AUROC,trimole_hybrid,per_task_single,1;2;3;4;5,101;202;303;404;505,59,1.0,0.9537037037037036,0.0462962962962962,0.0094339622641509,0.088235294117647,0.0108695652173913,9935.0,0.0169513457556935,True,tpsa,low_or_equal_median,75.71000000000001,54.0,0.9152542372881356,True,valid,10000.0
property_subgroup,hia_hou,AUROC,trimole_hybrid,per_task_single,1;2;3;4;5,101;202;303;404;505,58,0.9886363636363636,0.9406565656565656,0.0479797979797981,0.0042415319055943,0.1057347670250895,0.0283971602839716,10000.0,0.04043508692609,True,tpsa,above_median,75.71000000000001,36.0,0.6206896551724138,True,valid,10000.0
property_subgroup,ld50_zhu,MAE,trimole_hybrid,per_task_single,101;202;303;404;505,101;202;303;404;505,739,0.5042445057183705,0.6533929369001169,0.1491484311817463,0.1207574812236755,0.1776188546802098,0.0001999800019998,10000.0,0.0004030366194149,True,molecular_weight,low_or_equal_median,262.28000000000003,,,True,valid,10000.0
property_subgroup,ld50_zhu,MAE,trimole_hybrid,per_task_single,101;202;303;404;505,101;202;303;404;505,739,0.6987888890151565,0.8772830041555009,0.1784941151403444,0.1437594519578392,0.2137413133691871,0.0001999800019998,10000.0,0.0004030366194149,True,molecular_weight,above_median,262.28000000000003,,,True,valid,10000.0
property_subgroup,ld50_zhu,MAE,trimole_hybrid,per_task_single,101;202;303;404;505,101;202;303;404;505,739,0.5130587129218652,0.6725296397022046,0.1594709267803393,0.1296552725912914,0.190060220764777,0.0001999800019998,10000.0,0.0004030366194149,True,clogp,low_or_equal_median,2.611850000000001,,,True,valid,10000.0
property_subgroup,ld50_zhu,MAE,trimole_hybrid,per_task_single,101;202;303;404;505,101;202;303;404;505,739,0.6899746818116618,0.8581463013534132,0.1681716195417514,0.1336501399863879,0.2018734155219688,0.0001999800019998,10000.0,0.0004030366194149,True,clogp,above_median,2.611850000000001,,,True,valid,10000.0
property_subgroup,ld50_zhu,MAE,trimole_hybrid,per_task_single,101;202;303;404;505,101;202;303;404;505,739,0.6296933760249405,0.757746349204377,0.1280529731794365,0.0985459380518923,0.1581962477401725,0.0001999800019998,10000.0,0.0004030366194149,True,tpsa,low_or_equal_median,47.63,,,True,valid,10000.0
property_subgroup,ld50_zhu,MAE,trimole_hybrid,per_task_single,101;202;303;404;505,101;202;303;404;505,739,0.5733400187085866,0.7729295918512408,0.1995895731426541,0.1661091941274387,0.2330781735407645,0.0001999800019998,10000.0,0.0004030366194149,True,tpsa,above_median,47.63,,,True,valid,10000.0
property_subgroup,lipophilicity_astrazeneca,MAE,trimole_hybrid,per_task_single,1;2;3;4;5,101;202;303;404;505,420,0.4701652599117578,0.7152757122630164,0.2451104523512586,0.1942742912378593,0.2970312556231459,0.0001999800019998,10000.0,0.0004030366194149,True,molecular_weight,low_or_equal_median,401.71100000000007,,,True,valid,10000.0
property_subgroup,lipophilicity_astrazeneca,MAE,trimole_hybrid,per_task_single,1;2;3;4;5,101;202;303;404;505,420,0.4699262627388399,0.7854018512339819,0.3154755884951419,0.2632516630277462,0.3672222202083224,0.0001999800019998,10000.0,0.0004030366194149,True,molecular_weight,above_median,401.71100000000007,,,True,valid,10000.0
property_subgroup,lipophilicity_astrazeneca,MAE,trimole_hybrid,per_task_single,1;2;3;4;5,101;202;303;404;505,420,0.4689581761576101,0.7527562335672833,0.2837980574096732,0.2285709414400269,0.3399480271530374,0.0001999800019998,10000.0,0.0004030366194149,True,clogp,low_or_equal_median,3.287660000000001,,,True,valid,10000.0
property_subgroup,lipophilicity_astrazeneca,MAE,trimole_hybrid,per_task_single,1;2;3;4;5,101;202;303;404;505,420,0.4711333464929876,0.747921329929715,0.2767879834367274,0.2292299566211429,0.3248475303211694,0.0001999800019998,10000.0,0.0004030366194149,True,clogp,above_median,3.287660000000001,,,True,valid,10000.0
property_subgroup,lipophilicity_astrazeneca,MAE,trimole_hybrid,per_task_single,1;2;3;4;5,101;202;303;404;505,420,0.4829579707742192,0.7164115640095302,0.233453593235311,0.1823115604946831,0.2864819607108969,0.0001999800019998,10000.0,0.0004030366194149,True,tpsa,low_or_equal_median,82.885,,,True,valid,10000.0
property_subgroup,lipophilicity_astrazeneca,MAE,trimole_hybrid,per_task_single,1;2;3;4;5,101;202;303;404;505,420,0.4571335518763785,0.7842659994874682,0.3271324476110896,0.2767491892056603,0.3787657558149337,0.0001999800019998,10000.0,0.0004030366194149,True,tpsa,above_median,82.885,,,True,valid,10000.0
property_subgroup,pgp_broccatelli,AUROC,trimole_hybrid,per_task_single,1;2;3;4;5,101;202;303;404;505,123,0.9155844155844156,0.8237012987012987,0.0918831168831167,0.0198901330062246,0.1685840564250891,0.0115988401159884,10000.0,0.0178758594728762,True,molecular_weight,low_or_equal_median,368.3980000000002,35.0,0.2845528455284553,True,valid,10000.0
property_subgroup,pgp_broccatelli,AUROC,trimole_hybrid,per_task_single,1;2;3;4;5,101;202;303;404;505,122,0.9216887980932924,0.7477017364657814,0.1739870616275111,0.0903069811743612,0.263391437921592,0.0001999800019998,10000.0,0.0004030366194149,True,molecular_weight,above_median,368.3980000000002,89.0,0.7295081967213115,True,valid,10000.0
property_subgroup,pgp_broccatelli,AUROC,trimole_hybrid,per_task_single,1;2;3;4;5,101;202;303;404;505,123,0.8314659197012138,0.7226890756302521,0.1087768440709616,0.0027805633622891,0.2188566644707946,0.0457954204579542,10000.0,0.0618474235050721,False,clogp,low_or_equal_median,3.353200000000002,21.0,0.1707317073170731,True,valid,10000.0
property_subgroup,pgp_broccatelli,AUROC,trimole_hybrid,per_task_single,1;2;3;4;5,101;202;303;404;505,122,0.9008686765457332,0.6870209504343383,0.213847726111395,0.0958330773955772,0.337579567035475,0.0003999600039996,10000.0,0.0007820113511036,True,clogp,above_median,3.353200000000002,103.0,0.8442622950819673,True,valid,10000.0
property_subgroup,pgp_broccatelli,AUROC,trimole_hybrid,per_task_single,1;2;3;4;5,101;202;303;404;505,124,0.9470355731225296,0.8768115942028986,0.0702239789196311,0.0255599472990777,0.1195282118207617,0.000999900009999,10000.0,0.0018712414472838,True,tpsa,low_or_equal_median,62.24,69.0,0.5564516129032258,True,valid,10000.0
property_subgroup,pgp_broccatelli,AUROC,trimole_hybrid,per_task_single,1;2;3;4;5,101;202;303;404;505,121,0.9267217630853992,0.8319559228650139,0.0947658402203854,0.038797756807641,0.1556344671804412,0.0005999400059994,10000.0,0.0011557667762635,True,tpsa,above_median,62.24,55.0,0.4545454545454545,True,valid,10000.0
property_subgroup,ppbr_az,MAE,trimole_hybrid,per_task_single,5;15;25;35;45,101;202;303;404;505,280,7.521569170567391,11.964914142608643,4.443344972041253,3.2332571028754367,5.6628792011813855,0.0001999800019998,10000.0,0.0004030366194149,True,molecular_weight,low_or_equal_median,424.2840000000001,,,True,valid,10000.0
property_subgroup,ppbr_az,MAE,trimole_hybrid,per_task_single,5;15;25;35;45,101;202;303;404;505,279,7.082631919027319,9.858731804851134,2.7760998858238146,2.113244255682805,3.4361318575144906,0.0001999800019998,10000.0,0.0004030366194149,True,molecular_weight,above_median,424.2840000000001,,,True,valid,10000.0
property_subgroup,ppbr_az,MAE,trimole_hybrid,per_task_single,5;15;25;35;45,101;202;303;404;505,280,9.096390773116145,13.062696450369698,3.966305677253553,2.8179944701172457,5.130677879416369,0.0001999800019998,10000.0,0.0004030366194149,True,clogp,low_or_equal_median,3.6513800000000014,,,True,valid,10000.0
property_subgroup,ppbr_az,MAE,trimole_hybrid,per_task_single,5;15;25;35;45,101;202;303;404;505,279,5.502165794605632,8.757014793478033,3.2548489988724016,2.489290400115391,4.042982407125915,0.0001999800019998,10000.0,0.0004030366194149,True,clogp,above_median,3.6513800000000014,,,True,valid,10000.0
property_subgroup,ppbr_az,MAE,trimole_hybrid,per_task_single,5;15;25;35;45,101;202;303;404;505,281,7.217645102357022,11.566393737249951,4.34874863489293,3.2240269072553582,5.477126433793288,0.0001999800019998,10000.0,0.0004030366194149,True,tpsa,low_or_equal_median,79.9,,,True,valid,10000.0
property_subgroup,ppbr_az,MAE,trimole_hybrid,per_task_single,5;15;25;35;45,101;202;303;404;505,278,7.388256832392694,10.253976594664213,2.8657197622715174,2.038040393283922,3.693988600610628,0.0001999800019998,10000.0,0.0004030366194149,True,tpsa,above_median,79.9,,,True,valid,10000.0
property_subgroup,solubility_aqsoldb,MAE,trimole_hybrid,per_task_single,1;2;3;4;5,101;202;303;404;505,998,0.640169633917717,0.7705136401087299,0.1303440061910129,0.1035392151162168,0.1586734300784958,0.0001999800019998,10000.0,0.0004030366194149,True,molecular_weight,low_or_equal_median,273.317,,,True,valid,10000.0
property_subgroup,solubility_aqsoldb,MAE,trimole_hybrid,per_task_single,1;2;3;4;5,101;202;303;404;505,997,0.8367379021234516,1.0433502263078285,0.2066123241843769,0.1605758434583067,0.2536634296207596,0.0001999800019998,10000.0,0.0004030366194149,True,molecular_weight,above_median,273.317,,,True,valid,10000.0
property_subgroup,solubility_aqsoldb,MAE,trimole_hybrid,per_task_single,1;2;3;4;5,101;202;303;404;505,998,0.7078396475263856,0.8702003412218404,0.1623606936954548,0.1254088716286023,0.2017574845992336,0.0001999800019998,10000.0,0.0004030366194149,True,clogp,low_or_equal_median,2.423800000000001,,,True,valid,10000.0
property_subgroup,solubility_aqsoldb,MAE,trimole_hybrid,per_task_single,1;2;3;4;5,101;202;303;404;505,997,0.7690000148802708,0.9435635385336214,0.1745635236533506,0.1373004276649907,0.2125491158126536,0.0001999800019998,10000.0,0.0004030366194149,True,clogp,above_median,2.423800000000001,,,True,valid,10000.0
property_subgroup,solubility_aqsoldb,MAE,trimole_hybrid,per_task_single,1;2;3;4;5,101;202;303;404;505,1002,0.6789996576970332,0.8492283629965346,0.1702287052995014,0.1361596968019417,0.2061403113986307,0.0001999800019998,10000.0,0.0004030366194149,True,tpsa,low_or_equal_median,58.2,,,True,valid,10000.0
property_subgroup,solubility_aqsoldb,MAE,trimole_hybrid,per_task_single,1;2;3;4;5,101;202;303;404;505,993,0.7983477603771759,0.965021116550745,0.166673356173569,0.1259249535058743,0.2083002885650616,0.0001999800019998,10000.0,0.0004030366194149,True,tpsa,above_median,58.2,,,True,valid,10000.0
property_subgroup,vdss_lombardo,Spearman,trimole_hybrid,per_task_single,1;2;3;4;5,101;202;303;404;505,113,0.7062488636897424,0.162451624602574,0.5437972390871684,0.3414930631304088,0.7445687030915007,0.0001999800019998,10000.0,0.0004030366194149,True,molecular_weight,low_or_equal_median,356.4705,,,True,valid,10000.0
property_subgroup,vdss_lombardo,Spearman,trimole_hybrid,per_task_single,1;2;3;4;5,101;202;303;404;505,113,0.6644838129522634,0.2820970345139572,0.3823867784383062,0.1890673203426855,0.5742544449573307,0.0001999800019998,10000.0,0.0004030366194149,True,molecular_weight,above_median,356.4705,,,True,valid,10000.0
property_subgroup,vdss_lombardo,Spearman,trimole_hybrid,per_task_single,1;2;3;4;5,101;202;303;404;505,113,0.6396048593953348,0.161775444632011,0.4778294147633237,0.2927374818554643,0.6561156156710664,0.0001999800019998,10000.0,0.0004030366194149,True,clogp,low_or_equal_median,1.0012500000000002,,,True,valid,10000.0
property_subgroup,vdss_lombardo,Spearman,trimole_hybrid,per_task_single,1;2;3;4;5,101;202;303;404;505,113,0.6263837097419166,0.1971655263196321,0.4292181834222844,0.2045285147244496,0.6522971470580301,0.0001999800019998,10000.0,0.0004030366194149,True,clogp,above_median,1.0012500000000002,,,True,valid,10000.0
property_subgroup,vdss_lombardo,Spearman,trimole_hybrid,per_task_single,1;2;3;4;5,101;202;303;404;505,113,0.6879421767179926,0.1291669623476698,0.5587752143703228,0.3301206358158203,0.7800017277799591,0.0001999800019998,10000.0,0.0004030366194149,True,tpsa,low_or_equal_median,92.665,,,True,valid,10000.0
property_subgroup,vdss_lombardo,Spearman,trimole_hybrid,per_task_single,1;2;3;4;5,101;202;303;404;505,113,0.6302904347354007,0.2275526343149497,0.4027378004204509,0.2044933292155611,0.5973732999025774,0.0001999800019998,10000.0,0.0004030366194149,True,tpsa,above_median,92.665,,,True,valid,10000.0
task_paired_bootstrap,ames,AUROC,trimole_hybrid,flaml_automl,1;2;3;4;5,101;202;303;404;505,1457,0.8721925238402946,0.7689224382697919,0.1032700855705026,0.0845251149812063,0.1226859561533623,0.0001999800019998,10000.0,0.0004052226356311,True,,,,,,,,
task_paired_bootstrap,ames,AUROC,trimole_hybrid,global_single,1;2;3;4;5,101;202;303;404;505,1457,0.8721925238402946,0.7562043509761303,0.1159881728641643,0.0958990062268569,0.136997171260517,0.0001999800019998,10000.0,0.0004052226356311,True,,,,,,,,
task_paired_bootstrap,ames,AUROC,trimole_hybrid,oof_stacking,1;2;3;4;5,101;202;303;404;505,1457,0.8721925238402946,0.8287023438876815,0.043490179952613,0.0297481596750327,0.057595367773431,0.0001999800019998,10000.0,0.0004052226356311,True,,,,,,,,
task_paired_bootstrap,ames,AUROC,trimole_hybrid,per_task_single,1;2;3;4;5,101;202;303;404;505,1457,0.8721925238402946,0.8156915154007323,0.0565010084395622,0.0399984966232504,0.0732810707379038,0.0001999800019998,10000.0,0.0004052226356311,True,,,,,,,,
task_paired_bootstrap,ames,AUROC,trimole_hybrid,uniform_average,1;2;3;4;5,101;202;303;404;505,1457,0.8721925238402946,0.8234985999334234,0.0486939239068711,0.0345541784869703,0.0631393379881328,0.0001999800019998,10000.0,0.0004052226356311,True,,,,,,,,
task_paired_bootstrap,ames,AUROC,trimole_hybrid,validation_top2_average,1;2;3;4;5,101;202;303;404;505,1457,0.8721925238402946,0.8311157453641151,0.0410767784761794,0.0269050983063226,0.0554553873471844,0.0001999800019998,10000.0,0.0004052226356311,True,,,,,,,,
task_paired_bootstrap,ames,AUROC,trimole_hybrid,validation_top3_average,1;2;3;4;5,101;202;303;404;505,1457,0.8721925238402946,0.8234985999334234,0.0486939239068711,0.0344279475644856,0.0632431490040893,0.0001999800019998,10000.0,0.0004052226356311,True,,,,,,,,
task_paired_bootstrap,bbb_martins,AUROC,trimole_hybrid,flaml_automl,1,101;202;303;404;505,406,0.9281191369606004,0.8733974358974358,0.0547217010631646,0.027554647249422,0.0855248204764724,0.0001999800019998,10000.0,0.0004052226356311,True,,,,,,,,
task_paired_bootstrap,bbb_martins,AUROC,trimole_hybrid,global_single,1,101;202;303;404;505,406,0.9281191369606004,0.8072428080050031,0.1208763289555973,0.0814406486502245,0.163333245887574,0.0001999800019998,10000.0,0.0004052226356311,True,,,,,,,,
task_paired_bootstrap,bbb_martins,AUROC,trimole_hybrid,oof_stacking,1,101;202;303;404;505,406,0.9281191369606004,0.883462320200125,0.0446568167604753,0.0174919278252613,0.0766676343235324,0.0003999600039996,10000.0,0.0007511443977553,True,,,,,,,,
task_paired_bootstrap,bbb_martins,AUROC,trimole_hybrid,per_task_single,1,101;202;303;404;505,406,0.9281191369606004,0.8469160412757973,0.0812030956848031,0.0457784379260318,0.1194009513750273,0.0001999800019998,10000.0,0.0004052226356311,True,,,,,,,,
task_paired_bootstrap,bbb_martins,AUROC,trimole_hybrid,uniform_average,1,101;202;303;404;505,406,0.9281191369606004,0.8833450594121325,0.0447740775484679,0.0170417231346042,0.0758191310092788,0.0005999400059994,10000.0,0.0011131416978784,True,,,,,,,,
task_paired_bootstrap,bbb_martins,AUROC,trimole_hybrid,validation_top2_average,1,101;202;303;404;505,406,0.9281191369606004,0.8617886178861789,0.0663305190744215,0.0331741037552206,0.1035021888680424,0.0003999600039996,10000.0,0.0007511443977553,True,,,,,,,,
task_paired_bootstrap,bbb_martins,AUROC,trimole_hybrid,validation_top3_average,1,101;202;303;404;505,406,0.9281191369606004,0.8833450594121325,0.0447740775484679,0.0172779320667219,0.0766203110965447,0.0011998800119988,10000.0,0.0020997900209979,True,,,,,,,,
task_paired_bootstrap,bioavailability_ma,AUROC,trimole_hybrid,flaml_automl,101;202;303;404;505,101;202;303;404;505,128,0.7236448287329564,0.6375124709012304,0.086132357831726,-0.0003329511993204,0.1766192932497166,0.0511948805119488,10000.0,0.067384714520001,False,,,,,,,,
task_paired_bootstrap,bioavailability_ma,AUROC,trimole_hybrid,global_single,101;202;303;404;505,101;202;303;404;505,128,0.7236448287329564,0.671100764881942,0.0525440638510144,-0.0525353408350299,0.1571452811893989,0.3165683431656834,10000.0,0.3385522558855225,False,,,,,,,,
task_paired_bootstrap,bioavailability_ma,AUROC,trimole_hybrid,oof_stacking,101;202;303;404;505,101;202;303;404;505,128,0.7236448287329564,0.6875623545061522,0.0360824742268042,-0.038663885828899,0.1153992332616771,0.365963403659634,10000.0,0.3807997578620516,False,,,,,,,,
task_paired_bootstrap,bioavailability_ma,AUROC,trimole_hybrid,per_task_single,101;202;303;404;505,101;202;303;404;505,128,0.7236448287329564,0.6225473894246757,0.1010974393082807,0.0011978625259874,0.2021310868836732,0.045995400459954,10000.0,0.0610628592313182,False,,,,,,,,
task_paired_bootstrap,bioavailability_ma,AUROC,trimole_hybrid,uniform_average,101;202;303;404;505,101;202;303;404;505,128,0.7236448287329564,0.6873960758230795,0.0362487529098769,-0.0380307632992696,0.11403543080166,0.340965903409659,10000.0,0.3596489666101883,False,,,,,,,,
task_paired_bootstrap,bioavailability_ma,AUROC,trimole_hybrid,validation_top2_average,101;202;303;404;505,101;202;303;404;505,128,0.7236448287329564,0.6454938476887263,0.0781509810442301,-0.0039063722230912,0.1625853495695153,0.0647935206479352,10000.0,0.0838504384855632,False,,,,,,,,
task_paired_bootstrap,bioavailability_ma,AUROC,trimole_hybrid,validation_top3_average,101;202;303;404;505,101;202;303;404;505,128,0.7236448287329564,0.6873960758230795,0.0362487529098769,-0.035885670796385,0.1155731523378581,0.321967803219678,10000.0,0.3419520116953822,False,,,,,,,,
task_paired_bootstrap,caco2_wang,MAE,trimole_hybrid,flaml_automl,101;202;303;404;505,101;202;303;404;505,182,0.2822767510906849,0.3704277631293635,0.0881510120386785,0.0534009261291905,0.1231844109795313,0.0001999800019998,10000.0,0.0004052226356311,True,,,,,,,,
task_paired_bootstrap,caco2_wang,MAE,trimole_hybrid,global_single,101;202;303;404;505,101;202;303;404;505,182,0.2822767510906849,0.3339782071168669,0.051701456026182,0.0158940100419801,0.0873139553007859,0.0045995400459954,10000.0,0.0070832916708329,True,,,,,,,,
task_paired_bootstrap,caco2_wang,MAE,trimole_hybrid,oof_stacking,101;202;303;404;505,101;202;303;404;505,182,0.2822767510906849,0.3750400067409701,0.0927632556502852,0.0489538025943682,0.1366625787696741,0.0001999800019998,10000.0,0.0004052226356311,True,,,,,,,,
task_paired_bootstrap,caco2_wang,MAE,trimole_hybrid,per_task_single,101;202;303;404;505,101;202;303;404;505,182,0.2822767510906849,0.3339782071168669,0.051701456026182,0.0152411041024864,0.0875943945270941,0.0055994400559944,10000.0,0.0083719783361469,True,,,,,,,,
task_paired_bootstrap,caco2_wang,MAE,trimole_hybrid,uniform_average,101;202;303;404;505,101;202;303;404;505,182,0.2822767510906849,0.6101151665235414,0.3278384154328564,0.2516221085824963,0.405345451608964,0.0001999800019998,10000.0,0.0004052226356311,True,,,,,,,,
task_paired_bootstrap,caco2_wang,MAE,trimole_hybrid,validation_top2_average,101;202;303;404;505,101;202;303;404;505,182,0.2822767510906849,0.4342931651491019,0.1520164140584169,0.0967733386826162,0.2071356256674532,0.0001999800019998,10000.0,0.0004052226356311,True,,,,,,,,
task_paired_bootstrap,caco2_wang,MAE,trimole_hybrid,validation_top3_average,101;202;303;404;505,101;202;303;404;505,182,0.2822767510906849,0.6101151665235414,0.3278384154328564,0.2510638052299293,0.4047574210812845,0.0001999800019998,10000.0,0.0004052226356311,True,,,,,,,,
task_paired_bootstrap,clearance_hepatocyte_az,Spearman,trimole_hybrid,flaml_automl,1;2;3;4;5,101;202;303;404;505,243,0.2752764932449759,0.1627546365108367,0.1125218567341392,0.043614125318627,0.1824971413624051,0.0007999200079992,10000.0,0.001415950358987,True,,,,,,,,
task_paired_bootstrap,clearance_hepatocyte_az,Spearman,trimole_hybrid,global_single,1;2;3;4;5,101;202;303;404;505,243,0.2752764932449759,0.2494328237039323,0.0258436695410436,-0.0726367652276082,0.1190571260716558,0.6159384061593841,10000.0,0.6199641473761122,False,,,,,,,,
task_paired_bootstrap,clearance_hepatocyte_az,Spearman,trimole_hybrid,oof_stacking,1;2;3;4;5,101;202;303;404;505,243,0.2752764932449759,0.3402642849046622,-0.0649877916596863,-0.1524219314716851,0.0217844801558066,0.141985801419858,10000.0,0.169502429602001,False,,,,,,,,
task_paired_bootstrap,clearance_hepatocyte_az,Spearman,trimole_hybrid,per_task_single,1;2;3;4;5,101;202;303;404;505,243,0.2752764932449759,0.3302528679512532,-0.0549763747062772,-0.1776726721603382,0.0696138894004107,0.391960803919608,10000.0,0.4051138510310043,False,,,,,,,,
task_paired_bootstrap,clearance_hepatocyte_az,Spearman,trimole_hybrid,uniform_average,1;2;3;4;5,101;202;303;404;505,243,0.2752764932449759,0.3910450836839079,-0.1157685904389319,-0.218810083365327,-0.0141310239499851,0.0217978202179782,10000.0,0.0302420208429607,True,,,,,,,,
task_paired_bootstrap,clearance_hepatocyte_az,Spearman,trimole_hybrid,validation_top2_average,1;2;3;4;5,101;202;303;404;505,243,0.2752764932449759,0.3494246389429374,-0.0741481456979614,-0.1719449817813362,0.0214125619506609,0.1311868813118688,10000.0,0.1578342165783421,False,,,,,,,,
task_paired_bootstrap,clearance_hepatocyte_az,Spearman,trimole_hybrid,validation_top3_average,1;2;3;4;5,101;202;303;404;505,243,0.2752764932449759,0.3910450836839079,-0.1157685904389319,-0.2172110635105052,-0.011160657155016,0.0291970802919708,10000.0,0.0390986988257695,True,,,,,,,,
task_paired_bootstrap,clearance_microsome_az,Spearman,trimole_hybrid,flaml_automl,5;15;25;35;45,101;202;303;404;505,221,0.6443869808313402,0.5820979975256853,0.0622889833056549,0.0134994729490901,0.1171042260364679,0.0111988801119888,10000.0,0.0164250241642502,True,,,,,,,,
task_paired_bootstrap,clearance_microsome_az,Spearman,trimole_hybrid,global_single,5;15;25;35;45,101;202;303;404;505,221,0.6443869808313402,0.4882190049070579,0.1561679759242822,0.0650954120646926,0.2522784540265882,0.0003999600039996,10000.0,0.0007511443977553,True,,,,,,,,
task_paired_bootstrap,clearance_microsome_az,Spearman,trimole_hybrid,oof_stacking,5;15;25;35;45,101;202;303;404;505,221,0.6443869808313402,0.5062490715585996,0.1381379092727406,0.060857921137785,0.2176513156415984,0.0007999200079992,10000.0,0.001415950358987,True,,,,,,,,
task_paired_bootstrap,clearance_microsome_az,Spearman,trimole_hybrid,per_task_single,5;15;25;35;45,101;202;303;404;505,221,0.6443869808313402,0.3076166726578927,0.3367703081734474,0.219913073632832,0.4561537013118491,0.0001999800019998,10000.0,0.0004052226356311,True,,,,,,,,
task_paired_bootstrap,clearance_microsome_az,Spearman,trimole_hybrid,uniform_average,5;15;25;35;45,101;202;303;404;505,221,0.6443869808313402,0.4761660101665623,0.1682209706647778,0.0785899596400523,0.2591578493708132,0.0001999800019998,10000.0,0.0004052226356311,True,,,,,,,,
task_paired_bootstrap,clearance_microsome_az,Spearman,trimole_hybrid,validation_top2_average,5;15;25;35;45,101;202;303;404;505,221,0.6443869808313402,0.4731817350264876,0.1712052458048525,0.0890869478552459,0.2565018699763576,0.0001999800019998,10000.0,0.0004052226356311,True,,,,,,,,
task_paired_bootstrap,clearance_microsome_az,Spearman,trimole_hybrid,validation_top3_average,5;15;25;35;45,101;202;303;404;505,221,0.6443869808313402,0.4761660101665623,0.1682209706647778,0.0786252412749015,0.2597274058822297,0.0003999600039996,10000.0,0.0007511443977553,True,,,,,,,,
task_paired_bootstrap,cyp2c9_substrate_carbonmangels,AUPRC,trimole_hybrid,flaml_automl,101;202;303;404;505,101;202;303;404;505,135,0.4337916436260892,0.388586303340579,0.0452053402855102,-0.028211559050246,0.1441739106427209,0.2273772622737726,10000.0,0.2519143769076329,False,,,,,,,,
task_paired_bootstrap,cyp2c9_substrate_carbonmangels,AUPRC,trimole_hybrid,global_single,101;202;303;404;505,101;202;303;404;505,135,0.4337916436260892,0.3421783263034493,0.0916133173226398,-0.0123266536166029,0.2461035433880877,0.080991900809919,10000.0,0.1014044936969717,False,,,,,,,,
task_paired_bootstrap,cyp2c9_substrate_carbonmangels,AUPRC,trimole_hybrid,oof_stacking,101;202;303;404;505,101;202;303;404;505,135,0.4337916436260892,0.3683254484707282,0.0654661951553609,-0.0186054822912557,0.1710976773453435,0.1267873212678732,10000.0,0.1537421061043501,False,,,,,,,,
task_paired_bootstrap,cyp2c9_substrate_carbonmangels,AUPRC,trimole_hybrid,per_task_single,101;202;303;404;505,101;202;303;404;505,135,0.4337916436260892,0.3692722207882201,0.0645194228378691,-0.014126056413595,0.1819192997117745,0.0985901409859014,10000.0,0.1204990612049906,False,,,,,,,,
task_paired_bootstrap,cyp2c9_substrate_carbonmangels,AUPRC,trimole_hybrid,uniform_average,101;202;303;404;505,101;202;303;404;505,135,0.4337916436260892,0.3728149518278469,0.0609766917982422,-0.0309292343775986,0.1740413361628522,0.1953804619538046,10000.0,0.2245417249319844,False,,,,,,,,
task_paired_bootstrap,cyp2c9_substrate_carbonmangels,AUPRC,trimole_hybrid,validation_top2_average,101;202;303;404;505,101;202;303;404;505,135,0.4337916436260892,0.3985476397442976,0.0352440038817915,-0.0606651879175953,0.1577739836101257,0.4077592240775922,10000.0,0.418632803386328,False,,,,,,,,
task_paired_bootstrap,cyp2c9_substrate_carbonmangels,AUPRC,trimole_hybrid,validation_top3_average,101;202;303;404;505,101;202;303;404;505,135,0.4337916436260892,0.3728149518278469,0.0609766917982422,-0.0284249782243805,0.1766030202176658,0.1891810818918108,10000.0,0.219051779032623,False,,,,,,,,
task_paired_bootstrap,cyp2c9_veith,AUPRC,trimole_hybrid,flaml_automl,101;202;303;404;505,101;202;303;404;505,2419,0.7924603312313264,0.7294530106191107,0.0630073206122157,0.0409649696925756,0.0854979276199856,0.0001999800019998,10000.0,0.0004052226356311,True,,,,,,,,
task_paired_bootstrap,cyp2c9_veith,AUPRC,trimole_hybrid,global_single,101;202;303;404;505,101;202;303;404;505,2419,0.7924603312313264,0.6831777082859917,0.1092826229453347,0.079921911383981,0.1381497777237867,0.0001999800019998,10000.0,0.0004052226356311,True,,,,,,,,
task_paired_bootstrap,cyp2c9_veith,AUPRC,trimole_hybrid,oof_stacking,101;202;303;404;505,101;202;303;404;505,2419,0.7924603312313264,0.7567286357677394,0.035731695463587,0.012962777650154,0.0589362754912312,0.0025997400259974,10000.0,0.0042591485532297,True,,,,,,,,
task_paired_bootstrap,cyp2c9_veith,AUPRC,trimole_hybrid,per_task_single,101;202;303;404;505,101;202;303;404;505,2419,0.7924603312313264,0.6831777082859917,0.1092826229453347,0.0801153363887652,0.1384658419412741,0.0001999800019998,10000.0,0.0004052226356311,True,,,,,,,,
task_paired_bootstrap,cyp2c9_veith,AUPRC,trimole_hybrid,uniform_average,101;202;303;404;505,101;202;303;404;505,2419,0.7924603312313264,0.7609358624012753,0.0315244688300511,0.0091432734641733,0.053524796195675,0.005999400059994,10000.0,0.0088837270119141,True,,,,,,,,
task_paired_bootstrap,cyp2c9_veith,AUPRC,trimole_hybrid,validation_top2_average,101;202;303;404;505,101;202;303;404;505,2419,0.7924603312313264,0.7453181382572245,0.0471421929741019,0.0216928189629508,0.073186506879045,0.0003999600039996,10000.0,0.0007511443977553,True,,,,,,,,
task_paired_bootstrap,cyp2c9_veith,AUPRC,trimole_hybrid,validation_top3_average,101;202;303;404;505,101;202;303;404;505,2419,0.7924603312313264,0.7609358624012753,0.0315244688300511,0.0092286327283574,0.0538073407459101,0.004999500049995,10000.0,0.007548264781365,True,,,,,,,,
task_paired_bootstrap,cyp2d6_substrate_carbonmangels,AUPRC,trimole_hybrid,flaml_automl,5;15;25;35;45,101;202;303;404;505,135,0.7477083497822772,0.5739522076465255,0.1737561421357516,0.0702440398399942,0.2690406463373644,0.0013998600139986,10000.0,0.0023432439364759,True,,,,,,,,
task_paired_bootstrap,cyp2d6_substrate_carbonmangels,AUPRC,trimole_hybrid,global_single,5;15;25;35;45,101;202;303;404;505,135,0.7477083497822772,0.471018380589588,0.2766899691926891,0.1875517446821473,0.366889955577554,0.0001999800019998,10000.0,0.0004052226356311,True,,,,,,,,
task_paired_bootstrap,cyp2d6_substrate_carbonmangels,AUPRC,trimole_hybrid,oof_stacking,5;15;25;35;45,101;202;303;404;505,135,0.7477083497822772,0.5874883148017519,0.1602200349805252,0.0642904923292189,0.2454615643426067,0.0013998600139986,10000.0,0.0023432439364759,True,,,,,,,,
task_paired_bootstrap,cyp2d6_substrate_carbonmangels,AUPRC,trimole_hybrid,per_task_single,5;15;25;35;45,101;202;303;404;505,135,0.7477083497822772,0.5208769902622983,0.2268313595199789,0.1418950630568142,0.312624446901775,0.0001999800019998,10000.0,0.0004052226356311,True,,,,,,,,
task_paired_bootstrap,cyp2d6_substrate_carbonmangels,AUPRC,trimole_hybrid,uniform_average,5;15;25;35;45,101;202;303;404;505,135,0.7477083497822772,0.5730487285565419,0.1746596212257353,0.0809603547961577,0.2644753056230925,0.0007999200079992,10000.0,0.001415950358987,True,,,,,,,,
task_paired_bootstrap,cyp2d6_substrate_carbonmangels,AUPRC,trimole_hybrid,validation_top2_average,5;15;25;35;45,101;202;303;404;505,135,0.7477083497822772,0.5552968277944652,0.1924115219878119,0.113490143225075,0.2698508610132393,0.0001999800019998,10000.0,0.0004052226356311,True,,,,,,,,
task_paired_bootstrap,cyp2d6_substrate_carbonmangels,AUPRC,trimole_hybrid,validation_top3_average,5;15;25;35;45,101;202;303;404;505,135,0.7477083497822772,0.5730487285565419,0.1746596212257353,0.0800434811381804,0.2631675551724622,0.0007999200079992,10000.0,0.001415950358987,True,,,,,,,,
task_paired_bootstrap,cyp2d6_veith,AUPRC,trimole_hybrid,flaml_automl,1;2;3;4;5,101;202;303;404;505,2626,0.7225503496933187,0.6885589533085443,0.0339913963847743,0.0186431844340586,0.0495936112763037,0.0001999800019998,10000.0,0.0004052226356311,True,,,,,,,,
task_paired_bootstrap,cyp2d6_veith,AUPRC,trimole_hybrid,global_single,1;2;3;4;5,101;202;303;404;505,2626,0.7225503496933187,0.5251541228990313,0.1973962267942873,0.1646459752027393,0.2308251042832948,0.0001999800019998,10000.0,0.0004052226356311,True,,,,,,,,
task_paired_bootstrap,cyp2d6_veith,AUPRC,trimole_hybrid,oof_stacking,1;2;3;4;5,101;202;303;404;505,2626,0.7225503496933187,0.6598767356488154,0.0626736140445032,0.0360352698681705,0.0891616823357249,0.0001999800019998,10000.0,0.0004052226356311,True,,,,,,,,
task_paired_bootstrap,cyp2d6_veith,AUPRC,trimole_hybrid,per_task_single,1;2;3;4;5,101;202;303;404;505,2626,0.7225503496933187,0.5251541228990313,0.1973962267942873,0.1644439548296172,0.2308695399487116,0.0001999800019998,10000.0,0.0004052226356311,True,,,,,,,,
task_paired_bootstrap,cyp2d6_veith,AUPRC,trimole_hybrid,uniform_average,1;2;3;4;5,101;202;303;404;505,2626,0.7225503496933187,0.6482221707217592,0.0743281789715594,0.0472046239671012,0.1013488647363648,0.0001999800019998,10000.0,0.0004052226356311,True,,,,,,,,
task_paired_bootstrap,cyp2d6_veith,AUPRC,trimole_hybrid,validation_top2_average,1;2;3;4;5,101;202;303;404;505,2626,0.7225503496933187,0.6500381865658349,0.0725121631274837,0.0466138042774536,0.0992552895114001,0.0001999800019998,10000.0,0.0004052226356311,True,,,,,,,,
task_paired_bootstrap,cyp2d6_veith,AUPRC,trimole_hybrid,validation_top3_average,1;2;3;4;5,101;202;303;404;505,2626,0.7225503496933187,0.6482221707217592,0.0743281789715594,0.0471300031433784,0.1013804737581579,0.0001999800019998,10000.0,0.0004052226356311,True,,,,,,,,
task_paired_bootstrap,cyp3a4_substrate_carbonmangels,AUROC,trimole_hybrid,flaml_automl,1;2;3;4;5,101;202;303;404;505,135,0.6653481012658229,0.6570976491862568,0.008250452079566,-0.056270508916778,0.0732978851665554,0.7841215878412159,10000.0,0.7841215878412159,False,,,,,,,,
task_paired_bootstrap,cyp3a4_substrate_carbonmangels,AUROC,trimole_hybrid,global_single,1;2;3;4;5,101;202;303;404;505,135,0.6653481012658229,0.6210443037974684,0.0443037974683544,-0.0426274504138797,0.128012303080795,0.3013698630136986,10000.0,0.3285727765251643,False,,,,,,,,
task_paired_bootstrap,cyp3a4_substrate_carbonmangels,AUROC,trimole_hybrid,oof_stacking,1;2;3;4;5,101;202;303;404;505,135,0.6653481012658229,0.6282775768535263,0.0370705244122966,-0.0368350448852477,0.1104222688254859,0.3157684231576842,10000.0,0.3385522558855225,False,,,,,,,,
task_paired_bootstrap,cyp3a4_substrate_carbonmangels,AUROC,trimole_hybrid,per_task_single,1;2;3;4;5,101;202;303;404;505,135,0.6653481012658229,0.6210443037974684,0.0443037974683544,-0.0393092473649539,0.1268718670806483,0.302969703029697,10000.0,0.3285727765251643,False,,,,,,,,
task_paired_bootstrap,cyp3a4_substrate_carbonmangels,AUROC,trimole_hybrid,uniform_average,1;2;3;4;5,101;202;303;404;505,135,0.6653481012658229,0.6184448462929476,0.0469032549728752,-0.0264732964615136,0.1195380809940174,0.2067793220677932,10000.0,0.230976902309769,False,,,,,,,,
task_paired_bootstrap,cyp3a4_substrate_carbonmangels,AUROC,trimole_hybrid,validation_top2_average,1;2;3;4;5,101;202;303;404;505,135,0.6653481012658229,0.621496383363472,0.0438517179023508,-0.0323239300783605,0.1211596266021189,0.258974102589741,10000.0,0.2848715128487151,False,,,,,,,,
task_paired_bootstrap,cyp3a4_substrate_carbonmangels,AUROC,trimole_hybrid,validation_top3_average,1;2;3;4;5,101;202;303;404;505,135,0.6653481012658229,0.6184448462929476,0.0469032549728752,-0.0263552840123391,0.1216150870406188,0.206979302069793,10000.0,0.230976902309769,False,,,,,,,,
task_paired_bootstrap,cyp3a4_veith,AUPRC,trimole_hybrid,flaml_automl,1;2;3;4;5,101;202;303;404;505,2467,0.8859402823062066,0.8603646362082978,0.0255756460979087,0.0182412210060761,0.0330611450891245,0.0001999800019998,10000.0,0.0004052226356311,True,,,,,,,,
task_paired_bootstrap,cyp3a4_veith,AUPRC,trimole_hybrid,global_single,1;2;3;4;5,101;202;303;404;505,2467,0.8859402823062066,0.7651838120437308,0.1207564702624758,0.1015622748667238,0.140317630336992,0.0001999800019998,10000.0,0.0004052226356311,True,,,,,,,,
task_paired_bootstrap,cyp3a4_veith,AUPRC,trimole_hybrid,oof_stacking,1;2;3;4;5,101;202;303;404;505,2467,0.8859402823062066,0.8342480059882073,0.0516922763179993,0.038820873217643,0.0649647439410935,0.0001999800019998,10000.0,0.0004052226356311,True,,,,,,,,
task_paired_bootstrap,cyp3a4_veith,AUPRC,trimole_hybrid,per_task_single,1;2;3;4;5,101;202;303;404;505,2467,0.8859402823062066,0.7651838120437308,0.1207564702624758,0.1012868425374642,0.1393823024184799,0.0001999800019998,10000.0,0.0004052226356311,True,,,,,,,,
task_paired_bootstrap,cyp3a4_veith,AUPRC,trimole_hybrid,uniform_average,1;2;3;4;5,101;202;303;404;505,2467,0.8859402823062066,0.829802959797753,0.0561373225084536,0.0430579918509381,0.0696648337816386,0.0001999800019998,10000.0,0.0004052226356311,True,,,,,,,,
task_paired_bootstrap,cyp3a4_veith,AUPRC,trimole_hybrid,validation_top2_average,1;2;3;4;5,101;202;303;404;505,2467,0.8859402823062066,0.8252926037982878,0.0606476785079187,0.0460189170957713,0.0758082442361976,0.0001999800019998,10000.0,0.0004052226356311,True,,,,,,,,
task_paired_bootstrap,cyp3a4_veith,AUPRC,trimole_hybrid,validation_top3_average,1;2;3;4;5,101;202;303;404;505,2467,0.8859402823062066,0.829802959797753,0.0561373225084536,0.0431567599502409,0.0696681452595333,0.0001999800019998,10000.0,0.0004052226356311,True,,,,,,,,
task_paired_bootstrap,dili,AUROC,trimole_hybrid,flaml_automl,1;2;3;4;5,101;202;303;404;505,96,0.9117391304347826,0.8852173913043477,0.0265217391304348,-0.0133037694013303,0.0701762084016536,0.2027797220277972,10000.0,0.230976902309769,False,,,,,,,,
task_paired_bootstrap,dili,AUROC,trimole_hybrid,global_single,1;2;3;4;5,101;202;303;404;505,96,0.9117391304347826,0.7869565217391306,0.124782608695652,0.0445906565431591,0.2065388461371244,0.0021997800219978,10000.0,0.0036426464880393,True,,,,,,,,
task_paired_bootstrap,dili,AUROC,trimole_hybrid,oof_stacking,1;2;3;4;5,101;202;303;404;505,96,0.9117391304347826,0.8891304347826087,0.0226086956521739,-0.0254934101300094,0.0727746212121211,0.3493650634936506,10000.0,0.3660014950885863,False,,,,,,,,
task_paired_bootstrap,dili,AUROC,trimole_hybrid,per_task_single,1;2;3;4;5,101;202;303;404;505,96,0.9117391304347826,0.7869565217391306,0.124782608695652,0.0453720275202595,0.2091309320829782,0.0013998600139986,10000.0,0.0023432439364759,True,,,,,,,,
task_paired_bootstrap,dili,AUROC,trimole_hybrid,uniform_average,1;2;3;4;5,101;202;303;404;505,96,0.9117391304347826,0.8710869565217391,0.0406521739130435,-0.0037528280411672,0.089597902097902,0.0791920807919208,10000.0,0.0999637741143918,False,,,,,,,,
task_paired_bootstrap,dili,AUROC,trimole_hybrid,validation_top2_average,1;2;3;4;5,101;202;303;404;505,96,0.9117391304347826,0.8760869565217391,0.0356521739130435,-0.0150714379190627,0.0860324399884315,0.1617838216178382,10000.0,0.1901886147263136,False,,,,,,,,
task_paired_bootstrap,dili,AUROC,trimole_hybrid,validation_top3_average,1;2;3;4;5,101;202;303;404;505,96,0.9117391304347826,0.8710869565217391,0.0406521739130435,-0.0056823791335912,0.0903190980514546,0.0843915608439156,10000.0,0.1042167783221677,False,,,,,,,,
task_paired_bootstrap,half_life_obach,Spearman,trimole_hybrid,flaml_automl,1;2;3;4;5,101;202;303;404;505,135,0.4924114680920759,0.2506964849216157,0.2417149831704602,0.0955964360604739,0.3930322716052803,0.002999700029997,10000.0,0.0048120187981201,True,,,,,,,,
task_paired_bootstrap,half_life_obach,Spearman,trimole_hybrid,global_single,1;2;3;4;5,101;202;303;404;505,135,0.4924114680920759,0.2793284797358358,0.21308298835624,0.0452769501475052,0.383597982006685,0.0121987801219878,10000.0,0.0177227560262841,True,,,,,,,,
task_paired_bootstrap,half_life_obach,Spearman,trimole_hybrid,oof_stacking,1;2;3;4;5,101;202;303;404;505,135,0.4924114680920759,0.2479889965217587,0.2444224715703172,0.0687091238812042,0.4195734201382682,0.004999500049995,10000.0,0.007548264781365,True,,,,,,,,
task_paired_bootstrap,half_life_obach,Spearman,trimole_hybrid,per_task_single,1;2;3;4;5,101;202;303;404;505,135,0.4924114680920759,0.2793284797358358,0.21308298835624,0.0461276290895738,0.3784670037761957,0.0127987201279872,10000.0,0.0184205878477572,True,,,,,,,,
task_paired_bootstrap,half_life_obach,Spearman,trimole_hybrid,uniform_average,1;2;3;4;5,101;202;303;404;505,135,0.4924114680920759,0.259284283840958,0.2331271842511179,0.0488619280554049,0.4213642148793396,0.0133986601339866,10000.0,0.0191054968577216,True,,,,,,,,
task_paired_bootstrap,half_life_obach,Spearman,trimole_hybrid,validation_top2_average,1;2;3;4;5,101;202;303;404;505,135,0.4924114680920759,0.1088918381268949,0.3835196299651809,0.1917773542018212,0.5715919620222478,0.0001999800019998,10000.0,0.0004052226356311,True,,,,,,,,
task_paired_bootstrap,half_life_obach,Spearman,trimole_hybrid,validation_top3_average,1;2;3;4;5,101;202;303;404;505,135,0.4924114680920759,0.259284283840958,0.2331271842511179,0.044458944298954,0.4184498773083248,0.017998200179982,10000.0,0.0254286497955709,True,,,,,,,,
task_paired_bootstrap,herg,AUROC,trimole_hybrid,flaml_automl,101;202;303;404;505,101;202;303;404;505,132,0.8622974963181148,0.8522827687776142,0.0100147275405005,-0.0246923429213019,0.0457137805190946,0.5609439056094391,10000.0,0.5683247464727211,False,,,,,,,,
task_paired_bootstrap,herg,AUROC,trimole_hybrid,global_single,101;202;303;404;505,101;202;303;404;505,132,0.8622974963181148,0.7269513991163477,0.1353460972017671,0.0653892846887224,0.2076840320676083,0.0001999800019998,10000.0,0.0004052226356311,True,,,,,,,,
task_paired_bootstrap,herg,AUROC,trimole_hybrid,oof_stacking,101;202;303;404;505,101;202;303;404;505,132,0.8622974963181148,0.7952871870397643,0.0670103092783505,0.0082640144341139,0.1313733915441176,0.0265973402659734,10000.0,0.0359297403592974,True,,,,,,,,
task_paired_bootstrap,herg,AUROC,trimole_hybrid,per_task_single,101;202;303;404;505,101;202;303;404;505,132,0.8622974963181148,0.7269513991163477,0.1353460972017671,0.06624609375,0.2096724911078978,0.0003999600039996,10000.0,0.0007511443977553,True,,,,,,,,
task_paired_bootstrap,herg,AUROC,trimole_hybrid,uniform_average,101;202;303;404;505,101;202;303;404;505,132,0.8622974963181148,0.7932253313696613,0.0690721649484534,0.0082890418320104,0.1331018518518517,0.0263973602639736,10000.0,0.0359297403592974,True,,,,,,,,
task_paired_bootstrap,herg,AUROC,trimole_hybrid,validation_top2_average,101;202;303;404;505,101;202;303;404;505,132,0.8622974963181148,0.7522827687776141,0.1100147275405006,0.0362733907996188,0.185893136989386,0.0037996200379962,10000.0,0.0060323864520764,True,,,,,,,,
task_paired_bootstrap,herg,AUROC,trimole_hybrid,validation_top3_average,101;202;303;404;505,101;202;303;404;505,132,0.8622974963181148,0.7932253313696613,0.0690721649484534,0.0084030923891606,0.135602979367539,0.0253974602539746,10000.0,0.034921507849215,True,,,,,,,,
task_paired_bootstrap,hia_hou,AUROC,trimole_hybrid,flaml_automl,1;2;3;4;5,101;202;303;404;505,117,0.994238683127572,0.9728395061728394,0.0213991769547325,0.0026252323950552,0.0469146238377008,0.0197980201979802,10000.0,0.0277172282771722,True,,,,,,,,
task_paired_bootstrap,hia_hou,AUROC,trimole_hybrid,global_single,1;2;3;4;5,101;202;303;404;505,117,0.994238683127572,0.781275720164609,0.212962962962963,0.1298692613970391,0.3047870229898473,0.0001999800019998,10000.0,0.0004052226356311,True,,,,,,,,
task_paired_bootstrap,hia_hou,AUROC,trimole_hybrid,oof_stacking,1;2;3;4;5,101;202;303;404;505,117,0.994238683127572,0.9806584362139918,0.0135802469135801,-0.0004483913242418,0.0339786277311572,0.0631936806319368,10000.0,0.0824731086213412,False,,,,,,,,
task_paired_bootstrap,hia_hou,AUROC,trimole_hybrid,per_task_single,1;2;3;4;5,101;202;303;404;505,117,0.994238683127572,0.9469135802469136,0.0473251028806585,0.0182578486450759,0.0811496196111579,0.0001999800019998,10000.0,0.0004052226356311,True,,,,,,,,
task_paired_bootstrap,hia_hou,AUROC,trimole_hybrid,uniform_average,1;2;3;4;5,101;202;303;404;505,117,0.994238683127572,0.96440329218107,0.029835390946502,0.0078369905956113,0.0610825862841775,0.0027997200279972,10000.0,0.0045384935190691,True,,,,,,,,
task_paired_bootstrap,hia_hou,AUROC,trimole_hybrid,validation_top2_average,1;2;3;4;5,101;202;303;404;505,117,0.994238683127572,0.95,0.044238683127572,0.0117243392572339,0.0844127146073739,0.0043995600439956,10000.0,0.0068437600684376,True,,,,,,,,
task_paired_bootstrap,hia_hou,AUROC,trimole_hybrid,validation_top3_average,1;2;3;4;5,101;202;303;404;505,117,0.994238683127572,0.96440329218107,0.029835390946502,0.0074072360982629,0.061054579093432,0.003999600039996,10000.0,0.0062850857771365,True,,,,,,,,
task_paired_bootstrap,ld50_zhu,MAE,trimole_hybrid,flaml_automl,101;202;303;404;505,101;202;303;404;505,1478,0.6015166973667635,0.647455489310909,0.0459387919441455,0.0355815638151322,0.0562302205934441,0.0001999800019998,10000.0,0.0004052226356311,True,,,,,,,,
task_paired_bootstrap,ld50_zhu,MAE,trimole_hybrid,global_single,101;202;303;404;505,101;202;303;404;505,1478,0.6015166973667635,0.6739934812759999,0.0724767839092364,0.0532257321365953,0.0926123508821644,0.0001999800019998,10000.0,0.0004052226356311,True,,,,,,,,
task_paired_bootstrap,ld50_zhu,MAE,trimole_hybrid,oof_stacking,101;202;303;404;505,101;202;303;404;505,1478,0.6015166973667635,0.6084140149926648,0.0068973176259012,-0.0101345447430207,0.0238849789505603,0.4315568443155684,10000.0,0.4401308213549506,False,,,,,,,,
task_paired_bootstrap,ld50_zhu,MAE,trimole_hybrid,per_task_single,101;202;303;404;505,101;202;303;404;505,1478,0.6015166973667635,0.7653379705278089,0.1638212731610454,0.1417417306239453,0.186344310664453,0.0001999800019998,10000.0,0.0004052226356311,True,,,,,,,,
task_paired_bootstrap,ld50_zhu,MAE,trimole_hybrid,uniform_average,101;202;303;404;505,101;202;303;404;505,1478,0.6015166973667635,0.6134245111354041,0.0119078137686405,-0.0050328299166709,0.0288018901599653,0.1687831216878312,10000.0,0.1969136419691364,False,,,,,,,,
task_paired_bootstrap,ld50_zhu,MAE,trimole_hybrid,validation_top2_average,101;202;303;404;505,101;202;303;404;505,1478,0.6015166973667635,0.6787262188943055,0.077209521527542,0.0609221920480423,0.0940235043005063,0.0001999800019998,10000.0,0.0004052226356311,True,,,,,,,,
task_paired_bootstrap,ld50_zhu,MAE,trimole_hybrid,validation_top3_average,101;202;303;404;505,101;202;303;404;505,1478,0.6015166973667635,0.6134245111354041,0.0119078137686405,-0.0049138944125411,0.0285150231868605,0.1543845615438456,10000.0,0.1828863267519401,False,,,,,,,,
task_paired_bootstrap,lipophilicity_astrazeneca,MAE,trimole_hybrid,flaml_automl,1;2;3;4;5,101;202;303;404;505,840,0.4700457613252988,0.6074920223193199,0.137446260994021,0.1134235212407126,0.1615460228999425,0.0001999800019998,10000.0,0.0004052226356311,True,,,,,,,,
task_paired_bootstrap,lipophilicity_astrazeneca,MAE,trimole_hybrid,global_single,1;2;3;4;5,101;202;303;404;505,840,0.4700457613252988,0.7503387817484993,0.2802930204232005,0.2434720971947937,0.3173622770576453,0.0001999800019998,10000.0,0.0004052226356311,True,,,,,,,,
task_paired_bootstrap,lipophilicity_astrazeneca,MAE,trimole_hybrid,oof_stacking,1;2;3;4;5,101;202;303;404;505,840,0.4700457613252988,0.5723090284474419,0.102263267122143,0.0769405604197415,0.1280952203347376,0.0001999800019998,10000.0,0.0004052226356311,True,,,,,,,,
task_paired_bootstrap,lipophilicity_astrazeneca,MAE,trimole_hybrid,per_task_single,1;2;3;4;5,101;202;303;404;505,840,0.4700457613252988,0.7503387817484993,0.2802930204232005,0.2434461548272504,0.317478688502614,0.0001999800019998,10000.0,0.0004052226356311,True,,,,,,,,
task_paired_bootstrap,lipophilicity_astrazeneca,MAE,trimole_hybrid,uniform_average,1;2;3;4;5,101;202;303;404;505,840,0.4700457613252988,0.5906399495639498,0.1205941882386509,0.0951298788333764,0.1467269010805366,0.0001999800019998,10000.0,0.0004052226356311,True,,,,,,,,
task_paired_bootstrap,lipophilicity_astrazeneca,MAE,trimole_hybrid,validation_top2_average,1;2;3;4;5,101;202;303;404;505,840,0.4700457613252988,0.5783100636260851,0.1082643023007862,0.0814836734941932,0.1351645975656938,0.0001999800019998,10000.0,0.0004052226356311,True,,,,,,,,
task_paired_bootstrap,lipophilicity_astrazeneca,MAE,trimole_hybrid,validation_top3_average,1;2;3;4;5,101;202;303;404;505,840,0.4700457613252988,0.5906399495639498,0.1205941882386509,0.094374109172462,0.1476936430096727,0.0001999800019998,10000.0,0.0004052226356311,True,,,,,,,,
task_paired_bootstrap,pgp_broccatelli,AUROC,trimole_hybrid,flaml_automl,1;2;3;4;5,101;202;303;404;505,245,0.9393495067981872,0.9044921354305518,0.0348573713676352,0.0136213860544217,0.0579770754183313,0.0013998600139986,10000.0,0.0023432439364759,True,,,,,,,,
task_paired_bootstrap,pgp_broccatelli,AUROC,trimole_hybrid,global_single,1;2;3;4;5,101;202;303;404;505,245,0.9393495067981872,0.8559717408691014,0.0833777659290856,0.0470183373349339,0.1210906174819567,0.0001999800019998,10000.0,0.0004052226356311,True,,,,,,,,
task_paired_bootstrap,pgp_broccatelli,AUROC,trimole_hybrid,oof_stacking,1;2;3;4;5,101;202;303;404;505,245,0.9393495067981872,0.9204878699013596,0.0188616368968274,-0.0013012144668357,0.0409368006420618,0.0665933406659334,10000.0,0.0854614538546145,False,,,,,,,,
task_paired_bootstrap,pgp_broccatelli,AUROC,trimole_hybrid,per_task_single,1;2;3;4;5,101;202;303;404;505,245,0.9393495067981872,0.8559717408691014,0.0833777659290856,0.0469804801835433,0.121469558364496,0.0001999800019998,10000.0,0.0004052226356311,True,,,,,,,,
task_paired_bootstrap,pgp_broccatelli,AUROC,trimole_hybrid,uniform_average,1;2;3;4;5,101;202;303;404;505,245,0.9393495067981872,0.921620901093042,0.0177286057051451,-0.0021991276803062,0.0394671051579369,0.0845915408459154,10000.0,0.1042167783221677,False,,,,,,,,
task_paired_bootstrap,pgp_broccatelli,AUROC,trimole_hybrid,validation_top2_average,1;2;3;4;5,101;202;303;404;505,245,0.9393495067981872,0.9279192215409224,0.0114302852572646,-0.0059342512142471,0.0301343830595899,0.2045795420457954,10000.0,0.230976902309769,False,,,,,,,,
task_paired_bootstrap,pgp_broccatelli,AUROC,trimole_hybrid,validation_top3_average,1;2;3;4;5,101;202;303;404;505,245,0.9393495067981872,0.921620901093042,0.0177286057051451,-0.0017007313742805,0.0393409614548913,0.0781921807819218,10000.0,0.0995173209951732,False,,,,,,,,
task_paired_bootstrap,ppbr_az,MAE,trimole_hybrid,flaml_automl,5;15;25;35;45,101;202;303;404;505,559,7.302493154145781,9.813731731772886,2.511238577627106,1.9228337379835376,3.123194623112639,0.0001999800019998,10000.0,0.0004052226356311,True,,,,,,,,
task_paired_bootstrap,ppbr_az,MAE,trimole_hybrid,global_single,5;15;25;35;45,101;202;303;404;505,559,7.302493154145781,10.913706857752928,3.611213703607147,2.9165026319646032,4.316303006845402,0.0001999800019998,10000.0,0.0004052226356311,True,,,,,,,,
task_paired_bootstrap,ppbr_az,MAE,trimole_hybrid,oof_stacking,5;15;25;35;45,101;202;303;404;505,559,7.302493154145781,9.723047479209626,2.4205543250638453,1.8334867674905704,3.0219397594361737,0.0001999800019998,10000.0,0.0004052226356311,True,,,,,,,,
task_paired_bootstrap,ppbr_az,MAE,trimole_hybrid,per_task_single,5;15;25;35;45,101;202;303;404;505,559,7.302493154145781,10.913706857752928,3.611213703607147,2.9305675723904048,4.303758205544028,0.0001999800019998,10000.0,0.0004052226356311,True,,,,,,,,
task_paired_bootstrap,ppbr_az,MAE,trimole_hybrid,uniform_average,5;15;25;35;45,101;202;303;404;505,559,7.302493154145781,10.859623091714184,3.557129937568403,2.8637107005786437,4.274693186392829,0.0001999800019998,10000.0,0.0004052226356311,True,,,,,,,,
task_paired_bootstrap,ppbr_az,MAE,trimole_hybrid,validation_top2_average,5;15;25;35;45,101;202;303;404;505,559,7.302493154145781,11.706326236486008,4.403833082340228,3.6433543130610064,5.189733605826438,0.0001999800019998,10000.0,0.0004052226356311,True,,,,,,,,
task_paired_bootstrap,ppbr_az,MAE,trimole_hybrid,validation_top3_average,5;15;25;35;45,101;202;303;404;505,559,7.302493154145781,10.859623091714184,3.557129937568403,2.861405250901428,4.265711599715034,0.0001999800019998,10000.0,0.0004052226356311,True,,,,,,,,
task_paired_bootstrap,solubility_aqsoldb,MAE,trimole_hybrid,flaml_automl,1;2;3;4;5,101;202;303;404;505,1995,0.7384045027904576,0.8897844140261904,0.1513799112357328,0.1323292038463787,0.1708233012547678,0.0001999800019998,10000.0,0.0004052226356311,True,,,,,,,,
task_paired_bootstrap,solubility_aqsoldb,MAE,trimole_hybrid,global_single,1;2;3;4;5,101;202;303;404;505,1995,0.7384045027904576,0.9068635531114876,0.1684590503210299,0.1420348905413819,0.1958905262987994,0.0001999800019998,10000.0,0.0004052226356311,True,,,,,,,,
task_paired_bootstrap,solubility_aqsoldb,MAE,trimole_hybrid,oof_stacking,1;2;3;4;5,101;202;303;404;505,1995,0.7384045027904576,0.8174399354692102,0.0790354326787526,0.0567940543226773,0.1009563762864789,0.0001999800019998,10000.0,0.0004052226356311,True,,,,,,,,
task_paired_bootstrap,solubility_aqsoldb,MAE,trimole_hybrid,per_task_single,1;2;3;4;5,101;202;303;404;505,1995,0.7384045027904576,0.9068635531114876,0.1684590503210299,0.1416788652221457,0.1952661632639814,0.0001999800019998,10000.0,0.0004052226356311,True,,,,,,,,
task_paired_bootstrap,solubility_aqsoldb,MAE,trimole_hybrid,uniform_average,1;2;3;4;5,101;202;303;404;505,1995,0.7384045027904576,0.8405002501636062,0.1020957473731486,0.0795953404957041,0.1248032269958404,0.0001999800019998,10000.0,0.0004052226356311,True,,,,,,,,
task_paired_bootstrap,solubility_aqsoldb,MAE,trimole_hybrid,validation_top2_average,1;2;3;4;5,101;202;303;404;505,1995,0.7384045027904576,0.9535463483841978,0.2151418455937402,0.1882302541351534,0.2420911871939226,0.0001999800019998,10000.0,0.0004052226356311,True,,,,,,,,
task_paired_bootstrap,solubility_aqsoldb,MAE,trimole_hybrid,validation_top3_average,1;2;3;4;5,101;202;303;404;505,1995,0.7384045027904576,0.8405002501636062,0.1020957473731486,0.0794084391834061,0.1245994055458444,0.0001999800019998,10000.0,0.0004052226356311,True,,,,,,,,
task_paired_bootstrap,vdss_lombardo,Spearman,trimole_hybrid,flaml_automl,1;2;3;4;5,101;202;303;404;505,226,0.6821077368058727,0.440417727967121,0.2416900088387516,0.1428305430835683,0.3454916428002743,0.0001999800019998,10000.0,0.0004052226356311,True,,,,,,,,
task_paired_bootstrap,vdss_lombardo,Spearman,trimole_hybrid,global_single,1;2;3;4;5,101;202;303;404;505,226,0.6821077368058727,0.215611963310039,0.4664957734958336,0.3299025056153753,0.6079769311482784,0.0001999800019998,10000.0,0.0004052226356311,True,,,,,,,,
task_paired_bootstrap,vdss_lombardo,Spearman,trimole_hybrid,oof_stacking,1;2;3;4;5,101;202;303;404;505,226,0.6821077368058727,0.1179241964804783,0.5641835403253943,0.4140261605350032,0.7139957421975553,0.0001999800019998,10000.0,0.0004052226356311,True,,,,,,,,
task_paired_bootstrap,vdss_lombardo,Spearman,trimole_hybrid,per_task_single,1;2;3;4;5,101;202;303;404;505,226,0.6821077368058727,0.215611963310039,0.4664957734958336,0.3264692825608952,0.6048197517128037,0.0001999800019998,10000.0,0.0004052226356311,True,,,,,,,,
task_paired_bootstrap,vdss_lombardo,Spearman,trimole_hybrid,uniform_average,1;2;3;4;5,101;202;303;404;505,226,0.6821077368058727,0.0613434968281669,0.6207642399777057,0.4634603180283048,0.7666290343948317,0.0001999800019998,10000.0,0.0004052226356311,True,,,,,,,,
task_paired_bootstrap,vdss_lombardo,Spearman,trimole_hybrid,validation_top2_average,1;2;3;4;5,101;202;303;404;505,226,0.6821077368058727,0.1438695366951644,0.5382382001107082,0.3929239747881513,0.6806903355675815,0.0001999800019998,10000.0,0.0004052226356311,True,,,,,,,,
task_paired_bootstrap,vdss_lombardo,Spearman,trimole_hybrid,validation_top3_average,1;2;3;4;5,101;202;303;404;505,226,0.6821077368058727,0.0613434968281669,0.6207642399777057,0.4633698081574411,0.7681162482392305,0.0001999800019998,10000.0,0.0004052226356311,True,,,,,,,,
